id,date,time,country,nearest_places,hazard_type,landslide_type,trigger,storm_name,fatalities,injuries,source_name,source_link,location_description,location_accuracy,landslide_size,photos_link,cat_src,cat_id,countryname,near,distance,adminname1,adminname2,population,countrycode,continentcode,key,version,tstamp,changeset_id,latitude,longitude,geolocation
35,03/12/2007,,India,Jammu-Srinagar highway,landslide,Landslide,Rain,,2,,Tribune India.com,http://www.tribuneindia.com/2007/20070313/j&k.htm#2,,Known_within_50_km,Medium,,glc,35,India,Srinagar,10.003349999999999,Kashmir,,975857,IN,AS,hJ3DufgK4,1,Tue Apr 01 2014 00:00:00 GMT+0000 (UTC),1,34.093499999999999,74.911199999999994,"(34.093499999999999, 74.911199999999994)"
37,03/19/2007,,India,Doba,landslide,Landslide,Rain,,2,,Tribune India.com,,,Known_within_25_km,Medium,,glc,37,India,KupwƒÅra,18.10887,Kashmir,IN.12.KupwƒÅra,14711,IN,AS,DJb4lyFQ7,1,Tue Apr 01 2014 00:00:00 GMT+0000 (UTC),1,33.877800000000001,74.333299999999994,"(33.877800000000001, 74.333299999999994)"
57,04/11/2007,,India,"Sikkim, 13 km north of Gangtok",landslide,Landslide,Downpour,,,,WebIndia123.com,http://news.webindia123.com/news/ar_showdetails.asp?id=704100915&cat=&n_date=20070410,,Known_within_5_km,Medium,,glc,57,India,Mangan,11.927490000000001,,,1464,IN,AS,DJuaDtBc4,1,Tue Apr 01 2014 00:00:00 GMT+0000 (UTC),1,27.445900000000002,88.619299999999996,"(27.445900000000002, 88.619299999999996)"
73,05/08/2007,,India,"Jammu-Srinagar hwy, Samarouli in Ramban district",landslide,Landslide,Rain,,,,ICL,,,Known_within_50_km,Medium,,glc,73,India,RƒÅmban,0.79654,Kashmir,,7317,IN,AS,DJHwuqgB4,1,Tue Apr 01 2014 00:00:00 GMT+0000 (UTC),1,33.241999999999997,75.230999999999995,"(33.241999999999997, 75.230999999999995)"
78,05/23/2007,,India,"Pangthang, on road b/t Gangtok and North Sikkim",landslide,Landslide,Rain,,,,Sikkim times.com,http://www.thestatesman.net/page.arcview.php?clid=10&id=184730&usrsess=1,,Known_within_50_km,Medium,,glc,78,India,Gangtok,1.48585,Sikkim,,30700,IN,AS,S5dfhtcBW,1,Tue Apr 01 2014 00:00:00 GMT+0000 (UTC),1,27.3383,88.606899999999996,"(27.3383, 88.606899999999996)"
93,06/13/2007,,India,"Indira Bypass, Amdo Golai",landslide,Landslide,Rain,,,,Liveleak.com,http://www.liveleak.com/view?i=6f2_1188615914&c=1,,Known_within_25_km,Small,,glc,93,India,Shiliguri,3.15411,Bengal,,515574,IN,AS,hJ9uhuBc4,1,Tue Apr 01 2014 00:00:00 GMT+0000 (UTC),1,26.732399999999998,88.408900000000003,"(26.732399999999998, 88.408900000000003)"
94,06/15/2007,,India,National Highway 31A at Sevoke,landslide,Landslide,Rain,,,,Kalimpong.info,http://www.kalimpong.info/2007/06/15/landslide-hits-highway-raging-river-threatens-to-wreak-havoc/,,Known_within_25_km,Medium,,glc,94,India,OdlƒÅbƒÅri,10.70327,Bengal,,12311,IN,AS,hJGbDZBQU,1,Tue Apr 01 2014 00:00:00 GMT+0000 (UTC),1,26.8096,88.525999999999996,"(26.8096, 88.525999999999996)"
97,06/25/2007,,India,Ratnagiri,landslide,Landslide,Rain,,18,,United Nations Development Programme - Relief Web,http://www.reliefweb.int/rw/RWB.NSF/db900SID/MCON-74J2QF?OpenDocument,,Known_within_15_km,Medium,,glc,97,India,LƒÅnja,11.96851,Maharashtra,,13121,IN,AS,s5cl8ydQ7,1,Tue Apr 01 2014 00:00:00 GMT+0000 (UTC),1,16.9648,73.518900000000002,"(16.9648, 73.518900000000002)"
98,06/25/2007,,India,Karimnagar,landslide,Landslide,Rain,,10,,United Nations Development Programme - Relief Web,http://www.reliefweb.int/rw/RWB.NSF/db900SID/MCON-74J2QF?OpenDocument,,Known_within_25_km,Medium,,glc,98,India,Karƒ´mnagar,2.36029,Andhra Pradesh,,228745,IN,AS,sJVYq8KB7,1,Tue Apr 01 2014 00:00:00 GMT+0000 (UTC),1,18.431000000000001,79.149199999999993,"(18.431000000000001, 79.149199999999993)"
99,06/25/2007,,India,Mumbai,landslide,Landslide,Rain,,2,,United Nations Development Programme - Relief Web,http://www.reliefweb.int/rw/RWB.NSF/db900SID/MCON-74J2QF?OpenDocument,,Known_within_25_km,Medium,,glc,99,India,Mumbai,5.589,Maharashtra,Konkan Division,12691836,IN,AS,sG6R6fdQU,1,Tue Apr 01 2014 00:00:00 GMT+0000 (UTC),1,19.029800000000002,72.910399999999996,"(19.029800000000002, 72.910399999999996)"
100,06/25/2007,,India,Kozhikode,landslide,Landslide,Rain,,,,,http://www.reliefweb.int/rw/RWB.NSF/db900SID/MCON-74J2QF?OpenDocument,,Known_within_50_km,Medium,,glc,100,India,Kozhikode,5.8806,Kerala,Kozhikode,439922,IN,AS,S9eJdfFKW,1,Tue Apr 01 2014 00:00:00 GMT+0000 (UTC),1,11.2738,75.827500000000001,"(11.2738, 75.827500000000001)"
101,06/25/2007,,India,Wayanad,landslide,Landslide,Monsoon,,4,,United Nations Development Programme - Relief Web,http://www.reliefweb.int/rw/RWB.NSF/db900SID/MCON-74J2QF?OpenDocument,Unknown,Known_within_50km,Large,,glc,101,India,Panamaram,3.87096,Kerala,,11651,IN,AS,hG2_DzdbvM,2,Fri Jan 08 2016 23:23:44 GMT+0000 (UTC),2499414314,11.7095,76.073999999999998,"(11.7095, 76.073999999999998)"
102,06/25/2007,,India,Kurnool,landslide,Landslide,Rain,,,,,http://www.reliefweb.int/rw/RWB.NSF/db900SID/MCON-74J2QF?OpenDocument,,Known_within_15_km,Medium,,glc,102,India,ƒÄlampur,10.536860000000001,Andhra Pradesh,,14060,IN,AS,DGdCtkBBW,1,Tue Apr 01 2014 00:00:00 GMT+0000 (UTC),1,15.8294,78.0501,"(15.8294, 78.0501)"
103,06/25/2007,,India,Cuddappa,landslide,Landslide,Rain,,,,,http://www.reliefweb.int/rw/RWB.NSF/db900SID/MCON-74J2QF?OpenDocument,,Known_within_15_km,Medium,,glc,103,India,Cuddapah,0.87095,Andhra Pradesh,,127010,IN,AS,sJkrdkBBW,1,Tue Apr 01 2014 00:00:00 GMT+0000 (UTC),1,14.4702,78.820499999999996,"(14.4702, 78.820499999999996)"
104,06/25/2007,,India,Prakasam,landslide,Landslide,Rain,,,,,http://www.reliefweb.int/rw/RWB.NSF/db900SID/MCON-74J2QF?OpenDocument,,Unknown,Medium,,glc,104,India,Kondapalle,8.53133,Andhra Pradesh,,38714,IN,AS,h5f41ncK4,1,Tue Apr 01 2014 00:00:00 GMT+0000 (UTC),1,16.6252,80.612799999999993,"(16.6252, 80.612799999999993)"
111,07/02/2007,,India,Jammu-Srinagar highway between Ramban and Srinagar,landslide,Landslide,Downpour,,,,Red Cross - Field reports,https://web.archive.org/web/20090211075301/http://tribuneindia.com/2007/20070703/j&k.htm#1,,Known_within_25_km,Medium,,glc,111,India,RƒÅmban,0.16739,Kashmir,,7317,IN,AS,s5CxtyFQW,1,Tue Apr 01 2014 00:00:00 GMT+0000 (UTC),1,33.244313499999997,75.22742083,"(33.244313499999997, 75.22742083)"
126,07/16/2007,,India,Bardang near Singtam,landslide,Mudslide,Rain,,,,thestatesman.net,http://www.thestatesman.net/page.news.php?clid=10&theme=&usrsess=1&id=162949,,Known_within_15_km,Medium,,glc,126,India,Namchi,2.01104,Sikkim,,1147,IN,AS,h578DtQQ7,1,Tue Apr 01 2014 00:00:00 GMT+0000 (UTC),1,27.149899999999999,88.38,"(27.149899999999999, 88.38)"
130,07/19/2007,,India,Guwahati,landslide,Landslide,Rain,,6,,Saharas Samay,http://www.saharasamay.com/samayhtml/articles.aspx?newsid=80536,,Known_within_15_km,Medium,,glc,130,India,Dispur,3.80164,Assam,,2000,IN,AS,S9ptgZQc7,1,Tue Apr 01 2014 00:00:00 GMT+0000 (UTC),1,26.169899999999998,91.798599999999993,"(26.169899999999998, 91.798599999999993)"
131,07/20/2007,,India,4 locations in the Kannur district,landslide,Landslide,Downpour,,,,Red Cross - Field reports,https://www-secure.ifrc.org/dmis/prepare/view_report.asp?ReportID=2971,,Known_within_10_km,Medium,,glc,131,India,Cannanore,1.43277,Kerala,,62836,IN,AS,hGuEZfFKW,1,Tue Apr 01 2014 00:00:00 GMT+0000 (UTC),1,11.855,75.361000000000004,"(11.855, 75.361000000000004)"
133,07/21/2007,,India,Beldanga,landslide,Landslide,Rain,,1,,Zeenews.com,,,Known_within_50_km,Medium,,glc,133,India,BeldƒÅnga,2.35894,Bengal,,27489,IN,AS,SGwQ9PBK4,1,Tue Apr 01 2014 00:00:00 GMT+0000 (UTC),1,23.930399999999999,88.237399999999994,"(23.930399999999999, 88.237399999999994)"
141,07/26/2007,,India,Singtam,landslide,Landslide,Rain,,,,thestatesman.net,http://www.thestatesman.net/page.news.php?clid=10&theme=&usrsess=1&id=164069,,Known_within_50_km,Medium,,glc,141,India,Cherrapunji,19.36242,MeghƒÅlaya,,11090,IN,AS,h9BdFZBB7,1,Tue Apr 01 2014 00:00:00 GMT+0000 (UTC),1,25.38,91.88,"(25.38, 91.88)"
142,07/27/2007,,India,Tura,landslide,Rockfall,Rain,,8,,Telegraph India,http://telegraphindia.com/1070728/asp/frontpage/story_8116912.asp,,Known_within_10_km,Large,,glc,142,India,Tura,0.94369,MeghƒÅlaya,,63645,IN,AS,SGC7hPBQU,1,Tue Apr 01 2014 00:00:00 GMT+0000 (UTC),1,25.5212,90.231999999999999,"(25.5212, 90.231999999999999)"
143,07/28/2007,,India,Vasco,landslide,Landslide,Rain,,,,Oheraldo news,http://oheraldo.in/node/27006,,Known_within_5_km,Medium,,glc,143,India,VƒÅsco Da GƒÅma,1.42927,Goa,,100485,IN,AS,D9sH8TFQW,1,Tue Apr 01 2014 00:00:00 GMT+0000 (UTC),1,15.401400000000001,73.827699999999993,"(15.401400000000001, 73.827699999999993)"
146,07/30/2007,,India,Uttarkashi district,landslide,Landslide,Downpour,,2,,Red Cross - Field reports,https://www-secure.ifrc.org/dmis/prepare/view_report.asp?ReportID=2987,,Known_within_50_km,Medium,,glc,146,India,UttarkƒÅshi,0.54749,Uttarakhand,,17123,IN,AS,s5xgmkcQU,1,Tue Apr 01 2014 00:00:00 GMT+0000 (UTC),1,30.733000000000001,78.438999999999993,"(30.733000000000001, 78.438999999999993)"
147,07/30/2007,,India,Lawngtlai,landslide,Landslide,Downpour,,,,Red Cross - Field reports,https://www-secure.ifrc.org/dmis/prepare/view_report.asp?ReportID=2987,,Known_within_15_km,Medium,,glc,147,India,Saiha,9.62825,Mizoram,,22654,IN,AS,hGrFFuBcW,1,Tue Apr 01 2014 00:00:00 GMT+0000 (UTC),1,22.533000000000001,92.899000000000001,"(22.533000000000001, 92.899000000000001)"
148,07/30/2007,,India,Saiha,landslide,Landslide,Downpour,,,,Red Cross - Field reports,https://www-secure.ifrc.org/dmis/prepare/view_report.asp?ReportID=2987,,Known_within_15_km,Medium,,glc,148,India,Saiha,2.05477,Mizoram,,22654,IN,AS,hJvgdZKB4,1,Tue Apr 01 2014 00:00:00 GMT+0000 (UTC),1,22.478999999999999,92.966999999999999,"(22.478999999999999, 92.966999999999999)"
149,07/30/2007,,India,Joshimath,landslide,Landslide,Downpour,,,,Red Cross - Field reports,https://www-secure.ifrc.org/dmis/prepare/view_report.asp?ReportID=2987,,Known_within_50_km,Medium,,glc,149,India,Joshƒ´math,0.6405,Uttarakhand,,13865,IN,AS,hGTUfnccW,1,Tue Apr 01 2014 00:00:00 GMT+0000 (UTC),1,30.556999999999999,79.56,"(30.556999999999999, 79.56)"
150,07/30/2007,,India,Chamoli,landslide,Landslide,Downpour,,,,Red Cross - Field reports,https://www-secure.ifrc.org/dmis/prepare/view_report.asp?ReportID=2987,,Known_within_50_km,Medium,,glc,150,India,Pƒ´palkoti,8.34102,Uttarakhand,Chamoli district,2000,IN,AS,DJtxTnKB7,1,Tue Apr 01 2014 00:00:00 GMT+0000 (UTC),1,30.4,79.349000000000004,"(30.4, 79.349000000000004)"
151,08/02/2007,,India,Kurseong,landslide,Mudslide,Rain,,3,,thestatesman.net,http://www.thestatesman.net/page.news.php?clid=1&theme=&usrsess=1&id=164902,,Known_within_15_km,Medium,,glc,151,India,KƒÅrsiyƒÅng,0.89953,Bengal,,46427,IN,AS,D9dw5ZBQU,1,Tue Apr 01 2014 00:00:00 GMT+0000 (UTC),1,26.890499999999999,88.278899999999993,"(26.890499999999999, 88.278899999999993)"
157,08/06/2007,,India,"Srinagar-Jammu Highway, RƒÅmban District",landslide,Landslide,Rain,,,,Kashmir Observer.com,http://www.kashmirobserver.com/index.php?id=2992,,Known_within_25_km,Medium,,glc,157,India,RƒÅmban,1.36072,Kashmir,,7317,IN,AS,h5FatfgB4,1,Tue Apr 01 2014 00:00:00 GMT+0000 (UTC),1,33.245100000000001,75.225700000000003,"(33.245100000000001, 75.225700000000003)"
162,08/07/2007,,India,Canacona,landslide,Landslide,Rain,,,,navhindtimes.com,http://www.navhindtimes.com/articles.php?Story_ID=080842,,Known_within_10_km,Medium,,glc,162,India,KƒÅnkon,2.26279,Goa,,12444,IN,AS,sJR_8ydQ4,1,Tue Apr 01 2014 00:00:00 GMT+0000 (UTC),1,15.0296,74.025300000000001,"(15.0296, 74.025300000000001)"
166,08/09/2007,,India,Mangalore,landslide,Landslide,Rain,,,,Daijiworld.com,,,Known_within_10_km,Medium,,glc,166,India,Mangalore,4.93601,Karnataka,,417387,IN,AS,s9Cpkqgc7,1,Tue Apr 01 2014 00:00:00 GMT+0000 (UTC),1,12.8733,74.848100000000002,"(12.8733, 74.848100000000002)"
173,08/11/2007,,India,Rishikesh,landslide,Landslide,Rain,,,,Asian News International - Daily India,http://www.dailyindia.com/show/164988.php/Landslides-leave-scores-of-passengers-stranded-in-Uttarakhand,,Unknown,Medium,,glc,173,India,Birbhaddar,2.00924,Uttarakhand,,13058,IN,AS,hJvSglQc4,1,Tue Apr 01 2014 00:00:00 GMT+0000 (UTC),1,30.0702,78.302700000000002,"(30.0702, 78.302700000000002)"
177,08/12/2007,,India,"Himachal Pradesh, all over",landslide,Landslide,Rain,,11,,,http://himachal.us/2007/08/13/11-dead-in-himachal-as-rain-throws-life-out-of-gear/2654/general/himachal-news,,Unknown,Medium,,glc,177,India,Kyelang,56.128450000000001,Himachal Pradesh,,14182,IN,AS,s58xtlKK7,1,Tue Apr 01 2014 00:00:00 GMT+0000 (UTC),1,32.733400000000003,77.591399999999993,"(32.733400000000003, 77.591399999999993)"
178,08/12/2007,,India,Kangra,landslide,Landslide,Rain,,2,,The hindu.com,http://www.hindu.com/thehindu/holnus/004200708121524.htm,,Known_within_15_km,Large,,glc,178,India,KƒÅngra,1.0057,Himachal Pradesh,,9158,IN,AS,s5oIdfdc4,1,Tue Apr 01 2014 00:00:00 GMT+0000 (UTC),1,32.098500000000001,76.266499999999994,"(32.098500000000001, 76.266499999999994)"
181,08/13/2007,,India,Koti railway station,landslide,Landslide,Rain,,,,The hindu.com,,,Known_within_5_km,Medium,,glc,181,India,Gaddi Annaram,3.66644,Andhra Pradesh,,53622,IN,AS,s9wbFnBcW,1,Tue Apr 01 2014 00:00:00 GMT+0000 (UTC),1,17.389500000000002,78.498999999999995,"(17.389500000000002, 78.498999999999995)"
183,08/14/2007,,India,"Himachal Pradesh, Shimla district, Ghanvi village",landslide,Complex,Downpour,,52,,One India,http://news.oneindia.in/2007/08/18/cm-visits-cloudburst-affected-ghanvi-village-1187458326.html,,Known_within_50_km,Very_large,,glc,183,India,BilƒÅra,10.50149,Rajasthan,,41710,IN,AS,sG6PlfgcU,1,Tue Apr 01 2014 00:00:00 GMT+0000 (UTC),1,26.220800000000001,73.610600000000005,"(26.220800000000001, 73.610600000000005)"
211,08/26/2007,,India,Tamenglong,landslide,Mudslide,Continuous_rain,3 days of rain,1,,kanglaonline.com,http://www.kanglaonline.com/index.php?template=headline&newsid=39058&typeid=1,,Known_within_5_km,Medium,,glc,211,India,Imphal,43.53546,Manipur,,223523,IN,AS,D9cagtcB4,1,Tue Apr 01 2014 00:00:00 GMT+0000 (UTC),1,24.966699999999999,93.55,"(24.966699999999999, 93.55)"
212,08/26/2007,,India,National Highway No 44 at Sonarpur in Meghalaya,landslide,Complex,Rain,,,,Newspost India.com,http://newspostindia.com/report-12963,,Unknown,Medium,,glc,212,India,Shillong,3.50078,MeghƒÅlaya,,132842,IN,AS,s5TegZBQ7,1,Tue Apr 01 2014 00:00:00 GMT+0000 (UTC),1,25.557600000000001,91.8506,"(25.557600000000001, 91.8506)"
213,08/26/2007,,India,Shillong Road at Kuliang in the Jaintia Hills,landslide,Landslide,Rain,,,,,http://www.telegraphindia.com/1070830/asp/northeast/story_8253906.asp,,Unknown,Medium,,glc,213,India,HƒÅflong,23.427409999999998,Assam,,39982,IN,AS,DGzaduQQU,1,Tue Apr 01 2014 00:00:00 GMT+0000 (UTC),1,25.294599999999999,92.8339,"(25.294599999999999, 92.8339)"
215,08/28/2007,,India,Phesema area at National Highway 39,landslide,Landslide,Rain,,1,,Newkerala,http://www.newkerala.com/july.php?action=fullnews&id=56364,,Known_within_50_km,Medium,,glc,215,India,Kohima,21.1995,NƒÅgƒÅland,,92113,IN,AS,sGp_gtBK7,1,Tue Apr 01 2014 00:00:00 GMT+0000 (UTC),1,25.742799999999999,93.913600000000002,"(25.742799999999999, 93.913600000000002)"
218,08/29/2007,,India,"Ghayabari-Tindharia on National Highway 55, near Darjeeling hills",landslide,Landslide,Rain,,,,thestatesman.net,http://www.thestatesman.net/page.arcview.php?clid=10&id=195422&usrsess=1,,Known_within_10_km,Medium,,glc,218,India,DƒÅrjiling,2.88137,Bengal,,123797,IN,AS,sGAKGucK4,1,Tue Apr 01 2014 00:00:00 GMT+0000 (UTC),1,27.009599999999999,88.254800000000003,"(27.009599999999999, 88.254800000000003)"
219,08/31/2007,,India,Biswakharka Village in Gulmi,landslide,Landslide,Rain,,2,,Kantipuronline.com,"http://64.233.169.104/search?q=cache:sdQDbZPO11wJ:www.kantipuronline.com/kolnews.php?nid=121071+KATHMANDU,+Aug+31+-+Two+minors+were+killed+and+five+others+were+injured+Friday+when+landslides&hl=en&ct=clnk&cd=2&gl=us&client=firefox-a",,Known_within_50_km,Medium,,glc,219,Nepal,Py≈´thƒÅn,36.03051,Mid Western,RƒÅptƒ´ Zone,0,NP,AS,D9uIU8KK7,1,Tue Apr 01 2014 00:00:00 GMT+0000 (UTC),1,28.066700000000001,83.25,"(28.066700000000001, 83.25)"
220,08/31/2007,,India,"Velnal village, Tamei sub-division and Toribari village (3 kilometer toward Tamei from Kangpokpi)",landslide,Landslide,Rain,,,,kanglaonline.com,http://www.kanglaonline.com/index.php?template=headline&newsid=39138&typeid=2,,Known_within_25_km,Medium,,glc,220,India,Imphal,36.09995,Manipur,,223523,IN,AS,s9PVFZcB4,1,Tue Apr 01 2014 00:00:00 GMT+0000 (UTC),1,25.133299999999998,93.966700000000003,"(25.133299999999998, 93.966700000000003)"
221,08/31/2007,,India,between Bally Halt and Rajchandrapur stations in Kolkata,landslide,Landslide,Rain,,,,ExpressIndia,http://cities.expressindia.com/fullstory.php?newsid=254038,,Known_within_10_km,Medium,,glc,221,India,BƒÅli,0.28925,Bengal,,296973,IN,AS,S5yIDPQQU,1,Tue Apr 01 2014 00:00:00 GMT+0000 (UTC),1,22.646100000000001,88.340299999999999,"(22.646100000000001, 88.340299999999999)"
222,09/01/2007,,India,Maharashta on Konkan Railway between Nivsur and Ratnagiri,landslide,Landslide,Rain,,1,,The hindu.com,http://www.hindu.com/thehindu/holnus/004200709011250.htm,,Unknown,Medium,,glc,222,India,MƒÅkhjan,4.76264,Maharashtra,,10000,IN,AS,sJy8nqgcU,1,Tue Apr 01 2014 00:00:00 GMT+0000 (UTC),1,17.263400000000001,73.544600000000003,"(17.263400000000001, 73.544600000000003)"
231,09/05/2007,,India,Darjeeling Hills (Lebong - 10 km from Darjeeling,landslide,Landslide,Rain,,15,,The hindu.com,,,Known_within_5_km,Medium,,glc,231,India,DƒÅrjiling,0.79891,Bengal,,123797,IN,AS,hGpjGtQc7,1,Tue Apr 01 2014 00:00:00 GMT+0000 (UTC),1,27.06826195,88.28121204,"(27.06826195, 88.28121204)"
237,09/06/2007,,India,Pithoragarh,landslide,Landslide,Rain,,,,The hindu.com,,,Known_within_15_km,Large,,glc,237,India,PithorƒÅgarh,0.70042,Uttarakhand,,47571,IN,AS,SGJkw8KB4,1,Tue Apr 01 2014 00:00:00 GMT+0000 (UTC),1,29.583300000000001,80.216700000000003,"(29.583300000000001, 80.216700000000003)"
240,09/07/2007,,India,"NH-17, Panaji to Mapusa on Old Mandovi bridge, Goa",landslide,Landslide,Rain,,8,,navhindtimes.com,http://www.navhindtimes.com/articles.php?Story_ID=090817,,Known_within_5_km,Medium,,glc,240,India,Panaji,1.58349,Goa,,65586,IN,AS,s5BjnfgQ4,1,Tue Apr 01 2014 00:00:00 GMT+0000 (UTC),1,15.5063,73.836200000000005,"(15.5063, 73.836200000000005)"
241,09/07/2007,,India,"National Highway 31A between Rangpo and Tarkhola, in East Sikkim",landslide,Landslide,Rain,,,,thestatesman.net,http://www.thestatesman.net/page.news.php?clid=10&id=169368&usrsess=1,,Known_within_15_km,Large,,glc,241,India,SingtƒÅm,3.70067,,,6133,IN,AS,S5acStcQW,1,Tue Apr 01 2014 00:00:00 GMT+0000 (UTC),1,27.201000000000001,88.488299999999995,"(27.201000000000001, 88.488299999999995)"
242,09/07/2007,,India,"Darjeeling Hills, multiple villages in area (Kurseong, Kalimpong, Bhalukopa, Kukhleinkhani)",landslide,Landslide,Rain,,,,The hindu.com,http://www.hindu.com/thehindu/holnus/001200709072070.htm,,Known_within_25_km,Medium,,glc,242,India,KƒÅrsiyƒÅng,0.6035,Bengal,,46427,IN,AS,s5vDSPKc7,1,Tue Apr 01 2014 00:00:00 GMT+0000 (UTC),1,26.883299999999998,88.283299999999997,"(26.883299999999998, 88.283299999999997)"
247,09/08/2007,,India,"Lower Shajouba village near Tadubi along NH 39, Manipur ",landslide,Landslide,Rain,,,,kanglaonline.com,http://www.kanglaonline.com/index.php?template=headline&newsid=39218&typeid=2,,Known_within_50_km,Medium,,glc,247,India,Imphal,28.296099999999999,Manipur,,223523,IN,AS,D9UVFZcKW,1,Tue Apr 01 2014 00:00:00 GMT+0000 (UTC),1,25.060400000000001,93.987700000000004,"(25.060400000000001, 93.987700000000004)"
251,09/09/2007,,India,Hingdam village in South Sikkim,landslide,Landslide,Rain,,1,,Sikkim times.com,http://sikkimnews.blogspot.com/,,Known_within_50_km,Medium,,glc,251,India,Namchi,1.61449,Sikkim,,1147,IN,AS,DJX6suKK4,1,Tue Apr 01 2014 00:00:00 GMT+0000 (UTC),1,27.166699999999999,88.35,"(27.166699999999999, 88.35)"
252,09/09/2007,,India,"Mao in Manipur, Phipema and Chunikhudima in Nagaland",landslide,Landslide,Rain,,,,kanglaonline.com,http://www.kanglaonline.com/index.php?template=headline&newsid=39229&typeid=2,,Known_within_25_km,Medium,,glc,252,India,Kohima,19.445630000000001,NƒÅgƒÅland,,92113,IN,AS,sJJ1FZBQ4,1,Tue Apr 01 2014 00:00:00 GMT+0000 (UTC),1,25.499300000000002,94.119200000000006,"(25.499300000000002, 94.119200000000006)"
255,09/10/2007,,India,Wamkhu village along the Tengnoupal-Joupi road in Chandel district,landslide,Landslide,Rain,,,,e-Pao.net,http://www.e-pao.net/GP.asp?src=Snipp7..120907.sep07,,Known_within_25_km,Medium,,glc,255,India,Kakching,29.41705,Manipur,,30418,IN,AS,DGtdKuKc4,1,Tue Apr 01 2014 00:00:00 GMT+0000 (UTC),1,24.245100000000001,94.069100000000006,"(24.245100000000001, 94.069100000000006)"
256,09/10/2007,,India,Rhodong village near Rhey in East Sikkim,landslide,Landslide,Rain,,,,Telegraph India,http://www.telegraphindia.com/1070911/asp/siliguri/story_8300563.asp,,Known_within_10_km,Medium,,glc,256,India,Gangtok,2.17536,Sikkim,,30700,IN,AS,D9K_htccW,1,Tue Apr 01 2014 00:00:00 GMT+0000 (UTC),1,27.342500000000001,88.623599999999996,"(27.342500000000001, 88.623599999999996)"
258,09/11/2007,,India,"NH-39 at Imphal-Moreh section, Lokchao largest event",landslide,Landslide,Rain,,3,,kanglaonline.com,http://www.kanglaonline.com/index.php?template=headline&newsid=39255&typeid=1,,Known_within_50_km,Medium,,glc,258,India,Kakching,10.89373,Manipur,,30418,IN,AS,SGjdQtKK4,1,Tue Apr 01 2014 00:00:00 GMT+0000 (UTC),1,24.427900000000001,94.056399999999996,"(24.427900000000001, 94.056399999999996)"
259,09/11/2007,,India,"Assam-Agartala National Highway, Sonarpur in Jayantiya hills of Meghalaya",landslide,Landslide,Rain,,,,India times,http://timesofindia.indiatimes.com/India/Flood-hit_Tripura_Mizoram_remain_cut_off_for_seventh_day/articleshow/2380211.cms,,Unknown,Medium,,glc,259,India,Nongstoin,0.4599,MeghƒÅlaya,,25758,IN,AS,hJzgQPQc7,1,Tue Apr 01 2014 00:00:00 GMT+0000 (UTC),1,25.52,91.27,"(25.52, 91.27)"
260,09/11/2007,,India,"National Highway 31A, between Singtam and Rangpo",landslide,Debris_Flow,Rain,,,,thestatesman.net,http://www.thestatesman.net/page.news.php?clid=10&theme=&usrsess=1&id=169578,,Known_within_5_km,Medium,,glc,260,India,SingtƒÅm,2.84126,,,6133,IN,AS,hJoKSuQB4,1,Tue Apr 01 2014 00:00:00 GMT+0000 (UTC),1,27.208400000000001,88.490899999999996,"(27.208400000000001, 88.490899999999996)"
264,09/13/2007,,India,Guwahati,landslide,Landslide,Rain,,,,Saharas Samay,http://www.saharasamay.com/samayhtml/articles.aspx?newsid=84791,,Known_within_10_km,Medium,,glc,264,India,Dispur,5.28094,Assam,,2000,IN,AS,DJ0FBZQcW,1,Tue Apr 01 2014 00:00:00 GMT+0000 (UTC),1,26.183299999999999,91.8,"(26.183299999999999, 91.8)"
269,09/18/2007,,India,Geyzing-Jorethang road and Naya Bazar-Legship road,landslide,Landslide,Rain,,,,thestatesman.net,http://www.thestatesman.net/page.arcview.php?clid=10&id=198313&usrsess=1,,Known_within_50_km,Medium,,glc,269,India,Namchi,16.109120000000001,Sikkim,,1147,IN,AS,S9osSPBQ7,1,Tue Apr 01 2014 00:00:00 GMT+0000 (UTC),1,27.287199999999999,88.281599999999997,"(27.287199999999999, 88.281599999999997)"
274,09/20/2007,,India,"Multiple places along 31A, Tarkhola area in Kalimpong district and Sevoke in WB",landslide,Landslide,Rain,,,,Daily India,http://www.dailyindia.com/show/176095.php/Frequent-landslides-in-Bengal-Sikkim-damage-highways,,Known_within_50_km,Medium,,glc,274,India,KƒÅlimpang,2.26284,Bengal,,43000,IN,AS,D9AthtBQU,1,Tue Apr 01 2014 00:00:00 GMT+0000 (UTC),1,27.087499999999999,88.4572,"(27.087499999999999, 88.4572)"
279,09/23/2007,,India,"NH6, Sambalpur town before Mahanadi bridge",landslide,Landslide,Rain,,,,thestatesmen.net,http://www.thestatesman.net/page.news.php?clid=9&theme=&usrsess=1&id=171189,,Known_within_15_km,Medium,,glc,279,India,Sambalpur,2.62739,Orissa,,162887,IN,AS,hJbDilcc7,1,Tue Apr 01 2014 00:00:00 GMT+0000 (UTC),1,21.463999999999999,83.946200000000005,"(21.463999999999999, 83.946200000000005)"
285,09/29/2007,,India,"National Highway, 45 Aizwal (Mizoram)",landslide,Landslide,Rain,,,,Newkerala,http://www.newkerala.com/oct.php?action=fullnews&id=7498,,Known_within_50_km,Medium,,glc,285,India,Kolasib,10.56357,Mizoram,,25000,IN,AS,S9ZbBPQB4,1,Tue Apr 01 2014 00:00:00 GMT+0000 (UTC),1,24.129300000000001,92.692099999999996,"(24.129300000000001, 92.692099999999996)"
313,10/16/2007,,India,"NH-39 at Piphema,  6 km towards Dimapur from Kohima in Nagaland",landslide,Landslide,Rain,,,,kanglaonline.com,http://www.kanglaonline.com/index.php?template=headline&newsid=39638&typeid=2,,Known_within_5_km,Large,,glc,313,India,Kohima,10.39298,NƒÅgƒÅland,,92113,IN,AS,D5eeKtKc4,1,Tue Apr 01 2014 00:00:00 GMT+0000 (UTC),1,25.705500000000001,94.013199999999998,"(25.705500000000001, 94.013199999999998)"
319,10/19/2007,,India,"Maram-Purul Road, Karong Assembly Constituency of Senapati district, Manipur",landslide,Landslide,Rain,,,,e-Pao.net,http://www.e-pao.net/GP.asp?src=5..211007.oct07,,Known_within_50_km,Medium,,glc,319,India,Kohima,26.235230000000001,NƒÅgƒÅland,,92113,IN,AS,DGnxcuQBW,1,Tue Apr 01 2014 00:00:00 GMT+0000 (UTC),1,25.437899999999999,94.116200000000006,"(25.437899999999999, 94.116200000000006)"
322,10/21/2007,,India,National Highway 53 at Nungba in Tamenglong district of Manipur,landslide,Landslide,Rain,,,,Hmar.net,http://hmar.net/?p=1870,,Known_within_15_km,Medium,,glc,322,India,Lakhipur,43.162869999999998,Assam,,12871,IN,AS,D5xzcPQQU,1,Tue Apr 01 2014 00:00:00 GMT+0000 (UTC),1,24.75,93.433300000000003,"(24.75, 93.433300000000003)"
324,10/25/2007,,India,Salem - Yercaud ghat road,landslide,Landslide,Rain,,1,,New India Press,http://www.newindpress.com/NewsItems.asp?ID=IET20071026025952&Page=T&Headline=Landslide+in+Yercaud&Title=Southern+News+-+Tamil+Nadu&Topic=0,,Known_within_15_km,Medium,,glc,324,India,Salem,14.979089999999999,Tamil NƒÅdu,,778396,IN,AS,sJGDdncK7,1,Tue Apr 01 2014 00:00:00 GMT+0000 (UTC),1,11.779199999999999,78.203400000000002,"(11.779199999999999, 78.203400000000002)"
326,10/26/2007,,India,"Nilgiri, Nondimedu on the Ooty-Coonoor road",landslide,Landslide,Rain,,,,India Times,http://timesofindia.indiatimes.com/Bangalore/Woman_killed_in_Nilgiri_landslides/articleshow/2494313.cms,,Known_within_15_km,Large,,glc,326,India,Ooty,0.97335,Tamil Nadu,,98238,IN,AS,s9mKgTdcU,1,Tue Apr 01 2014 00:00:00 GMT+0000 (UTC),1,11.4046,76.695300000000003,"(11.4046, 76.695300000000003)"
336,10/30/2007,,India,"bridge between Coonoor and Barliar, Tamil Nadu",landslide,Landslide,Rain,,2,,The hindu.com,http://www.hindu.com/thehindu/holnus/004200710311922.htm,,Unknown,Medium,,glc,336,India,Annur,5.01776,Tamil Nadu,,19962,IN,AS,hG4hByFc7,1,Tue Apr 01 2014 00:00:00 GMT+0000 (UTC),1,11.277699999999999,77.123599999999996,"(11.277699999999999, 77.123599999999996)"
395,12/16/2007,,India,"Leh , Jammu and Kashmir",landslide,Landslide,Rain,,13,,India times.com,http://timesofindia.indiatimes.com/2_soldiers_killed_in_Leh_landslide/articleshow/2626698.cms,,Known_within_15_km,Medium,,glc,395,India,Leh,1.69993,Kashmir,,37475,IN,AS,h9Oet8KQ7,1,Tue Apr 01 2014 00:00:00 GMT+0000 (UTC),1,34.18,77.58,"(34.18, 77.58)"
410,01/06/2008,,India,"Kandi Canal Project, Gandoh area, Doda district, Kashmir",landslide,Landslide,Rain,,1,,,http://naknews.co.in/newsdet.aspx?q=11356,,Known_within_15_km,Medium,,glc,410,India,Doda,0.3282,Kashmir,,17748,IN,AS,S9HWZfFB7,1,Tue Apr 01 2014 00:00:00 GMT+0000 (UTC),1,33.151699999999998,75.546400000000006,"(33.151699999999998, 75.546400000000006)"
416,01/07/2008,,India,"between Banihal and Batote, Udhampur, National Highway, Jammu",landslide,Landslide,Rain,,,,,http://www.tribuneindia.com/2008/20080108/j&k.htm,,Known_within_25_km,Medium,,glc,416,India,BanihƒÅl,2.06191,Kashmir,,3278,IN,AS,D5J7wJe2Fs,2,Mon Sep 15 2014 15:15:43 GMT+0000 (UTC),1448407233,33.434100000000001,75.192300000000003,"(33.434100000000001, 75.192300000000003)"
419,01/09/2008,,India,"Panthihal near Ramban,  Srinagar-Jammu highway",landslide,Landslide,Rain,,,,,http://www.greaterkashmir.com/full_story.asp?Date=10_1_2008&ItemID=43&cat=1,,Known_within_15_km,Medium,,glc,419,India,RƒÅmban,0.16739,Kashmir,,7317,IN,AS,S51VuqmQ4,1,Tue Apr 01 2014 00:00:00 GMT+0000 (UTC),1,33.237380850000001,75.245282259999996,"(33.237380850000001, 75.245282259999996)"
428,01/16/2008,,India,"Panthihal, Srinagar-Jammu highway",landslide,Landslide,Snowfall_snowmelt,,,,FluTrackers,http://www.flutrackers.com/forum/showthread.php?t=53065,,Known_within_50_km,Medium,,glc,428,India,RƒÅmban,3.88578,Kashmir,,7317,IN,AS,h5ZzUWO1ms,2,Mon Sep 15 2014 20:24:33 GMT+0000 (UTC),834933422,33.253700000000002,75.200599999999994,"(33.253700000000002, 75.200599999999994)"
443,02/03/2008,,India,"near Jawahar, along Sringar Jammu highway",landslide,Landslide,Rain,,,,The Indian Express,http://archive.indianexpress.com/news/landslide-gridlocks-jammu-srinagar-highway/1069110/,,Known_within_25_km,Medium,,glc,443,India,Srinagar,3.24684,Kashmir,,975857,IN,AS,sGbLtD_1FS,2,Mon Sep 15 2014 15:20:24 GMT+0000 (UTC),2368472991,34.061399999999999,74.816199999999995,"(34.061399999999999, 74.816199999999995)"
448,02/08/2008,,India,Kodaikanal,landslide,Landslide,Rain,,,,,http://www.newindpress.com/NewsItems.asp?ID=IET20080210024010&Page=T&Title=Southern+News+-+Tamil+Nadu&Topic=0,,Known_within_15_km,Medium,,glc,448,India,Bangalore,1.7211,KarnƒÅtaka,,5104047,IN,AS,sG82PkBK4,1,Tue Apr 01 2014 00:00:00 GMT+0000 (UTC),1,12.975199999999999,77.609200000000001,"(12.975199999999999, 77.609200000000001)"
451,02/13/2008,,India,Alwarpet in Coonoor,landslide,Landslide,Rain,,,,,http://www.hindu.com/thehindu/holnus/004200802131242.htm,,Known_within_10_km,Medium,,glc,451,India,Wellington,1.94569,Tamil Nadu,,20254,IN,AS,S9WjdqdKW,1,Tue Apr 01 2014 00:00:00 GMT+0000 (UTC),1,11.3484,76.793700000000001,"(11.3484, 76.793700000000001)"
452,02/13/2008,,India,"Ramban, near Sringar-Jammu highway",landslide,Landslide,Rain,,,,,http://www.ptinews.com/pti%5Cptisite.nsf/0/5E37CDDA943CC9DF652573EE002FE65A?OpenDocument,,Known_within_10_km,Medium,,glc,452,India,RƒÅmban,0.25202,Kashmir,,7317,IN,AS,s95rtymQW,1,Tue Apr 01 2014 00:00:00 GMT+0000 (UTC),1,33.241799999999998,75.242000000000004,"(33.241799999999998, 75.242000000000004)"
481,03/17/2008,,India,"Nehrukund in Manali, Himachal Pradesh",landslide,Landslide,Snowfall_snowmelt,,25,,,http://www.thaindian.com/newsportal/uncategorized/a-dozen-feared-killed-in-himachal-pradesh-landslide_10028453.html,,Known_within_25_km,Medium,,glc,481,India,ManƒÅli,3.43787,Himachal Pradesh,,8341,IN,AS,sJPqnnjqgS,2,Thu Sep 11 2014 20:32:10 GMT+0000 (UTC),4165204597,32.286200000000001,77.161299999999997,"(32.286200000000001, 77.161299999999997)"
488,03/30/2008,,India,Biama area of Khalsi tehsil in Leh district,landslide,Landslide,Rain,,2,,,http://www.hindu.com/thehindu/holnus/002200803311141.htm,,Known_within_50_km,Medium,,glc,488,India,Leh,29.873190000000001,Kashmir,,37475,IN,AS,SG3EDnQQ7,1,Tue Apr 01 2014 00:00:00 GMT+0000 (UTC),1,34.219000000000001,77.266499999999994,"(34.219000000000001, 77.266499999999994)"
492,04/05/2008,,India,"Panthial, 170 kilometres from Jammu, Jammu-Srinagar highway",landslide,Landslide,Rain,,,,,http://www.dailyindia.com/show/230211.php/J-and-K-Highway-blocked-due-to-landslides,,Known_within_50_km,Medium,,glc,492,India,Awantƒ´pur,2.18023,Kashmir,,6807,IN,AS,S5YlPqgK7,1,Tue Apr 01 2014 00:00:00 GMT+0000 (UTC),1,33.933700000000002,74.998500000000007,"(33.933700000000002, 74.998500000000007)"
516,05/01/2008,,India,"Kishtwar-Chatroo road, Kishtwar region of Jammu and Kashmir",landslide,Complex,Unknown,,12,,,http://www.hindustantimes.com/StoryPage/StoryPage.aspx?id=593a0165-aeb4-4e79-911b-6cdb0ff1ecf2&MatchID1=4698&TeamID1=2&TeamID2=5&MatchType1=1&SeriesID1=1185&PrimaryID=4698&Headline=30+killed+in+J&K+landslide,,Known_within_25_km,Medium,,glc,516,India,Doda,18.595410000000001,Kashmir,,17748,IN,AS,SGb_XzKydh,2,Thu Sep 11 2014 19:33:45 GMT+0000 (UTC),1753198669,33.146299999999997,75.745400000000004,"(33.146299999999997, 75.745400000000004)"
523,05/05/2008,,India,Srinagar-Leh highway at Gomri,landslide,Landslide,Downpour,,,,,http://www.greaterkashmir.com/full_story.asp?Date=6_5_2008&ItemID=19&cat=21,,Known_within_50_km,Medium,,glc,523,India,Awantƒ´pur,4.50029,Kashmir,,6807,IN,AS,s5Fkufgc4,1,Tue Apr 01 2014 00:00:00 GMT+0000 (UTC),1,33.951300000000003,74.984499999999997,"(33.951300000000003, 74.984499999999997)"
540,05/18/2008,,India,"Kalahandi district of Orissa, Depur village",landslide,Landslide,Mining_digging,,5,,,http://www.thaindian.com/newsportal/uncategorized/landslide-in-orissa-claims-five-lives-lead_10050468.html,,Unknown,Medium,,glc,540,India,BhawƒÅnipatna,43.175899999999999,Orissa,,64468,IN,AS,sGnhhQQfgs,2,Thu Sep 11 2014 19:02:23 GMT+0000 (UTC),489497023,19.517800000000001,83.180899999999994,"(19.517800000000001, 83.180899999999994)"
545,05/20/2008,,India,"A Cachar District village, near village of Srinager, Assam",landslide,Mudslide,Mining_digging,,5,,,http://www.telegraphindia.com/1080521/jsp/northeast/story_9297276.jsp,,Known_within_50_km,Medium,,glc,545,India,Silchar,17.992740000000001,Assam,,152393,IN,AS,SJyNdma1dS,2,Mon Sep 15 2014 15:47:52 GMT+0000 (UTC),3238478710,24.9849,92.841099999999997,"(24.9849, 92.841099999999997)"
554,05/28/2008,,India,"Periyanmala, Kottayam district, Kerala, India",landslide,Landslide,Downpour,,,,personal communication,,,Known_within_5_km,Medium,,glc,554,India,ErƒÅttupetta,7.22205,Kerala,,33408,IN,AS,DGvygfmc4,1,Tue Apr 01 2014 00:00:00 GMT+0000 (UTC),1,9.7327,76.840299999999999,"(9.7326999999999995, 76.840299999999999)"
568,06/03/2008,,India,Hindustan-Tibet National Highway near Matiana village,landslide,Landslide,Rain,,,,,http://www.thaindian.com/newsportal/enviornment/landslide-blocks-hindustan-tibet-road_10056629.html,,Known_within_25_km,Medium,,glc,568,India,Seoni,7.79832,Himachal Pradesh,,1630,IN,AS,SGNKurgymh,2,Thu Sep 11 2014 17:48:42 GMT+0000 (UTC),2444324548,31.207699999999999,77.192999999999998,"(31.207699999999999, 77.192999999999998)"
571,06/06/2008,,India,"Jetty, Desterovaddo, Bharatline-Tarivaddo and Harbour, Vasco, Goa",landslide,Landslide,Rain,,,,,http://www.goacom.com/joel/news/2008/jun/07jun08.htm,,Known_within_50_km,Medium,,glc,571,India,Chicalim,0.80546,Goa,,7787,IN,AS,sJyY8fgcU,1,Tue Apr 01 2014 00:00:00 GMT+0000 (UTC),1,15.3925,73.837699999999998,"(15.3925, 73.837699999999998)"
580,06/09/2008,,India,"near Kuloor church, in Manipur along National Highway",landslide,Landslide,Monsoon,,,,,"http://www.daijiworld.com/news/news_disp.asp?n_id=47500&n_tit=Mangalore:+Monsoon+Continues+to+Strike;+Landslide,+Houses+Collapse",,Unknown,Medium,,glc,580,India,ThoubƒÅl,2.9361,Manipur,,44493,IN,AS,D54AHtKKW,1,Tue Apr 01 2014 00:00:00 GMT+0000 (UTC),1,24.659600000000001,93.978399999999993,"(24.659600000000001, 93.978399999999993)"
585,06/14/2008,,India,"Itanagar-Naharlagun, Arunachal Pradesh",landslide,Landslide,Rain,,21,,,http://ukpress.google.com/article/ALeqM5iM8gWKcS4OLf66hwzNMnaybAaZYA,,Known_within_15_km,Large,,glc,585,India,ItƒÅnagar,2.34889,ArunƒÅchal Pradesh,,44971,IN,AS,h5x-jPccU,1,Tue Apr 01 2014 00:00:00 GMT+0000 (UTC),1,27.099799999999998,93.628699999999995,"(27.099799999999998, 93.628699999999995)"
587,06/15/2008,,India,"Lakhimpur district, Bihpuria, Assam",landslide,Landslide,Downpour,,17,,,http://www.telegraphindia.com/1080616/jsp/northeast/story_9416169.jsp,,Known_within_25_km,Medium,,glc,587,India,North Lakhimpur,0.75347,Assam,,59841,IN,AS,SG--YPBB4,1,Tue Apr 01 2014 00:00:00 GMT+0000 (UTC),1,27.229800000000001,94.0989,"(27.229800000000001, 94.0989)"
588,06/15/2008,,India,"Charan Padika, Jammu",landslide,Landslide,Rain,,,,,http://www.hindu.com/thehindu/holnus/002200806161042.htm,,Known_within_50_km,Medium,,glc,588,India,SƒÅmba,2.91602,Kashmir,,26893,IN,AS,hGYZtTFK7,1,Tue Apr 01 2014 00:00:00 GMT+0000 (UTC),1,32.565899999999999,75.094399999999993,"(32.565899999999999, 75.094399999999993)"
592,06/18/2008,,India,"Manali-Leh road, Gulaba near Rohtang Pass",landslide,Landslide,Rain,,,,,http://www.thecheers.org/news/South-Asia/news_28108_Manali-Leh-Highway-closed-down-due-to-landslide.html,,Known_within_25_km,Medium,,glc,592,India,ManƒÅli,14.316190000000001,Himachal Pradesh,,8341,IN,AS,DGdEhlKc4,1,Tue Apr 01 2014 00:00:00 GMT+0000 (UTC),1,32.371200000000002,77.246600000000001,"(32.371200000000002, 77.246600000000001)"
594,06/19/2008,,India,"Namkaoluang village, Tamenglong-Sangrung (Khongsang) road, NH-53, Manipur",landslide,Mudslide,Monsoon,,,,,http://www.kanglaonline.com/index.php?template=headline&newsid=42473&typeid=2,,Known_within_25_km,Medium,,glc,594,India,Imphal,18.234290000000001,Manipur,,223523,IN,AS,s9F5yPBQW,1,Tue Apr 01 2014 00:00:00 GMT+0000 (UTC),1,24.933599999999998,93.827500000000001,"(24.933599999999998, 93.827500000000001)"
595,06/20/2008,,India,Kurseong sub division,landslide,Landslide,Rain,,,,,http://www.thestatesman.net/page.news.php?clid=10&id=209560&usrsess=1,,Known_within_25_km,Medium,,glc,595,India,KƒÅrsiyƒÅng,0.2804,Bengal,,46427,IN,AS,SJvqJPBQ7,1,Tue Apr 01 2014 00:00:00 GMT+0000 (UTC),1,26.885000000000002,88.277799999999999,"(26.885000000000002, 88.277799999999999)"
609,06/25/2008,,India,Udhagamandalam,landslide,Landslide,Downpour,,,,,http://www.hindu.com/thehindu/holnus/004200806251866.htm,,Known_within_15_km,Medium,,glc,609,India,Ooty,0.68195,Tamil Nadu,,98238,IN,AS,s9hKmTmBW,1,Tue Apr 01 2014 00:00:00 GMT+0000 (UTC),1,11.41,76.69,"(11.41, 76.69)"
614,06/29/2008,,India,"Kurseong sub division, Mamring",landslide,Landslide,Unknown,,,,,http://savethehills.blogspot.com/2008/06/preliminary-report-on-mamring-kurseong.html,,Known_within_5_km,Medium,,glc,614,India,KƒÅrsiyƒÅng,0.87238,Bengal,,46427,IN,AS,hGahhtBB7,1,Tue Apr 01 2014 00:00:00 GMT+0000 (UTC),1,26.89,88.28,"(26.89, 88.28)"
620,06/30/2008,,India,Kalimpong,landslide,Landslide,Downpour,,,,,http://www.dailyindia.com/show/255019.php/Landslides-block-Himalayan-road-cuts-Sikkim-from-India,,Known_within_5_km,Medium,,glc,620,India,KƒÅlimpang,1.49112,Bengal,,43000,IN,AS,s9Nz4n4eZ6,2,Wed Jul 01 2015 19:09:53 GMT+0000 (UTC),1448617433,27.077100000000002,88.481999999999999,"(27.077100000000002, 88.481999999999999)"
653,07/18/2008,,India,Sukhidhang area of Champawat district in Uttarakhand ,landslide,Landslide,Rain,,14,,,http://www.dailynews365.com/national-news/landslides-killed-14-in-uttarakhand/,,Known_within_5_km,Medium,,glc,653,India,Champawat,2.22339,Uttarakhand,,4668,IN,AS,D51-ykQBU,1,Tue Apr 01 2014 00:00:00 GMT+0000 (UTC),1,29.33,80.099999999999994,"(29.33, 80.099999999999994)"
692,08/07/2008,,India,"National Highway-39, Dimapur-Imphal road and another under Kiphire district of Nagaland",landslide,Landslide,Downpour,,,,,http://www.kanglaonline.com/index.php?template=headline&newsid=43094&typeid=1,,Known_within_10_km,Medium,,glc,692,India,Kohima,7.87804,NƒÅgƒÅland,,92113,IN,AS,hGlYfuBQ4,1,Tue Apr 01 2014 00:00:00 GMT+0000 (UTC),1,25.704999999999998,94.04,"(25.704999999999998, 94.04)"
697,08/08/2008,,India,"Barog, Shimla; Chandigarh-Shimla national highway",landslide,Landslide,Rain,,,,,http://www.sindhtoday.net/south-asia/10242.htm,,Known_within_15_km,Medium,,glc,697,India,Jutogh,4.18733,Himachal Pradesh,,2467,IN,AS,hGMJcydc7,1,Tue Apr 01 2014 00:00:00 GMT+0000 (UTC),1,31.13,77.09,"(31.13, 77.09)"
703,08/09/2008,,India,"Goa-Karnataka link, near Dudhsagar waterfall",landslide,Landslide,Rain,,,,,http://www.hindu.com/thehindu/holnus/002200808101763.htm,,Known_within_25_km,Medium,,glc,703,India,Quepem,7.7918,Goa,,13041,IN,AS,SGpznfmQW,1,Tue Apr 01 2014 00:00:00 GMT+0000 (UTC),1,15.15,74.11,"(15.15, 74.11)"
704,08/10/2008,,India,Edakumeri near Subrahmanya,landslide,Landslide,Downpour,,,,,http://www.daijiworld.com/news/news_disp.asp?n_id=49719&n_tit=Puttur:+Landslide+on+Track+Halts+Mangalore-Bangalore+Trains,,Known_within_50_km,Medium,,glc,704,India,Sulya,24.891159999999999,Karnataka,,18950,IN,AS,S5DvZyFc4,1,Tue Apr 01 2014 00:00:00 GMT+0000 (UTC),1,12.644500000000001,75.605000000000004,"(12.644500000000001, 75.605000000000004)"
705,08/10/2008,,India,"Monkey Hill and Khandala, Maharashtra",landslide,Landslide,Rain,,,,,http://timesofindia.indiatimes.com/Mumbai/Mumbai-Pune_trains_to_resume_today/articleshow/3354105.cms,,Unknown,Medium,,glc,705,India,LonƒÅvale,7.68478,Maharashtra,,58562,IN,AS,sGdMlTFKU,1,Tue Apr 01 2014 00:00:00 GMT+0000 (UTC),1,18.72,73.47,"(18.72, 73.47)"
706,08/10/2008,,India,"Gaiparnath Mahadev temple, foothills of Chambal ravines",landslide,Landslide,Rain,,2,,,http://www.rediff.com/news/2008/aug/11kota.htm,,Known_within_50_km,Medium,,glc,706,India,Kota,16.528680000000001,Rajasthan,,763088,IN,AS,sJ6-uqFK4,1,Tue Apr 01 2014 00:00:00 GMT+0000 (UTC),1,25.08,75.72,"(25.08, 75.72)"
709,08/12/2008,,India,Yedakumeri-Shiribagilu in the Hassan-Mangalore section of the line.,landslide,Landslide,Rain,,,,,http://www.daijiworld.com/news/news_disp.asp?n_id=49760&n_tit=Mangalore:+Landslide+-+Train+Service+to+Bangalore+Stands+Cancelled,,Known_within_50_km,Medium,,glc,709,India,Sakleshpur,17.068919999999999,Karnataka,,24931,IN,AS,D97CPqgc4,1,Tue Apr 01 2014 00:00:00 GMT+0000 (UTC),1,12.845000000000001,75.66,"(12.845000000000001, 75.66)"
710,08/12/2008,23:00,India,"Ayanur near Neriya, Karnataka",landslide,Landslide,Downpour,,,,,,,Known_within_10_km,Large,,glc,710,India,Kumsi,9.443009999999999,Karnataka,,6468,IN,AS,s9DH8H8ams,2,Fri Sep 12 2014 18:50:10 GMT+0000 (UTC),624078840,13.986000000000001,75.451999999999998,"(13.986000000000001, 75.451999999999998)"
711,08/12/2008,,India,"Jog Falls, Karnataka",landslide,Mudslide,Rain,,,,,http://timesofindia.indiatimes.com/Bangalore/Govt_withdraws_load-shedding/articleshow/3362473.cms,,Known_within_5_km,Small,,glc,711,India,SiddƒÅpur,13.86243,Karnataka,,14769,IN,AS,DJZ-kTFQ7,1,Tue Apr 01 2014 00:00:00 GMT+0000 (UTC),1,14.228999999999999,74.812200000000004,"(14.228999999999999, 74.812200000000004)"
714,08/14/2008,,India,"Kimin-Ziro road in Papum Pare district, road between Doimukh and Sagalee, Doimukh-Hoj road; Arunachal Pradesh",landslide,Landslide,Rain,,,,,http://www.morungexpress.com/regional/1615.html,,Known_within_50_km,Medium,,glc,714,India,North Lakhimpur,13.00939,Assam,,59841,IN,AS,DJMfyuQK7,1,Tue Apr 01 2014 00:00:00 GMT+0000 (UTC),1,27.163,94,"(27.163, 94)"
715,08/14/2008,,India,"Shimla, Mandi, Solan and Sirmaur districts",landslide,Complex,Monsoon,,,,,http://www.tribuneindia.com/2008/20080815/himachal.htm#1,,Unknown,Medium,,glc,715,India,Solan,10.190300000000001,Himachal Pradesh,,40283,IN,AS,hJ1hBqgBW,1,Tue Apr 01 2014 00:00:00 GMT+0000 (UTC),1,31,77.12,"(31, 77.12)"
717,08/15/2008,,India,Riasi district of Jammu and Kashmir,landslide,Landslide,Downpour,,,,,http://timesofindia.indiatimes.com/India/Landslide_on_Vaishnodevi_route_in_JK_five_injured/articleshow/3368095.cms,,Known_within_15_km,Medium,,glc,717,India,Katra,1.00536,Kashmir,,9106,IN,AS,D5I6uymKW,1,Tue Apr 01 2014 00:00:00 GMT+0000 (UTC),1,33,74.927700000000002,"(33, 74.927700000000002)"
725,08/17/2008,,India,Shimla district,landslide,Landslide,Rain,,,,,http://www.thaindian.com/newsportal/uncategorized/landslides-hit-transportation-of-apple-crop-in-himachal-pradesh_10085625.html,,Known_within_15_km,Medium,,glc,725,India,Shimla,0.79982,Himachal Pradesh,,173503,IN,AS,hGhyhkccU,1,Tue Apr 01 2014 00:00:00 GMT+0000 (UTC),1,31.1,77.16,"(31.1, 77.16)"
731,08/19/2008,,India,"Akuk village, Wokha District, Nagaland",landslide,Mudslide,Downpour,,4,,,http://www.morungexpress.com/frontpage/1984.html,,Known_within_50_km,Medium,,glc,731,India,Wokha,4.59727,NƒÅgƒÅland,,54010,IN,AS,S9IZ5Z8aFD,2,Fri Sep 12 2014 18:28:20 GMT+0000 (UTC),3642360293,26.138000000000002,94.25,"(26.138000000000002, 94.25)"
755,08/28/2008,,India,"Ranka, Sikkim and Louing road",landslide,Landslide,Downpour,,,,,http://beacononline.wordpress.com/2008/08/31/landslide-victims-being-compensated/,,Known_within_25_km,Medium,,glc,755,India,Gangtok,1.28629,Sikkim,,30700,IN,AS,DJ7yDPKQU,1,Tue Apr 01 2014 00:00:00 GMT+0000 (UTC),1,27.337,88.608999999999995,"(27.337, 88.608999999999995)"
760,08/29/2008,,India,"Kohima, Nagaland",landslide,Complex,Downpour,,,,,http://www.kanglaonline.com/index.php?template=headline&newsid=43189&typeid=1,,Known_within_25_km,Medium,,glc,760,India,Kohima,0.67975,NƒÅgƒÅland,,92113,IN,AS,s9OpYFcBU,1,Tue Apr 01 2014 00:00:00 GMT+0000 (UTC),1,25.67,94.1066,"(25.67, 94.1066)"
769,09/01/2008,,India,"Kempty Fall, Uttarakhand",landslide,Landslide,Rain,,,,,,,Known_within_10_km,Medium,,glc,769,India,Mussoorie,12.019920000000001,Uttarakhand,,25753,IN,AS,SGMUt8KQ4,1,Tue Apr 01 2014 00:00:00 GMT+0000 (UTC),1,30.52,77.953000000000003,"(30.52, 77.953000000000003)"
785,09/10/2008,,India,"Solva, Raia",landslide,Rockfall,Rain,,,,,http://www.timesofindia.indiatimes.com/Goa/Landslide_at_Raia_woman_saved_by_a_whisker/articleshow/3473444.cms,,Known_within_5_km,Medium,,glc,785,India,Raia,2.01897,Goa,,9421,IN,AS,S57flygK4,1,Tue Apr 01 2014 00:00:00 GMT+0000 (UTC),1,15.323,73.974000000000004,"(15.323, 73.974000000000004)"
795,09/19/2008,,India,"Siddhartha Highway, near Siddhababa Temple",landslide,Landslide,Downpour,,,,,http://www.thehimalayantimes.com/fullstory.asp?filename=6a1Ta5zdo2am8&folder=aHaoamW&Name=Home&dtSiteDate=20080920,,Known_within_5_km,Medium,,glc,795,Nepal,ButwƒÅl,3.20403,Western Region,,91733,NP,AS,DGrd7nQQ7,1,Tue Apr 01 2014 00:00:00 GMT+0000 (UTC),1,27.72,83.472399999999993,"(27.72, 83.472399999999993)"
796,09/19/2008,,India,Anni and Nahan,landslide,Landslide,Downpour,,6,,,http://www.indianexpress.com/news/42-dead-as-rain-plays-havoc-in-HP/363948,,Known_within_10_km,Medium,,glc,796,India,NƒÅhan,0.57633,Himachal Pradesh,,27544,IN,AS,SGfUSkBKW,1,Tue Apr 01 2014 00:00:00 GMT+0000 (UTC),1,30.56,77.3,"(30.56, 77.3)"
797,09/19/2008,,India,"Rohru,Theog and Chopal sub-divisions, Shimla, Himachal Pradesh",landslide,Landslide,Downpour,,38,,,http://www.reuters.com/article/homepageCrisis/idUS122202461418._CH_.2400,,Known_within_10_km,Large,,glc,797,India,Shimla,0.53056,Himachal Pradesh,,173503,IN,AS,S9yqDkKQ7,1,Tue Apr 01 2014 00:00:00 GMT+0000 (UTC),1,31.1,77.164500000000004,"(31.1, 77.164500000000004)"
798,09/19/2008,,India,"NH 22, Kinnaur district",landslide,Landslide,Downpour,,,,,http://www.expressindia.com/latest-news/heavy-rain-disrupts-life-across-state/363742/,,Known_within_50_km,Medium,,test,798,India,Diyag,47.681229999999999,Himachal Pradesh,obe,0,IN,AS,hG0njlkvFs,1,Tue Apr 01 2014 00:00:00 GMT+0000 (UTC),1,31.587,78.314999999999998,"(31.587, 78.314999999999998)"
804,09/22/2008,,India,"Ghaggar, Morni, Panchkula",landslide,Landslide,Rain,,,,,http://www.indianexpress.com/news/Landslide-blocks-Ghaggar-again/366595,,Known_within_15_km,Medium,,glc,804,India,Pinjaur,18.83135,Haryana,,32162,IN,AS,S9rpgydB7,1,Tue Apr 01 2014 00:00:00 GMT+0000 (UTC),1,30.7,77.08,"(30.7, 77.08)"
840,10/12/2008,,India,Lehrakapura village near Shamsabad town,landslide,Mudslide,Rain,,,,,"http://www.daijiworld.com/news/news_disp.asp?n_id=52267&n_tit=Sonu+Brought+out+of+Borewell,+Dead",,Known_within_25_km,Medium,,glc,840,India,ShamsƒÅbƒÅd,0.97557,Uttar Pradesh,,31009,IN,AS,D900ZlKQU,1,Tue Apr 01 2014 00:00:00 GMT+0000 (UTC),1,27.0167,78.133300000000006,"(27.0167, 78.133300000000006)"
858,10/22/2008,,India,Mughal Road at Lal Ghulam Pahari (25 km from Shopian),landslide,Landslide,Downpour,,2,,,http://74.125.45.104/search?q=cache:AMsNH_P-bwUJ:www.kashmirobserver.com/index.php?option=com_content&view=article&id=1590:landslide-buries-two-persons-32-cattle-&catid=50:localnews&Itemid=81+Two+persons+were+killed+after+they+were+hit,,Known_within_50_km,Medium,,glc,858,India,Shupƒ´yan,19.9238,Kashmir,,13565,IN,AS,S5TCnygBU,1,Tue Apr 01 2014 00:00:00 GMT+0000 (UTC),1,33.654899999999998,74.632599999999996,"(33.654899999999998, 74.632599999999996)"
868,10/29/2008,,India,"Kamrup, and Sonitpur, Assam",landslide,Landslide,Downpour,,7,,,http://in.reuters.com/article/topNews/idINIndia-36198420081029,,Known_within_50_km,Medium,,glc,868,India,Barpeta,24.35615,Assam,,48824,IN,AS,SJ0-hZKKU,1,Tue Apr 01 2014 00:00:00 GMT+0000 (UTC),1,26.333300000000001,91.25,"(26.333300000000001, 91.25)"
869,10/29/2008,,India,North Lakhimpur ,landslide,Landslide,Downpour,,,,,http://www.rttnews.com/ArticleView.aspx?Id=758386&SMap=1,,Known_within_50_km,Medium,,glc,869,India,North Lakhimpur,1.31739,Assam,,59841,IN,AS,D55qfgQKW,1,Tue Apr 01 2014 00:00:00 GMT+0000 (UTC),1,27.2333,94.116699999999994,"(27.2333, 94.116699999999994)"
870,10/29/2008,,India,"West Kameng, Arunachal Pradesh",landslide,Mudslide,Downpour,,12,,,http://www.sindhtoday.net/south-asia/32058.htm,,Known_within_50_km,Medium,,glc,870,India,Bomdila,16.711770000000001,ArunƒÅchal Pradesh,,7121,IN,AS,SG8TTdKB4,1,Tue Apr 01 2014 00:00:00 GMT+0000 (UTC),1,27.4,92.35,"(27.4, 92.35)"
940,12/20/2008,,India,"Panthal in Ramban district, National Highway 1; 174 km from Jammu",landslide,Landslide,Rain,,,,,http://www.sakaaltimes.com/2008/12/20133639/JammuSrinagar-highway-blocked.html,,Known_within_25_km,Medium,,glc,940,India,RƒÅmban,0.8301,Kashmir,,7317,IN,AS,DJtg13jydh,2,Thu Sep 11 2014 21:57:26 GMT+0000 (UTC),3637160289,33.244999999999997,75.247,"(33.244999999999997, 75.247)"
942,12/21/2008,,India,"Kalka-Shimla rail line, 1 km from Dharampur railway station at Tunnel No. 27",landslide,Rockfall,Unknown,,1,,,http://www.indianexpress.com/news/kalkashimla-heritage-train-derails-one.../401285/,,Known_within_25_km,Medium,,glc,942,India,Solan,2.41518,Himachal Pradesh,,40283,IN,AS,D55JcqgKU,1,Tue Apr 01 2014 00:00:00 GMT+0000 (UTC),1,30.895,77.088999999999999,"(30.895, 77.088999999999999)"
1030,05/26/2009,,India,"Darjeeling Sadar, Darjeeling West Bengal",landslide,Landslide,Tropical_Cyclone,Cyclone Aila,14,,,http://www.headlinesindia.com/natural-disasters/flood/darjeeling-landslide-toll-reaches-27-12747.html,Unknown,Known_within_15_km,Medium,,glc,1030,India,DƒÅrjiling,0.79891,Bengal,,123797,IN,AS,S97Y5tcQW,1,Tue Apr 01 2014 00:00:00 GMT+0000 (UTC),1,27.04357147,88.265221260000004,"(27.04357147, 88.265221260000004)"
1031,05/26/2009,,India,"Kurseong, Darjeeling, West Bengal",landslide,Landslide,Tropical_Cyclone,Cyclone Aila,7,,,http://www.headlinesindia.com/natural-disasters/flood/darjeeling-landslide-toll-reaches-27-12747.html,Unknown,Known_within_5_km,Medium,,glc,1031,India,KƒÅrsiyƒÅng,0.21657,Bengal,,46427,IN,AS,SGYeJuBKW,1,Tue Apr 01 2014 00:00:00 GMT+0000 (UTC),1,26.883600000000001,88.2791,"(26.883600000000001, 88.2791)"
1032,05/26/2009,,India,"Rangiabong (Jorbungalow), Darjeeling, West Bengal",landslide,Landslide,Tropical_Cyclone,Cyclone Aila,6,,,http://www.headlinesindia.com/natural-disasters/flood/darjeeling-landslide-toll-reaches-27-12747.html,,Known_within_5_km,Medium,,glc,1032,India,DƒÅrjiling,2.7428,Bengal,,123797,IN,AS,s5Qj5ucc4,1,Tue Apr 01 2014 00:00:00 GMT+0000 (UTC),1,27.009499999999999,88.259200000000007,"(27.009499999999999, 88.259200000000007)"
1037,06/17/2009,4:00:00,India,"Sevoke, 20km from Siliguri, North Eastern, India (Highway NH31A:Coronation Bridge to the Sevoke police outpost section blocked)",landslide,Mudslide,Downpour,,0,,,http://www.telegraphindia.com/1090618/jsp/siliguri/story_11126449.jsp,,Known_within_5_km,Medium,,glc,1037,India,OdlƒÅbƒÅri,16.91825,Bengal,,12311,IN,AS,SJ1FhuBBU,1,Tue Apr 01 2014 00:00:00 GMT+0000 (UTC),1,26.89,88.47,"(26.89, 88.47)"
1043,06/29/2009,2:30:00,India,"Adoshi tunnel,  Khandala Ghat, on Pune-Mumbai Expressway ",landslide,Rockfall,Continuous_rain,,1,,,http://timesofindia.indiatimes.com/Cities/Mumbai/Landslide-kills-one-injures-5/articleshow/4717862.cms,,Known_within_1_km,Medium,,glc,1043,India,LonƒÅvale,2.27769,Maharashtra,,58562,IN,AS,sGvJlfgcW,1,Tue Apr 01 2014 00:00:00 GMT+0000 (UTC),1,18.7591,73.385199999999998,"(18.7591, 73.385199999999998)"
1050,07/03/2009,,India,Darjeeling (between Tin Dharia and Rongtong),landslide,Landslide,Rain,,0,,,http://beacononline.wordpress.com/2009/09/20/darjeeling-hills-toytrain-joyride-hit-by-fresh-landslides-in-darjeeling/,Unknown,Known_within_10_km,Medium,,glc,1050,India,DƒÅrjiling,0.78466,Bengal,,123797,IN,AS,DG6qJZcB7,1,Tue Apr 01 2014 00:00:00 GMT+0000 (UTC),1,26.873242439999999,88.291840210000004,"(26.873242439999999, 88.291840210000004)"
1054,07/22/2009,,India,"Gayabari,  West Bengal ",landslide,Landslide,Downpour,,0,,,,,Known_within_10_km,Medium,,glc,1054,India,KƒÅrsiyƒÅng,4.62496,Bengal,,46427,IN,AS,S9hISPBQ4,1,Tue Apr 01 2014 00:00:00 GMT+0000 (UTC),1,26.857199999999999,88.314300000000003,"(26.857199999999999, 88.314300000000003)"
1055,07/22/2009,,India,"Kerseong, West Bengal ",landslide,Landslide,Downpour,,0,,,,,Known_within_10_km,Medium,,glc,1055,India,KƒÅrsiyƒÅng,0.15035,Bengal,,46427,IN,AS,DGMw9tKKW,1,Tue Apr 01 2014 00:00:00 GMT+0000 (UTC),1,26.8826,88.278800000000004,"(26.8826, 88.278800000000004)"
1056,07/22/2009,,India,"Darjeeling, West Bengal ",landslide,Landslide,Downpour,,0,,,http://blog.taragana.com/n/darjeeling-toy-train-suspended-118172/,Below_road,Known_within_10_km,Medium,,glc,1056,India,DƒÅrjiling,0.78466,Bengal,,123797,IN,AS,D5uT5ZQK4,1,Tue Apr 01 2014 00:00:00 GMT+0000 (UTC),1,27.04,88.263999999999996,"(27.04, 88.263999999999996)"
1061,07/26/2009,5:40:00,India,"Bar Khola at 4th Mile, Lower Mangshila in North Sikkim",landslide,Landslide,Downpour,,0,,,,,Known_within_1_km,Medium,,glc,1061,India,Mangan,3.541,,,1464,IN,AS,hJlYSuQBW,1,Tue Apr 01 2014 00:00:00 GMT+0000 (UTC),1,27.478000000000002,88.527000000000001,"(27.478000000000002, 88.527000000000001)"
1072,08/08/2009,Overnight,India,"Bala, Pithoragarh, Uttarakhand (450Km from Deheradun)",landslide,Landslide,Downpour,,15,,,http://www.samaylive.com/news/15-dead-in-uttarakhand-landslide/644753.html,,Known_within_10_km,Large,,glc,1072,India,PithorƒÅgarh,0.55612,Uttarakhand,,47571,IN,AS,D9R9_8BKU,1,Tue Apr 01 2014 00:00:00 GMT+0000 (UTC),1,29.5885,80.209800000000001,"(29.5885, 80.209800000000001)"
1084,08/12/2009,,India,"Upper Subansiri District, Arunanchal Pradesh",landslide,Landslide,Downpour,,0,,,http://timesofindia.indiatimes.com/news/city/guwahati/Landslides-snap-road-links-in-Arunachal-district/articleshow/4916000.cms,,Known_within_5_km,Medium,,glc,1084,India,Bomdila,60.842100000000002,ArunƒÅchal Pradesh,,7121,IN,AS,sGrgxFBc4,1,Tue Apr 01 2014 00:00:00 GMT+0000 (UTC),1,27.7,92.8,"(27.7, 92.8)"
1088,08/16/2009,Overnight,India,"Kerseong, Sub-division, Siliguri district, West Bengal",landslide,Landslide,Downpour,,5,,,http://hamaraphotos.com/news/national/massive-landslide-kills-at-least-five-people-in-siliguri.html,Unknown,Known_within_5_km,Medium,,glc,1088,India,KƒÅrsiyƒÅng,0.21657,Bengal,,46427,IN,AS,s5wa5ucc4,1,Tue Apr 01 2014 00:00:00 GMT+0000 (UTC),1,26.886764199999998,88.280447140000007,"(26.886764199999998, 88.280447140000007)"
1089,08/16/2009,1:30:00,India,"Gourishankar tea estate premises, Darjeeling, West Bengal",landslide,Landslide,Downpour,,4,,,http://news4u.co.in/?tag=darjeeling,Unknown,Known_within_10_km,Medium,,glc,1089,India,Shiliguri,11.123889999999999,Bengal,,515574,IN,AS,hGl8StQKU,1,Tue Apr 01 2014 00:00:00 GMT+0000 (UTC),1,26.791399999999999,88.363,"(26.791399999999999, 88.363)"
1090,08/16/2009,,India,"Malutar tea estate, Darjeeling, West Bengal",landslide,Landslide,Downpour,,2,,,http://beacononline.wordpress.com/2009/08/16/darjeeling-hills-five-killed-in-landslides-highway-blocked/,,Known_within_5_km,Medium,,glc,1090,India,DƒÅrjiling,8.137740000000001,Bengal,,123797,IN,AS,sGrfJZccW,1,Tue Apr 01 2014 00:00:00 GMT+0000 (UTC),1,26.959900000000001,88.268000000000001,"(26.959900000000001, 88.268000000000001)"
1091,08/16/2009,Morning,India,"Kalimpong, Darjeeling, West Bengal",landslide,Landslide,Downpour,,2,,Thaindian News,http://www.thaindian.com/newsportal/uncategorized/seven-die-in-west-bengal-landslides-lead_100233301.html,Above_river,Known_within_25_km,Medium,,glc,1091,India,KƒÅlimpang,1.39876,Bengal,,43000,IN,AS,DJIcsucKU,1,Tue Apr 01 2014 00:00:00 GMT+0000 (UTC),1,27.024598009999998,88.438495509999996,"(27.024598009999998, 88.438495509999996)"
1092,08/16/2009,Morning,India,near the Rohini-Sirubari road,landslide,Landslide,Downpour,,1,,Bengal Newz,http://bengalnewz.blogspot.com/2009/08/top-bengal-news-of-moment_16.html,Above_road,Known_within_5_km,Medium,,glc,1092,India,Shiliguri,11.123889999999999,Bengal,,515574,IN,AS,sGBlDtKc4,1,Tue Apr 01 2014 00:00:00 GMT+0000 (UTC),1,26.74452462,88.400119590000003,"(26.74452462, 88.400119590000003)"
1093,08/16/2009,,India,"Phagutar near Mahanadi, 12km from Kurseong, Siliguri district, Darjeeling",landslide,Landslide,Downpour,,1,,,http://beacononline.wordpress.com/2009/08/17/darjeeling-hills-landslides-kill-6-in-hills-darjeeling-cut-off-for-nine-hours/,Unknown,Known_within_5_km,Medium,,glc,1093,India,KƒÅrsiyƒÅng,0.21657,Bengal,,46427,IN,AS,s9La9uBcU,1,Tue Apr 01 2014 00:00:00 GMT+0000 (UTC),1,26.882115219999999,88.319531799999993,"(26.882115219999999, 88.319531799999993)"
1094,08/16/2009,21:30:00,India,"Katare village, 80 km from Kalimpong",landslide,Landslide,Downpour,,1,,Telegraph,https://www.telegraphindia.com/1090817/jsp/siliguri/story_11368309.jsp,Deforested_slope,Exact_Location,Medium,,glc,1094,India,KƒÅlimpang,1.40893,Bengal,,43000,IN,AS,hJ4mhuQBU,1,Tue Apr 01 2014 00:00:00 GMT+0000 (UTC),1,27.159771809999999,88.634112459999997,"(27.159771809999999, 88.634112459999997)"
1096,08/16/2009,,India,"Pankhabari, National Highway 55",landslide,Landslide,Downpour,,0,,Unknown,,Above_road,Known_within_5_km,Medium,,glc,1096,India,KƒÅrsiyƒÅng,5.63895,Bengal,,46427,IN,AS,SGeT5uBQW,1,Tue Apr 01 2014 00:00:00 GMT+0000 (UTC),1,26.835468970000001,88.268520359999997,"(26.835468970000001, 88.268520359999997)"
1097,08/17/2009,Evening,India,Pithoragarh district,landslide,Landslide,Continuous_rain,,0,,,http://www.samaylive.com/news/rains-landslides-disrupt-kailash-mansarovar-pilgrimage/648603.html,,Known_within_25_km,Medium,,glc,1097,India,LohaghƒÅt,4.21438,Uttarakhand,,6758,IN,AS,D5M9wkKcW,1,Tue Apr 01 2014 00:00:00 GMT+0000 (UTC),1,29.4085,80.1327,"(29.4085, 80.1327)"
1102,08/19/2009,20:30:00,India,"Sombaria, West Sikkim",landslide,Landslide,Downpour,,2,,,http://beacononline.wordpress.com/2009/08/21/sikkim-landslides-disturb-power-lines-link-roads/,,Known_within_10_km,Medium,,glc,1102,India,Naya BƒÅzƒÅr,17.99072,,,1035,IN,AS,S9FQ5PKK7,1,Tue Apr 01 2014 00:00:00 GMT+0000 (UTC),1,27.264399999999998,88.136499999999998,"(27.264399999999998, 88.136499999999998)"
1106,08/20/2009,,India,"(Okai Tea Garden) Mirik, Darjeeling, West Bengal",landslide,Landslide,Continuous_rain,,2,,,http://beacononline.wordpress.com/2009/08/21/darjeeling-hillssikkim-landslides-claim-five-in-hills/,,Known_within_1_km,Medium,,glc,1106,India,Mirik,2.62334,Bengal,,10109,IN,AS,hGbK9tcK4,1,Tue Apr 01 2014 00:00:00 GMT+0000 (UTC),1,26.8992,88.166700000000006,"(26.8992, 88.166700000000006)"
1107,08/20/2009,,India,"Geetkolbong, Kalimpong sub-division, Darjeeling, West Bengal",landslide,Landslide,Continuous_rain,,1,,,http://beacononline.wordpress.com/2009/08/21/darjeeling-hillssikkim-landslides-claim-five-in-hills/,Unknown,Known_within_15_km,Medium,,glc,1107,India,KƒÅlimpang,1.39876,Bengal,,43000,IN,AS,D53FsucBU,1,Tue Apr 01 2014 00:00:00 GMT+0000 (UTC),1,27.073599999999999,88.477900000000005,"(27.073599999999999, 88.477900000000005)"
1108,08/20/2009,,India,"Tamei, Tamenglong district on Imphal-Tamenglong (IT) road",landslide,Landslide,Downpour,,0,,,http://www.kanglaonline.com/index.php?template=headline&newsid=48686&typeid=2,,Known_within_10_km,Medium,,glc,1108,India,Mahur,44.34393,Assam,,7176,IN,AS,DJ9QzFKKW,1,Tue Apr 01 2014 00:00:00 GMT+0000 (UTC),1,24.9925,93.5,"(24.9925, 93.5)"
1109,08/20/2009,,India,Lumding-Badarpur section in North Cachar Hills district,landslide,Landslide,Downpour,,0,,,http://www.prokerala.com/news/articles/a75292.html,,Known_within_25_km,Medium,,glc,1109,India,Maibong,24.543279999999999,Assam,,8364,IN,AS,D9nBzFcQW,1,Tue Apr 01 2014 00:00:00 GMT+0000 (UTC),1,25.5215,93.164500000000004,"(25.5215, 93.164500000000004)"
1110,08/20/2009,20:30:00,India,"Kurseong, Darjeeling, West Bengal",landslide,Landslide,Continuous_rain,,,,,,Urban_area,Known_within_10_km,Medium,,glc,1110,India,KƒÅrsiyƒÅng,0.21657,Bengal,,46427,IN,AS,hGAeGZQQU,1,Tue Apr 01 2014 00:00:00 GMT+0000 (UTC),1,26.884056860000001,88.280870320000005,"(26.884056860000001, 88.280870320000005)"
1111,08/20/2009,,India,"Melli Chalisey, Sikkim",landslide,Landslide,Downpour,,0,,,http://beacononline.wordpress.com/2009/08/21/sikkim-landslides-disturb-power-lines-link-roads/,,Known_within_5_km,Medium,,glc,1111,India,KƒÅlimpang,7.35875,Bengal,,43000,IN,AS,S95FDtQB7,1,Tue Apr 01 2014 00:00:00 GMT+0000 (UTC),1,27.134399999999999,88.457499999999996,"(27.134399999999999, 88.457499999999996)"
1112,08/20/2009,,India,"NH31A, Mile 27 near Rambi",landslide,Mudslide,Downpour,,0,,,http://beacononline.wordpress.com/2009/08/25/kalimpong-highway-doom-for-hill-economy/,,Known_within_15_km,Medium,,glc,1112,India,Rangpo,0.50251,Sikkim,,4026,IN,AS,sGgjhPQK4,1,Tue Apr 01 2014 00:00:00 GMT+0000 (UTC),1,27.176100000000002,88.528700000000001,"(27.176100000000002, 88.528700000000001)"
1125,08/26/2009,,India,"17th Mile towards Tsomgo Lake, near Kyongsala, Sikkim ",landslide,Landslide,Rain,,,,,http://beacononline.wordpress.com/2009/08/28/sikkim-landslides-at-17th-mile-%E2%80%93-the-bane-of-tourism/,,Known_within_25_km,Medium,,glc,1125,India,Gangtok,16.04466,Sikkim,,30700,IN,AS,hJF2sZBB4,1,Tue Apr 01 2014 00:00:00 GMT+0000 (UTC),1,27.374600000000001,88.764799999999994,"(27.374600000000001, 88.764799999999994)"
1127,08/27/2009,,India,between Mahur and Phaiding railway stations on Barail hills (Mahur and Barail hills located),landslide,Landslide,Downpour,,,,,http://www.prokerala.com/news/articles/a75292.html,,Known_within_10_km,Medium,,glc,1127,India,Mahur,1.57696,Assam,,7176,IN,AS,s9IjzFKQ7,1,Tue Apr 01 2014 00:00:00 GMT+0000 (UTC),1,25.171800000000001,93.123000000000005,"(25.171800000000001, 93.123000000000005)"
1129,08/30/2009,,India,"Road stretch from Gammom to Chamu village, under Kamjong block, Ukhrul district, Manipur",landslide,Landslide,Downpour,,,,,http://e-pao.net/GP.asp?src=9..070909.sep09,,Known_within_50_km,Medium,,glc,1129,India,Yairipok,42.704540000000001,Manipur,,8797,IN,AS,s9PbzFBcW,1,Tue Apr 01 2014 00:00:00 GMT+0000 (UTC),1,24.8628,94.418199999999999,"(24.8628, 94.418199999999999)"
1130,09/01/2009,Afternoon,India,Chinona area in Almora district,landslide,Landslide,Downpour,,3,,,http://www.ptinews.com/news/261571_Three-buried-alive-after-landslides,,Known_within_5_km,Medium,,glc,1130,India,KotdwƒÅra,6.28807,Uttarakhand,,27009,IN,AS,sG8qm8Bc4,1,Tue Apr 01 2014 00:00:00 GMT+0000 (UTC),1,29.703600000000002,78.565799999999996,"(29.703600000000002, 78.565799999999996)"
1133,09/03/2009,23:30:00,India,"Saki Naka in Andheri area, Mumbai suburb/slum (Sakinaka is around 23 miles (35 kilometers) from downtown Mumbai)",landslide,Mudslide,Downpour,,12,,,http://in.reuters.com/article/topNews/idINIndia-42219120090904,,Known_within_10_km,Large,,glc,1133,India,Mumbai,2.56093,Maharashtra,Konkan Division,12691836,IN,AS,DG7zIymB4,1,Tue Apr 01 2014 00:00:00 GMT+0000 (UTC),1,19.094899999999999,72.889899999999997,"(19.094899999999999, 72.889899999999997)"
1134,09/03/2009,,India,Marhi region of Himachal Pradesh,landslide,Landslide,Rain,,,,,http://www.dailyindia.com/show/332145.php,,Known_within_10_km,Medium,,glc,1134,India,ManƒÅli,11.34343,Himachal Pradesh,,8341,IN,AS,DJOosWOOgD,2,Mon Sep 15 2014 20:19:30 GMT+0000 (UTC),886507422,32.350999999999999,77.223399999999998,"(32.350999999999999, 77.223399999999998)"
1149,09/09/2009,Night,India,"Bilaspur and Mandi towns, Chandigarh-Manali National Highway-21, Himachal Pradesh",landslide,Landslide,Downpour,,,,,http://www.thaindian.com/newsportal/enviornment/chandigarh-manali-highway-closed-after-landslides_100245308.html,,Known_within_5_km,Medium,,glc,1149,India,Sundarnagar,1.92689,Himachal Pradesh,,25338,IN,AS,hGpadfgBU,1,Tue Apr 01 2014 00:00:00 GMT+0000 (UTC),1,31.549399999999999,76.900099999999995,"(31.549399999999999, 76.900099999999995)"
1153,09/10/2009,,India,"Kaza-Kinnaur highway near Nako, Spiti Valley, Himachal Pradesh",landslide,Landslide,Downpour,,,,,http://www.thaindian.com/newsportal/business/75-tourists-in-himachal-stranded-by-landslides_100247510.html,,Known_within_5_km,Medium,,test,1153,India,Diyag,26.729340000000001,Himachal Pradesh,obe,0,IN,AS,hJLlnlnAdh,1,Tue Apr 01 2014 00:00:00 GMT+0000 (UTC),1,31.883299999999998,78.616699999999994,"(31.883299999999998, 78.616699999999994)"
1154,09/10/2009,,India,"Manali Kaza-Manali Road near Kunzum Pass, Spiti Valley, Himachal Pradesh",landslide,Landslide,Downpour,,,,,http://www.thaindian.com/newsportal/business/75-tourists-in-himachal-stranded-by-landslides_100247510.html,,Known_within_5_km,Medium,,glc,1154,India,ManƒÅli,41.412649999999999,Himachal Pradesh,,8341,IN,AS,h9Kn6lQK7,1,Tue Apr 01 2014 00:00:00 GMT+0000 (UTC),1,32.403500000000001,77.579599999999999,"(32.403500000000001, 77.579599999999999)"
1156,09/12/2009,,India,"Vamanapuram, Thiruvananthapuram district in the state of Kerala",landslide,Landslide,Rain,,1,,,http://www.asianetindia.com/news/woman-missing-landslide-vamanapuram_78168.html,,Known_within_1_km,Medium,,glc,1156,India,Attingal,9.88646,Kerala,,36595,IN,AS,sJL_dTgB4,1,Tue Apr 01 2014 00:00:00 GMT+0000 (UTC),1,8.742000000000001,76.890199999999993,"(8.7420000000000009, 76.890199999999993)"
1157,09/12/2009,Night,India,Kalka-Shimla toy train track near Kaithlighat,landslide,Landslide,Downpour,,,,,http://www.northindiatimes.com/news/140/ARTICLE/2291/2009-09-13.html,,Known_within_5_km,Small,,glc,1157,India,Shimla,0.41605,Himachal Pradesh,,173503,IN,AS,s9cTS8QcU,1,Tue Apr 01 2014 00:00:00 GMT+0000 (UTC),1,31.103200000000001,77.162499999999994,"(31.103200000000001, 77.162499999999994)"
1168,09/17/2009,,India,"4th Mile on road between Rongli, Rhenock and Rangpo in East Sikkim.",landslide,Landslide,Rain,,,,,http://sikkimnews.blogspot.com/2009/09/landslides-at-4th-mile-disrupts-traffic.html,,Known_within_5_km,Medium,,glc,1168,India,Rangpo,7.97646,Sikkim,,4026,IN,AS,sJpTsZQK7,1,Tue Apr 01 2014 00:00:00 GMT+0000 (UTC),1,27.195399999999999,88.611500000000007,"(27.195399999999999, 88.611500000000007)"
1170,09/18/2009,,India,Tindharia and Rong Tong,landslide,Landslide,Rain,,,,,http://beacononline.wordpress.com/2009/09/20/darjeeling-hills-toytrain-joyride-hit-by-fresh-landslides-in-darjeeling/,,Known_within_50_km,Medium,,glc,1170,India,KƒÅrsiyƒÅng,5.35873,Bengal,,46427,IN,AS,DGGX9tKQ4,1,Tue Apr 01 2014 00:00:00 GMT+0000 (UTC),1,26.834199999999999,88.279799999999994,"(26.834199999999999, 88.279799999999994)"
1172,09/19/2009,,India,"Nilambur, Malappuram, Kerala State",landslide,Landslide,Downpour,,,,,http://www.asianetindia.com/news/landslide-reported-malappuram-houses-isolated_80321.html,,Known_within_1_km,Medium,,glc,1172,India,Manjeri,20.247119999999999,Kerala,,89201,IN,AS,D5YImqFK7,1,Tue Apr 01 2014 00:00:00 GMT+0000 (UTC),1,11.269500000000001,76.222700000000003,"(11.269500000000001, 76.222700000000003)"
1204,10/01/2009,,India,"Vadad-Hasol village near Rajapur in Ratnagiri district, Maharastra",landslide,Landslide,Downpour,,8,,,http://www.ptinews.com/news/309744_8-die-in-landslide-near-Rajapur,,Known_within_5_km,Medium,,glc,1204,India,RƒÅjƒÅpur,0.12137,Maharashtra,,10718,IN,AS,hJkl8ydK7,1,Tue Apr 01 2014 00:00:00 GMT+0000 (UTC),1,16.655999999999999,73.517799999999994,"(16.655999999999999, 73.517799999999994)"
1208,10/02/2009,,India,"Madibag near Kadwad village, Uttara Kannada district, North Karnataka",landslide,Landslide,Downpour,,24,,,http://www.sahilonline.org/english/news.php?catID=coastalnews&nid=6513&viewed=0,,Known_within_10_km,Large,,glc,1208,India,Ankola,24.823370000000001,Karnataka,,14540,IN,AS,sJoWnfgQ4,1,Tue Apr 01 2014 00:00:00 GMT+0000 (UTC),1,14.7812,74.498999999999995,"(14.7812, 74.498999999999995)"
1209,10/02/2009,,India,National Highway 17 between Karwar and Ankola (,landslide,Landslide,Downpour,,,,,http://www.sahilonline.org/english/news.php?catID=coastalnews&nid=6513&viewed=0,,Known_within_15_km,Medium,,glc,1209,India,Ankola,10.161659999999999,Karnataka,,14540,IN,AS,DJbo8qgBW,1,Tue Apr 01 2014 00:00:00 GMT+0000 (UTC),1,14.7395,74.256600000000006,"(14.7395, 74.256600000000006)"
1210,10/02/2009,,India,Konkan railway route in southern village Canacona in Goa,landslide,Landslide,Rain,,,,,http://www.ptinews.com/news/310629_Konkan-railway-services-disrupt-due-to-land-slide,,Known_within_5_km,Medium,,glc,1210,India,Canacona,0.39817,Karnataka,,11900,IN,AS,S5KXkTdQW,1,Tue Apr 01 2014 00:00:00 GMT+0000 (UTC),1,14.993499999999999,74.047799999999995,"(14.993499999999999, 74.047799999999995)"
1212,10/03/2009,,India,"Balussery, Kozhikode, Kerala",landslide,Landslide,Downpour,,,,,http://www.thaindian.com/newsportal/enviornment/landslides-in-kozhikode-after-heavy-rain_100255752.html,,Known_within_10_km,Medium,,glc,1212,India,Naduvann≈´r,7.35169,Kerala,,24648,IN,AS,S52JFfFc4,1,Tue Apr 01 2014 00:00:00 GMT+0000 (UTC),1,11.447699999999999,75.828900000000004,"(11.447699999999999, 75.828900000000004)"
1213,10/03/2009,,India,"Puddipadi, Kozhikode, Kerala ",landslide,Landslide,Downpour,,,,,http://www.thaindian.com/newsportal/enviornment/landslides-in-kozhikode-after-heavy-rain_100255752.html,,Known_within_10_km,Medium,,glc,1213,India,Kalpetta,17.104489999999998,Kerala,,29602,IN,AS,s5ghgqgcW,1,Tue Apr 01 2014 00:00:00 GMT+0000 (UTC),1,11.4816,75.995699999999999,"(11.4816, 75.995699999999999)"
1222,10/05/2009,,India,"Chhinga Veng, Aizawl",landslide,Landslide,Downpour,,3,,,http://www.ptinews.com/news/316483_Three-killed--ten-injured-in-Mizoram-landslide,Urban_area,Known_within_5_km,Medium,,glc,1222,India,Aizawl,0.93904,Mizoram,,265331,IN,AS,DJyWVFQcW,1,Tue Apr 01 2014 00:00:00 GMT+0000 (UTC),1,23.734787780000001,92.721243939999994,"(23.734787780000001, 92.721243939999994)"
1289,11/08/2009,,India,"Marayoor in Idukki district, Kerala",landslide,Landslide,Downpour,,1,,,http://www.asianetindia.com/news/tribal-man-dies-landslide-idukki_98514.html,,Known_within_5_km,Medium,,glc,1289,India,Dhali,23.048079999999999,Tamil Nadu,,6494,IN,AS,DGKehnQc4,1,Tue Apr 01 2014 00:00:00 GMT+0000 (UTC),1,10.3018,77.171099999999996,"(10.3018, 77.171099999999996)"
1291,11/09/2009,,India,"Ooty and Coonoor, Tamil Nadu",landslide,Landslide,Downpour,,42,,,http://www.kndu.com/global/story.asp?s=11474651,,Known_within_15_km,Medium,,glc,1291,India,Ooty,0.42311,Tamil Nadu,,98238,IN,AS,sJnQgTFK7,1,Tue Apr 01 2014 00:00:00 GMT+0000 (UTC),1,11.409800000000001,76.693899999999999,"(11.409800000000001, 76.693899999999999)"
1315,11/20/2009,18:30,India,"Parimal underpass near Juta Bazaar, Ahmedabad, Gujrat State",landslide,Landslide,Construction,,5,1,,http://www.dnaindia.com/india/report_landslide-buries-five-alive-in-ahmedabad_1314473,,Known_within_10_km,Medium,,glc,1315,India,Ahmedabad,2.66246,GujarƒÅt,,3719710,IN,AS,SGDUvrarmh,2,Mon Sep 15 2014 16:32:57 GMT+0000 (UTC),3084586393,23.0396,72.566000000000003,"(23.0396, 72.566000000000003)"
1384,01/03/2010,Overnight,India,Vaishnodevi in Trikuta hills of Reasi district,landslide,Landslide,Downpour,,0,,,http://www.kashmirlive.com/story/Pilgrim-injured-in-landslide-near-Vaishnodevi-shrine/563159.html,,Known_within_5_km,Medium,,glc,1384,India,Katra,4.42216,Kashmir,,9106,IN,AS,D9vMPydB4,1,Tue Apr 01 2014 00:00:00 GMT+0000 (UTC),1,33.0289,74.948899999999995,"(33.0289, 74.948899999999995)"
1475,02/06/2010,,India,"Srinagar-Jammu highway near Asar, Doda and Kishtwar districts",landslide,Landslide,Downpour,,,,,http://www.kashmirobserver.net/index.php?option=com_content&view=article&id=4240:highway-closed-for-4th-day&catid=3:regional-news&Itemid=4,,Known_within_25_km,Medium,,glc,1475,India,KishtwƒÅr,17.364629999999998,Kashmir,,20553,IN,AS,DGGcL52OmS,2,Mon Sep 15 2014 18:55:16 GMT+0000 (UTC),767527820,33.159500000000001,75.801100000000005,"(33.159500000000001, 75.801100000000005)"
1487,02/08/2010,Evening,India,"Narundi area of Uri, Jammu and Kashmir ",landslide,Landslide,Downpour,,1,,,http://www.ptinews.com/news/508380_One-killed--six-injured-in-landslides,,Known_within_10_km,Medium,,glc,1487,India,Uri,2.33067,Kashmir,,6755,IN,AS,sGmwlqmc4,1,Tue Apr 01 2014 00:00:00 GMT+0000 (UTC),1,34.087600000000002,74.022499999999994,"(34.087600000000002, 74.022499999999994)"
1498,02/10/2010,,India,"Road between Srinagar and Muzaffarabad near Kaman post in Baramulla district, Kashmir",landslide,Landslide,Rain,,0,,,http://dailymailnews.com/0210/11/Brief/Brief3.php,,Known_within_25_km,Medium,,glc,1498,India,Uri,9.811439999999999,Kashmir,,6755,IN,AS,S9u28fgKU,1,Tue Apr 01 2014 00:00:00 GMT+0000 (UTC),1,34.151000000000003,74.121300000000005,"(34.151000000000003, 74.121300000000005)"
1521,02/23/2010,,India,,landslide,Landslide,Downpour,,2,,,http://www.ptinews.com/news/532955_Two-kids-killed-in-house-collapse,,Known_within_25_km,Medium,,glc,1521,India,Tehri,2.92958,Uttarakhand,,27611,IN,AS,SJAHgnBcU,1,Tue Apr 01 2014 00:00:00 GMT+0000 (UTC),1,30.382999999999999,78.509399999999999,"(30.382999999999999, 78.509399999999999)"
1526,02/26/2010,Night,India,"Hathi Matha, between Katra and Vaishno Devi cave shrine in Trikuta hills, Reasi District",landslide,Landslide,Downpour,,2,,,http://www.ptinews.com/news/540115_Two-die-in-landslide-near-Vaishno-Devi-cave-shrine,,Known_within_5_km,Medium,,glc,1526,India,Katra,2.14292,Kashmir,,9106,IN,AS,hGYIPTgc7,1,Tue Apr 01 2014 00:00:00 GMT+0000 (UTC),1,33.009700000000002,74.940200000000004,"(33.009700000000002, 74.940200000000004)"
1596,03/27/2010,Late Evening,India,"LangthAbal Khoupum, Imphal, Manipur",landslide,Mudslide,Downpour,,0,,,http://www.accuweather.com/blogs/news/story/26113/midatlantic-flooding-turns-dea.asp,,Known_within_5_km,Medium,,glc,1596,India,Imphal,8.691739999999999,Manipur,,223523,IN,AS,s9m-1gBc4,1,Tue Apr 01 2014 00:00:00 GMT+0000 (UTC),1,24.733899999999998,93.9161,"(24.733899999999998, 93.9161)"
1611,04/01/2010,,India,"Paglanala village, Dholai Block, near Dwarbandh locality of the district, Cachar district (could only find district) 45 km from Silchar, Assam",landslide,Landslide,Downpour,,3,,,http://www.wickedlocal.com/walpole/news/x427971816/Landslide-destroys-storage-building,,Known_within_25_km,Medium,,glc,1611,India,HƒÅflong,1.49521,Assam,,39982,IN,AS,hGy0h49agh,2,Fri Sep 12 2014 14:02:49 GMT+0000 (UTC),182947717,25.1553,93.028000000000006,"(25.1553, 93.028000000000006)"
1613,04/02/2010,23:00:00,India,"Koloriang, Kuring Kumey district, Arunachal Pradesh",landslide,Mudslide,Downpour,,12,,,http://www.phillyburbs.com/news/news_details/article/92/2010/march/18/mudslide-will-keep-river-road-closed-until-friday.html,,Known_within_1_km,Large,,glc,1613,India,Ziro,58.847239999999999,ArunƒÅchal Pradesh,,13893,IN,AS,hGpprdcc7,1,Tue Apr 01 2014 00:00:00 GMT+0000 (UTC),1,27.899699999999999,93.349699999999999,"(27.899699999999999, 93.349699999999999)"
1755,04/17/2010,Afternoon,India,"Natl. Highway 31-A at Pani House(?), Gangtok",landslide,Landslide,Downpour,,0,,,http://voiceofsikkim.com/2010/04/18/rains-trigger-major-landslide-at-pani-house/,,Known_within_5_km,Small,,glc,1755,India,Gangtok,1.00195,Sikkim,,30700,IN,AS,D9TfstQKU,1,Tue Apr 01 2014 00:00:00 GMT+0000 (UTC),1,27.334099999999999,88.6083,"(27.334099999999999, 88.6083)"
1756,04/17/2010,,India,"Nam Nang, Gangtok",landslide,Landslide,Downpour,,0,,,http://voiceofsikkim.com/2010/04/18/rains-trigger-major-landslide-at-pani-house/,,Known_within_1_km,Small,,glc,1756,India,Gangtok,0.53719,Sikkim,,30700,IN,AS,D9VqDuQK4,1,Tue Apr 01 2014 00:00:00 GMT+0000 (UTC),1,27.321999999999999,88.608699999999999,"(27.321999999999999, 88.608699999999999)"
1768,04/20/2010,,India,"Kanipathri(?), Srinagar-Leh highway, Kashmir",landslide,Landslide,Downpour,,0,,Kashmir Observer,https://web.archive.org/web/20100613053755/http://kashmirobserver.net/index.php?option=com_content&view=article&id=4458:ladakh-highway-closed-for-traffic&catid=2:local-news&Itemid=3,Above_road,Unknown,Medium,,glc,1768,India,Kargil,25.16,Kashmir,,13838,IN,AS,SJhudyFcW,1,Tue Apr 01 2014 00:00:00 GMT+0000 (UTC),1,34.38663064,76.341588509999994,"(34.38663064, 76.341588509999994)"
1769,04/20/2010,,India,"India Gate(?), Srinagar-Leh highway, Kashmir",landslide,Landslide,Downpour,,0,,Kashmir Observer,http://www.kashmirobserver.net/index.php?option=com_content&view=article&id=4458:ladakh-highway-closed-for-traffic&catid=2:local-news&Itemid=3,Above_road,Unknown,Medium,,glc,1769,India,Kargil,25.16,Kashmir,,13838,IN,AS,DGAndfgcU,1,Tue Apr 01 2014 00:00:00 GMT+0000 (UTC),1,34.386674669999998,76.341491640000001,"(34.386674669999998, 76.341491640000001)"
1770,04/20/2010,,India,"Kharghuli, Guwahati, Assam",landslide,Landslide,Downpour,,0,,,http://www.assamtribune.com/scripts/detailsnew.asp?id=apr2110/at06,,Known_within_1_km,Medium,,glc,1770,India,Guwahati,2.18012,Assam,,899094,IN,AS,SJIDogQK4,1,Tue Apr 01 2014 00:00:00 GMT+0000 (UTC),1,26.1965,91.763000000000005,"(26.1965, 91.763000000000005)"
1771,04/20/2010,,India,"Raj Bhavan Guwahati, Assam",landslide,Landslide,Downpour,,0,,,http://www.assamtribune.com/scripts/detailsnew.asp?id=apr2110/at06,,Exact_location,Medium,,glc,1771,India,Guwahati,2.54658,Assam,,899094,IN,AS,s5tDLgKBW,1,Tue Apr 01 2014 00:00:00 GMT+0000 (UTC),1,26.197800000000001,91.766499999999994,"(26.197800000000001, 91.766499999999994)"
1775,04/21/2010,,India,Arunachal Pradesh ,landslide,Landslide,Downpour,,12,,,"http://www.portal.gsi.gov.in/portal/page?_pageid=127,875814&_dad=portal&_schema=PORTAL",,Unknown,Medium,,glc,1775,India,Tezu,5.14944,ArunƒÅchal Pradesh,,14927,IN,AS,D9ehEFBQ4,1,Tue Apr 01 2014 00:00:00 GMT+0000 (UTC),1,27.8965,96.177899999999994,"(27.8965, 96.177899999999994)"
1776,04/21/2010,,India,Shillong-Jowai(Jwai)-Badarpur National Highway(NH 44) at Sunapur village in Jaintia Hills District,landslide,Landslide,Downpour,,0,,,http://www.chinadaily.com.cn/china/2010-05/07/content_9823906.htm,,Known_within_15_km,Medium,,glc,1776,India,Shillong,46.463540000000002,MeghƒÅlaya,,132842,IN,AS,D5oSomKQU,1,Tue Apr 01 2014 00:00:00 GMT+0000 (UTC),1,25.3612,92.284499999999994,"(25.3612, 92.284499999999994)"
1857,05/11/2010,Morning,India,"National highway 44 at Sunapur and Tongseng in Jaintia Hills district, eastern Meghalaya",landslide,Landslide,Downpour,,0,,,http://www.prokerala.com/news/articles/a135422.html,,Known_within_15_km,Medium,,glc,1857,India,Shillong,47.924840000000003,MeghƒÅlaya,,132842,IN,AS,D9bZRFQBW,1,Tue Apr 01 2014 00:00:00 GMT+0000 (UTC),1,25.343299999999999,92.289699999999996,"(25.343299999999999, 92.289699999999996)"
1871,05/17/2010,,India,"Srinagar-Leh national highway, Captain Mode, Kashmir valley",landslide,Landslide,Downpour,,0,,,"http://www.portal.gsi.gov.in/portal/page?_pageid=127,875814&_dad=portal&_schema=PORTAL",,Known_within_50_km,Medium,,glc,1871,India,Kargil,49.594880000000003,Kashmir,,13838,IN,AS,S5QAtTFQU,1,Tue Apr 01 2014 00:00:00 GMT+0000 (UTC),1,34.395099999999999,75.6233,"(34.395099999999999, 75.6233)"
1884,05/20/2010,Night,India,Vijaywada(Vijayawada),landslide,Landslide,Tropical_Cyclone,Cyclone Laila,4,,,http://www.stuff.co.nz/national/3727944/Landslide-blocks-road-to-Glenorchy,,Known_within_25_km,Medium,,glc,1884,India,VijayawƒÅda,0.80035,Andhra Pradesh,,874587,IN,AS,DGMA1kBKU,1,Tue Apr 01 2014 00:00:00 GMT+0000 (UTC),1,16.5121,80.629599999999996,"(16.5121, 80.629599999999996)"
1901,05/25/2010,Evening,India,"Chadiyan(?) village near Uri, Baramulla district, Jammu and Kashmir",landslide,Landslide,Downpour,,0,,,http://sify.com/news/landslides-in-kashmir-village-100-rescued-news-national-kfzxEcbagdh.html,,Known_within_15_km,Medium,,glc,1901,India,Uri,2.06884,Kashmir,,6755,IN,AS,h9-_nymK4,1,Tue Apr 01 2014 00:00:00 GMT+0000 (UTC),1,34.090000000000003,74.025599999999997,"(34.090000000000003, 74.025599999999997)"
1908,05/27/2010,9:45:00,India,"Tyakshi(?) village near Turtuk(Nubra Valley) on Leh-Saichen(Siachan) rd, Jammu and kashmir",landslide,Landslide,Rain,,0,,,http://www.stuff.co.nz/dominion-post/national/3744047/After-the-floods-and-a-landslide-now-get-set-for-bitter-cold-and-snow,,Known_within_50_km,Medium,,glc,1908,India,Leh,44.147579999999998,Kashmir,,37475,IN,AS,h5uHSEejgs,2,Wed Sep 10 2014 20:03:34 GMT+0000 (UTC),4141892267,34.562800000000003,77.600099999999998,"(34.562800000000003, 77.600099999999998)"
1929,05/31/2010,Night,India,"North Sikkiim Highway, periphery of Gangtok, Sikkim East district",landslide,Landslide,Downpour,,0,,,http://sify.com/news/500-tourists-stranded-in-Sikkim-due-to-landslides-news-National-kgca4ibdgfd.html,,Known_within_5_km,Medium,,glc,1929,India,Gangtok,4.38314,Sikkim,,30700,IN,AS,sGSVSPKBW,1,Tue Apr 01 2014 00:00:00 GMT+0000 (UTC),1,27.354299999999999,88.642799999999994,"(27.354299999999999, 88.642799999999994)"
1930,05/31/2010,,India,"Anini-Roing road,  Dibang Valley,  Arunachal Pradesh ",landslide,Landslide,Downpour,,0,,,http://timesofindia.indiatimes.com/world/china/Heavy-rains-leave-11-dead-in-China/articleshow/6000062.cms,,Known_within_50_km,Medium,,glc,1930,India,Tezu,62.405009999999997,ArunƒÅchal Pradesh,,14927,IN,AS,s5IwLFKBU,1,Tue Apr 01 2014 00:00:00 GMT+0000 (UTC),1,28.4298,95.877600000000001,"(28.4298, 95.877600000000001)"
1934,06/03/2010,5:00:00,India,Rongpur village under Bhairabhnagar panchayat in Karimganj district,landslide,Landslide,Downpour,,2,,,http://www.telegraphindia.com/1100605/jsp/northeast/story_12529386.jsp,,Known_within_25_km,Medium,,glc,1934,India,HailƒÅkƒÅndi,20.394159999999999,Assam,,31031,IN,AS,D5LaEgcKU,1,Tue Apr 01 2014 00:00:00 GMT+0000 (UTC),1,24.6005,92.381399999999999,"(24.6005, 92.381399999999999)"
1935,06/03/2010,,India,"atharamura hills, Highway 44, Tripura",landslide,Landslide,Downpour,,0,,,http://news.xinhuanet.com/english2010/china/2010-06/10/c_13343163.htm,,Known_within_5_km,Medium,,glc,1935,India,ƒÄmbƒÅsa,10.471640000000001,Tripura,,6373,IN,AS,sJp_EgBQW,1,Tue Apr 01 2014 00:00:00 GMT+0000 (UTC),1,23.898599999999998,91.759900000000002,"(23.898599999999998, 91.759900000000002)"
1954,06/07/2010,,India,"Irang(?) and Barak(?) and Makru(?) on highway 53 between Imphal and Jiribam, Manipur",landslide,Landslide,Rain,,0,,,http://www.wyff4.com/news/23814438/detail.html,,Known_within_50_km,Medium,,glc,1954,India,MoirƒÅng,39.735039999999998,Manipur,,17103,IN,AS,hGAxomBK4,1,Tue Apr 01 2014 00:00:00 GMT+0000 (UTC),1,24.754300000000001,93.503900000000002,"(24.754300000000001, 93.503900000000002)"
1946,06/05/2010,,India,"Laghama(?), Uri Sector, Baramulla district,Jammu and Kashmir",landslide,Landslide,Downpour,,0,,,http://www.ptinews.com/news/693640_BSF-headconstable-injured-in-landslide-in-Kashmir,,Known_within_15_km,Medium,,glc,1946,India,Uri,2.07058,Kashmir,,6755,IN,AS,DGsxlymK7,1,Tue Apr 01 2014 00:00:00 GMT+0000 (UTC),1,34.0901,74.025599999999997,"(34.0901, 74.025599999999997)"
1958,06/08/2010,Morning,India,"Kamraj Nagar slum at Sion-Koliwada, Antop Hill, Mumbai",landslide,Landslide,Monsoon,Collapsed retaining wall,2,,,http://www.mumbaimirror.com/article/2/2010060920100609025510668c413fedb/Landslides-kill-2-girls-injure-3.html,,Known_within_5_km,Medium,,glc,1958,India,Mumbai,6.71572,Maharashtra,Konkan Division,12691836,IN,AS,DJmOTLfYFD,2,Wed Sep 10 2014 18:17:26 GMT+0000 (UTC),153897894,19.017600000000002,72.856200000000001,"(19.017600000000002, 72.856200000000001)"
1959,06/08/2010,,India,"Khindipada area, near the BMC pipeline at Bhandup-west",landslide,Landslide,Monsoon,Collapsed retaining wall,0,,,http://www.mumbaimirror.com/article/2/2010060920100609025510668c413fedb/Landslides-kill-2-girls-injure-3.html,,Known_within_1_km,Medium,,glc,1959,India,ThƒÅne,4.85413,Maharashtra,,1261517,IN,AS,DGN_BoTHmD,2,Wed Sep 10 2014 18:16:31 GMT+0000 (UTC),2720013901,19.1646,72.932500000000005,"(19.1646, 72.932500000000005)"
1961,06/09/2010,14:15:00,India,"Ishok Chingphu(?), Bishnupur, Assam",landslide,Landslide,Downpour,,0,,,http://e-pao.net/GP.asp?src=Snipp3..100610.jun10,,Known_within_50_km,Medium,,glc,1961,India,Nongstoin,41.26849,MeghƒÅlaya,,25758,IN,AS,hG4-DuBB4,1,Tue Apr 01 2014 00:00:00 GMT+0000 (UTC),1,25.883299999999998,91.2,"(25.883299999999998, 91.2)"
1962,06/09/2010,,India,"Shimla district, Himachal Pradesh",landslide,Landslide,Downpour,,0,,Geological Survey of India,"http://www.portal.gsi.gov.in/portal/page?_pageid=127,875814&_dad=portal&_schema=PORTAL",Unknown,Unknown,Medium,,glc,1962,India,Shimla,0.58675,Himachal Pradesh,,173503,IN,AS,DJZasnQcU,1,Tue Apr 01 2014 00:00:00 GMT+0000 (UTC),1,31.099074940000001,77.172358900000006,"(31.099074940000001, 77.172358900000006)"
1963,06/11/2010,,India,"near Sevok(Sevoke), Highway 31A to Sikkimand Kalimpong, Hatisura(?), Darjeeling",landslide,Landslide,Downpour,1 hour of rain,0,,,http://www.flickr.com/photos/wsdot/4691196980/,,Known_within_10_km,Medium,,glc,1963,India,KƒÅlimpang,13.933389999999999,Bengal,,43000,IN,AS,D5gthuQcU,1,Tue Apr 01 2014 00:00:00 GMT+0000 (UTC),1,26.943999999999999,88.444100000000006,"(26.943999999999999, 88.444100000000006)"
1986,06/15/2010,,India,"Fazl Ali College, Mokokchung, Nagaland",landslide,Landslide,Downpour,,0,,,http://www.ptinews.com/news/721800_Landslides--blockade-hit-trains-services-in-NC-Hills,,Known_within_1_km,Medium,,glc,1986,India,Mokokch≈´ng,3.41935,NƒÅgƒÅland,,34021,IN,AS,S9NiomQcU,1,Tue Apr 01 2014 00:00:00 GMT+0000 (UTC),1,26.333500000000001,94.551199999999994,"(26.333500000000001, 94.551199999999994)"
1987,06/15/2010,,India,"rails between Mahur and Wadringdisa(?), Assam",landslide,Landslide,Downpour,,0,,,http://bnionline.net/news/narinjara/8766-floods-landslides-kill-26-in-northern-arakan.html,,Known_within_15_km,Medium,,glc,1987,India,Mahur,7.17384,Assam,,7176,IN,AS,hJFvRFcQ4,1,Tue Apr 01 2014 00:00:00 GMT+0000 (UTC),1,25.226900000000001,93.165800000000004,"(25.226900000000001, 93.165800000000004)"
1988,06/15/2010,,India,"Khandala, on Mumbai-Pune Expressway",landslide,Landslide,Downpour,,0,,,http://www.thedailystar.net/newDesign/latest_news.php?nid=24242,,Known_within_5_km,Small,,glc,1988,India,LonƒÅvale,3.44352,Maharashtra,,58562,IN,AS,hJoGlqgQU,1,Tue Apr 01 2014 00:00:00 GMT+0000 (UTC),1,18.7624,73.374700000000004,"(18.7624, 73.374700000000004)"
1993,06/16/2010,,India,"Kurseong sub-division, Road between Kurseong and New Jalpaiguri",landslide,Landslide,Downpour,,0,,,http://www.expressindia.com/latest-news/Landslide-kills-8-people-in-eastern-Indonesia/635070/,,Known_within_10_km,Medium,,glc,1993,India,KƒÅrsiyƒÅng,9.18708,Bengal,,46427,IN,AS,D9kNStcK4,1,Tue Apr 01 2014 00:00:00 GMT+0000 (UTC),1,26.807300000000001,88.316199999999995,"(26.807300000000001, 88.316199999999995)"
1994,06/16/2010,,India,"rails between Jatinga and Longrangjao(?), Assam",landslide,Landslide,Downpour,,0,,,http://sify.com/news/landslide-disrupts-supply-lines-between-siliguri-darjeeling-news-national-kgqtabgbdjc.html,,Known_within_25_km,Medium,,glc,1994,India,HƒÅflong,24.419740000000001,Assam,,39982,IN,AS,sJ3CLdKQU,1,Tue Apr 01 2014 00:00:00 GMT+0000 (UTC),1,25.063300000000002,92.802499999999995,"(25.063300000000002, 92.802499999999995)"
1995,06/16/2010,,India,Tripi (Tirpai?) road of Upper Gumfa area in Kalimpong,landslide,Landslide,Rain,,3,,,http://www.indiavision.com/news/article/national/67832/1/print/,,Known_within_10_km,Medium,,glc,1995,India,KƒÅlimpang,1.80243,Bengal,,43000,IN,AS,DGcQStKBW,1,Tue Apr 01 2014 00:00:00 GMT+0000 (UTC),1,27.076499999999999,88.480800000000002,"(27.076499999999999, 88.480800000000002)"
1996,06/17/2010,19:30:00,India,"Shayoung Ward(?), Longleng, Nagaland",landslide,Landslide,Downpour,,0,,,http://www.morungexpress.com/local/50546.html,,Known_within_25_km,Medium,,glc,1996,India,Tuensang,19.342970000000001,NƒÅgƒÅland,,33748,IN,AS,sGSpEgKc4,1,Tue Apr 01 2014 00:00:00 GMT+0000 (UTC),1,26.433299999999999,94.883300000000006,"(26.433299999999999, 94.883300000000006)"
2003,06/19/2010,Early Morning,India,"Harne(?) village, near Dapoli, Ratnagiri district, Maharashtra",landslide,Landslide,Downpour,,8,,,http://sify.com/news/landslide-claims-four-lives-in-maharashtra-news-national-kgtl4chgdcc.html,,Known_within_50_km,Medium,,glc,2003,India,Jalgaon,20.671199999999999,Maharashtra,,5822,IN,AS,h9z0MydBW,1,Tue Apr 01 2014 00:00:00 GMT+0000 (UTC),1,17.897500000000001,73.296099999999996,"(17.897500000000001, 73.296099999999996)"
2014,06/25/2010,,India,"Sewri(?), New Shivaji Nagar, Mumbai",landslide,Landslide,Downpour,,0,,,,,Known_within_1_km,Medium,,glc,2014,India,Powai,4.66038,Maharashtra,,20000,IN,AS,S5jEIyFBU,1,Tue Apr 01 2014 00:00:00 GMT+0000 (UTC),1,19.152999999999999,72.926599999999993,"(19.152999999999999, 72.926599999999993)"
2015,06/25/2010,,India,"hill(?) in Valmik Nagar, Kurla (Valmikinagar), Mumbai",landslide,Landslide,Downpour,,0,,,http://www.hindustantimes.com/2-minor-landslides-at-Kurla-Sewri/Article1-563290.aspx,,Known_within_5_km,Medium,,glc,2015,India,Mumbai,1.36347,Maharashtra,Konkan Division,12691836,IN,AS,DGcxNydc4,1,Tue Apr 01 2014 00:00:00 GMT+0000 (UTC),1,19.068999999999999,72.8703,"(19.068999999999999, 72.8703)"
2016,06/25/2010,,India,"Jeevandaya lane(?), Vijay Nagar, Ghatopar(Ghatkopar)",landslide,Landslide,Downpour,,0,,,http://www.daijiworld.com/news/news_disp.asp?n_id=80009,,Known_within_5_km,Medium,,glc,2016,India,Powai,1.45874,Maharashtra,,20000,IN,AS,hJ0XMfFKU,1,Tue Apr 01 2014 00:00:00 GMT+0000 (UTC),1,19.109500000000001,72.892899999999997,"(19.109500000000001, 72.892899999999997)"
2017,06/25/2010,,India,"tracks near Kulshekar, between Padil and Thokur, Mangalore to Mumbai",landslide,Landslide,Downpour,,,,Daijiworld ,http://www.daijiworld.com/printArticles.aspx?sectionID=80009&sectionName=news,Above_road,Known_within_5_km,Medium,http://www.daijiworld.com/img_news1/daya_260610_trainp1.jpg,glc,2017,India,Mangalore,3.98374,Karnataka,,417387,IN,AS,h5cDPqFB7,1,Tue Apr 01 2014 00:00:00 GMT+0000 (UTC),1,12.891634440000001,74.885487789999999,"(12.891634440000001, 74.885487789999999)"
2018,07/22/2010,Overnight,India,New Mhada Complex in Dindoshi,landslide,Landslide,Continuous_rain,,0,0,The Times of India,http://timesofindia.indiatimes.com/city/mumbai/Locals-on-edge-after-landslide-in-Dindoshi/articleshow/6096736.cms,Urban_area,Known_within_1_km,Medium,,glc,2018,India,Borivli,6.42035,Maharashtra,,609617,IN,AS,s9JJGedodD,2,Tue Sep 16 2014 14:03:41 GMT+0000 (UTC),2734298316,19.173777510000001,72.882743669999996,"(19.173777510000001, 72.882743669999996)"
2022,06/27/2010,Night,India,"again on tracks near Kulshekar, Mangalore",landslide,Landslide,Downpour,,0,,Unknown,,Above_road,Known_within_5_km,Medium,,glc,2022,India,Mangalore,3.98374,Karnataka,,417387,IN,AS,D5ysPyFBU,1,Tue Apr 01 2014 00:00:00 GMT+0000 (UTC),1,12.89307458,74.885673170000004,"(12.89307458, 74.885673170000004)"
2025,06/28/2010,,India,"Police CID complex(?), Shillong, Meghalaya",landslide,Landslide,Downpour,,1,,,http://www.hindustantimes.com/Girl-dies-in-landslide-flash-flood-wrecks-havoc-in-Meghalaya/Article1-564450.aspx,,Known_within_5_km,Medium,,glc,2025,India,Shillong,0.46891,MeghƒÅlaya,,132842,IN,AS,sJT9UgcQU,1,Tue Apr 01 2014 00:00:00 GMT+0000 (UTC),1,25.572800000000001,91.885000000000005,"(25.572800000000001, 91.885000000000005)"
2026,06/28/2010,,India,"Borsorsa(?), West Khasi Hills, Meghalaya",landslide,Landslide,Downpour,,0,,,http://www.neinews.com/girl-dies-5-injured-in-city-l2-missing-trucks-trapped-in-borsora.html,,Known_within_50_km,Medium,,glc,2026,India,Nongstoin,2.70765,MeghƒÅlaya,,25758,IN,AS,DJMJIPQBU,1,Tue Apr 01 2014 00:00:00 GMT+0000 (UTC),1,25.491599999999998,91.269800000000004,"(25.491599999999998, 91.269800000000004)"
2034,07/04/2010,,India,"Toy Train rails between Siliguri and Darjeeling, West Bengal",landslide,Landslide,Rain,,0,,,http://news.oneindia.in/2010/07/04/landslidedisrupts-toy-train-services-in-darjeelingdisappo.html,Below_road,Exact_Location,Medium,,glc,2034,India,KƒÅrsiyƒÅng,5.89631,Bengal,,46427,IN,AS,S9RCDS6bAh,2,Wed Mar 04 2015 00:22:19 GMT+0000 (UTC),3827067336,26.871200000000002,88.305199999999999,"(26.871200000000002, 88.305199999999999)"
2040,07/06/2010,,India,"highway to Uttarkashi district, Uttarakhand",landslide,Landslide,Downpour,,0,,,http://www.healthcarendiet.com/2010/07/06/monsoon-covers-almost-entire-india/,,Known_within_25_km,Medium,,glc,2040,India,UttarkƒÅshi,14.91461,Uttarakhand,,17123,IN,AS,s93NdkBKW,1,Tue Apr 01 2014 00:00:00 GMT+0000 (UTC),1,30.638000000000002,78.329700000000003,"(30.638000000000002, 78.329700000000003)"
2041,07/06/2010,,India,"highway to Rudraprayag district, Uttarakhand",landslide,Landslide,Downpour,,0,,,http://www.healthcarendiet.com/2010/07/06/monsoon-covers-almost-entire-india/,,Known_within_10_km,Medium,,glc,2041,India,Srƒ´nagar,10.16977,Uttarakhand,,20216,IN,AS,D9q1mnBK4,1,Tue Apr 01 2014 00:00:00 GMT+0000 (UTC),1,30.2485,78.884699999999995,"(30.2485, 78.884699999999995)"
2042,07/06/2010,,India,"Zunheboto, Nagaland",landslide,Mudslide,Monsoon,,0,,,http://www.morungexpress.com/local/51540.html,,Known_within_5_km,Medium,,glc,2042,India,Zunheboto,4.77695,NƒÅgƒÅland,,29499,IN,AS,DJ6SWdKcU,1,Tue Apr 01 2014 00:00:00 GMT+0000 (UTC),1,26.0093,94.523799999999994,"(26.0093, 94.523799999999994)"
2043,07/06/2010,,India,"Mon, Nagaland",landslide,Mudslide,Monsoon,,0,,,http://www.morungexpress.com/local/51540.html,,Known_within_5_km,Medium,,glc,2043,India,Mon,3.35789,NƒÅgƒÅland,,18742,IN,AS,sJuh4gQKU,1,Tue Apr 01 2014 00:00:00 GMT+0000 (UTC),1,26.7225,95.028099999999995,"(26.7225, 95.028099999999995)"
2044,07/06/2010,,India,"Kiphire,  Nagaland",landslide,Mudslide,Monsoon,,0,,,http://www.morungexpress.com/local/51540.html,,Known_within_5_km,Medium,,glc,2044,India,Zunheboto,28.374020000000002,NƒÅgƒÅland,,29499,IN,AS,S5YsUmcBU,1,Tue Apr 01 2014 00:00:00 GMT+0000 (UTC),1,25.887699999999999,94.786100000000005,"(25.887699999999999, 94.786100000000005)"
2045,07/06/2010,,India,"Tuensang, Nagaland",landslide,Mudslide,Monsoon,,0,,,http://www.morungexpress.com/local/51540.html,,Known_within_5_km,Medium,,glc,2045,India,Tuensang,3.57473,NƒÅgƒÅland,,33748,IN,AS,S5wDUFBc4,1,Tue Apr 01 2014 00:00:00 GMT+0000 (UTC),1,26.2363,94.813299999999998,"(26.2363, 94.813299999999998)"
2046,07/07/2010,,India,"near Rohtang Pass, Manali-Keylong rd, Himachal Pradesh",landslide,Landslide,Downpour,,0,,,http://www.himvani.com/news/2010/07/07/himachal-rivers-in-spate-nh-21-and-manali-keylong-road-blocked/5858/,,Known_within_15_km,Medium,,glc,2046,India,ManƒÅli,14.66456,Himachal Pradesh,,8341,IN,AS,S9LRh8KKU,1,Tue Apr 01 2014 00:00:00 GMT+0000 (UTC),1,32.3733,77.249799999999993,"(32.3733, 77.249799999999993)"
2047,07/07/2010,,India,"Chhatru(?), Gramphu(?)-Kaza rd, Himachal Pradesh",landslide,Landslide,Downpour,,0,,,http://www.himvani.com/news/2010/07/07/himachal-rivers-in-spate-nh-21-and-manali-keylong-road-blocked/5858/,,Known_within_50_km,Medium,,test,2047,India,SarƒÅhan,82.915710000000004,Himachal Pradesh,obe,1495,IN,AS,SGlo0Inigs,1,Tue Apr 01 2014 00:00:00 GMT+0000 (UTC),1,32.219000000000001,78.072000000000003,"(32.219000000000001, 78.072000000000003)"
2048,07/07/2010,,India,"Kala Nalah(?), Keylong-Udaipur rd, Himachal Pradesh",landslide,Landslide,Downpour,,0,,,http://www.himvani.com/news/2010/07/07/himachal-rivers-in-spate-nh-21-and-manali-keylong-road-blocked/5858/,,Known_within_25_km,Medium,,glc,2048,India,Kyelang,18.827839999999998,Himachal Pradesh,,14182,IN,AS,sGnemqFK4,1,Tue Apr 01 2014 00:00:00 GMT+0000 (UTC),1,32.659799999999997,76.852999999999994,"(32.659799999999997, 76.852999999999994)"
2049,07/07/2010,,India,"NH-22 between Rampur and Recong-Peo(Reckong Peo), Himachal Pradesh",landslide,Landslide,Downpour,,0,,,http://www.himvani.com/news/2010/07/07/himachal-rivers-in-spate-nh-21-and-manali-keylong-road-blocked/5858/,,Known_within_50_km,Medium,,glc,2049,India,SarƒÅhan,15.03698,Himachal Pradesh,,1495,IN,AS,S5G4ZkccU,1,Tue Apr 01 2014 00:00:00 GMT+0000 (UTC),1,31.504100000000001,77.952100000000002,"(31.504100000000001, 77.952100000000002)"
2050,07/07/2010,,India,"NH-22 beyond Recong-Peo(Reckong Peo),  Himachal Pradesh",landslide,Landslide,Downpour,,0,,,http://www.himvani.com/news/2010/07/07/himachal-rivers-in-spate-nh-21-and-manali-keylong-road-blocked/5858/,,Known_within_25_km,Medium,,test,2050,India,Diyag,35.107810000000001,Himachal Pradesh,obe,0,IN,AS,S99RAIlvds,1,Tue Apr 01 2014 00:00:00 GMT+0000 (UTC),1,31.645,78.435400000000001,"(31.645, 78.435400000000001)"
2051,07/07/2010,,India,"upper Shimla, Himachal Pradesh",landslide,Landslide,Downpour,,0,,,http://www.himvani.com/news/2010/07/07/himachal-rivers-in-spate-nh-21-and-manali-keylong-road-blocked/5858/,,Known_within_5_km,Medium,,glc,2051,India,Shimla,1.26428,Himachal Pradesh,,173503,IN,AS,hGMXD8Kc7,1,Tue Apr 01 2014 00:00:00 GMT+0000 (UTC),1,31.101099999999999,77.179299999999998,"(31.101099999999999, 77.179299999999998)"
2056,07/11/2010,,India,roads from Manali to Rohtang pass,landslide,Landslide,Downpour,,0,,,http://www.nepalnews.com/main/index.php/news-archive/19-general/7470-five-killed-five-missing-in-landslide-in-kaski-shyangja.html,,Known_within_10_km,Medium,,glc,2056,India,ManƒÅli,6.17008,Himachal Pradesh,,8341,IN,AS,DJy2DnBQ4,1,Tue Apr 01 2014 00:00:00 GMT+0000 (UTC),1,32.304000000000002,77.210599999999999,"(32.304000000000002, 77.210599999999999)"
2091,07/17/2010,,India,"Lana Mashoor(?) and Lana Polar(?) and Sewn(?) villages, Sirmaur district",landslide,Landslide,Downpour,,0,,,http://www.indolink.com/displayArticleS.php?id=071710064623,,Known_within_50_km,Medium,,glc,2091,India,PƒÅonta SƒÅhib,23.219270000000002,Himachal Pradesh,,21787,IN,AS,h9-IInBc7,1,Tue Apr 01 2014 00:00:00 GMT+0000 (UTC),1,30.6358,77.543499999999995,"(30.6358, 77.543499999999995)"
2098,07/19/2010,6:00:00,India,"Jahjon ward(?), Mon town, Nagaland",landslide,Landslide,Downpour,,0,,,http://news.xinhuanet.com/english2010/china/2010-07/22/c_13409842.htm,,Known_within_5_km,Medium,,glc,2098,India,Mon,3.39049,NƒÅgƒÅland,,18742,IN,AS,D9WmWdKKU,1,Tue Apr 01 2014 00:00:00 GMT+0000 (UTC),1,26.721499999999999,95.028300000000002,"(26.721499999999999, 95.028300000000002)"
2103,07/20/2010,,India,"Badrinath and Yamunotri shrines(?), Garhwal region, Uttarakhand",landslide,Landslide,Downpour,,0,,,http://news.xinhuanet.com/english2010/china/2010-07/20/c_13406188.htm,,Known_within_50_km,Medium,,glc,2103,India,Lansdowne,17.361619999999998,Uttarakhand,,8198,IN,AS,D5rqglQBW,1,Tue Apr 01 2014 00:00:00 GMT+0000 (UTC),1,29.9862,78.611500000000007,"(29.9862, 78.611500000000007)"
2104,07/20/2010,,India,"Tanakupur-Pitoragarh highway, Kumaon(Kumaun) region, Uttarakhand",landslide,Landslide,Downpour,,0,,,http://www.dnaindia.com/india/report_three-killed-as-heavy-rains-continue-to-lash-uttarakhand_1412378,,Known_within_50_km,Medium,,glc,2104,India,Champawat,5.43573,Uttarakhand,,4668,IN,AS,s5U0fkBKU,1,Tue Apr 01 2014 00:00:00 GMT+0000 (UTC),1,29.36,80.126000000000005,"(29.36, 80.126000000000005)"
2105,07/20/2010,Evening,India,"Bhimtal area, Naintal district, Uttarakhand",landslide,Landslide,Downpour,,1,,,,,Known_within_10_km,Medium,,glc,2105,India,Bhƒ´m TƒÅl,1.83184,Uttarakhand,,6625,IN,AS,DGlWylcQ7,1,Tue Apr 01 2014 00:00:00 GMT+0000 (UTC),1,29.357600000000001,79.551900000000003,"(29.357600000000001, 79.551900000000003)"
2106,07/20/2010,,India,"road to Oting near Longlam village, 13 km from Tizit subdivision, Mon district, Nagaland",landslide,Landslide,Downpour,,0,,,,,Known_within_15_km,Medium,,glc,2106,India,Mon,16.42483,NƒÅgƒÅland,,18742,IN,AS,D5Mc7gQc4,1,Tue Apr 01 2014 00:00:00 GMT+0000 (UTC),1,26.871600000000001,94.992099999999994,"(26.871600000000001, 94.992099999999994)"
2111,07/21/2010,,India,"Peruvai-Kadengodlu rd(?) between Vittal and Manila(Mani?), Bantwal tuluk, Karnataka",landslide,Landslide,Downpour,,0,,,http://himalnews.wordpress.com/2010/07/22/natural-disasters-landslides-destroy-houses/,,Known_within_10_km,Medium,,glc,2111,India,BantvƒÅl,8.052479999999999,Karnataka,,37619,IN,AS,DG0kuygcU,1,Tue Apr 01 2014 00:00:00 GMT+0000 (UTC),1,12.8277,75.077200000000005,"(12.8277, 75.077200000000005)"
2112,07/21/2010,Early Morning,India,"Zang(?), east Sikkim",landslide,Landslide,Downpour,,0,,,http://edition.cnn.com/2010/WORLD/americas/07/22/guatemala.landslide/#fbid=bnnV7ML6laj&wom=false,,Unknown,Medium,,glc,2112,India,Mangan,13.207879999999999,,,1464,IN,AS,D9_VStccW,1,Tue Apr 01 2014 00:00:00 GMT+0000 (UTC),1,27.550899999999999,88.647499999999994,"(27.550899999999999, 88.647499999999994)"
2113,07/21/2010,Early Morning,India,"Singtam-Mangan rd, Sikkim",landslide,Landslide,Downpour,,0,,,http://www.kuenselonline.com/modules.php?name=News&file=article&sid=16186,,Known_within_25_km,Medium,,glc,2113,India,Gangtok,7.76559,Sikkim,,30700,IN,AS,D5CHsuQK7,1,Tue Apr 01 2014 00:00:00 GMT+0000 (UTC),1,27.377300000000002,88.558999999999997,"(27.377300000000002, 88.558999999999997)"
2118,07/22/2010,5:00:00,India,"near Panthal, between Ramban and Ramsu(?), on Jammu-Srinagar hwy, Jammu and Kashmir",landslide,Landslide,Downpour,,0,,,http://www.hindustantimes.com/Landslides-floods-kill-2-in-Konkan-roads-tracks-blocked/Article1-576331.aspx,,Known_within_10_km,Medium,,glc,2118,India,BanihƒÅl,3.04809,Kashmir,,3278,IN,AS,h55_tTmB7,1,Tue Apr 01 2014 00:00:00 GMT+0000 (UTC),1,33.389299999999999,75.203000000000003,"(33.389299999999999, 75.203000000000003)"
2119,07/22/2010,,India,Rajapur-Vaibhavwadi section of the Konkan railway,landslide,Landslide,Downpour,,0,,,http://www.kuenselonline.com/modules.php?name=News&file=article&sid=16186,,Known_within_15_km,Medium,,glc,2119,India,RƒÅjƒÅpur,18.243230000000001,Maharashtra,,10718,IN,AS,hJgZlyFc7,1,Tue Apr 01 2014 00:00:00 GMT+0000 (UTC),1,16.567599999999999,73.660799999999995,"(16.567599999999999, 73.660799999999995)"
2120,07/22/2010,,India,"Patlot-Aghora road, Almora District ",landslide,Landslide,Downpour,,1,,,"http://www.portal.gsi.gov.in/portal/page?_pageid=127,875814&_dad=portal&_schema=PORTAL",,Known_within_10_km,Medium,,glc,2120,India,Almora,1.36937,Uttarakhand,,32442,IN,AS,D9yCfkKQ4,1,Tue Apr 01 2014 00:00:00 GMT+0000 (UTC),1,29.609500000000001,79.662800000000004,"(29.609500000000001, 79.662800000000004)"
2132,07/24/2010,Morning,India,"Konkan railway near Adavli Station, Maharashtra",landslide,Mudslide,Downpour,,,,Unknown,,Above_road,Known_within_15_km,Medium,,glc,2132,India,LƒÅnja,8.124090000000001,Maharashtra,,13121,IN,AS,DG4n8qFQW,1,Tue Apr 01 2014 00:00:00 GMT+0000 (UTC),1,16.939114270000001,73.474589399999999,"(16.939114270000001, 73.474589399999999)"
2134,07/25/2010,,India,Nivsar area,landslide,Landslide,Downpour,,,,DNA India,http://www.dnaindia.com/india/report_heavy-showers-trigger-landslides-in-maharashtra-himachal-pradesh_1414542,Unknown,Known_within_5_km,Medium,,glc,2134,India,LƒÅnja,13.91342,Maharashtra,,13121,IN,AS,sG7S8TdB4,1,Tue Apr 01 2014 00:00:00 GMT+0000 (UTC),1,16.940541880000001,73.46485294,"(16.940541880000001, 73.46485294)"
2135,07/25/2010,,India,Dharamsala roads,landslide,Landslide,Downpour,,0,,,http://www.himvani.com/news/2010/07/26/two-die-10-sustain-injuries-as-landslide-buried-shanties-in-shimla/6153/,,Known_within_10_km,Medium,,glc,2135,India,DharmsƒÅla,5.61442,Himachal Pradesh,,19540,IN,AS,D5E8dfdK4,1,Tue Apr 01 2014 00:00:00 GMT+0000 (UTC),1,32.206699999999998,76.364099999999993,"(32.206699999999998, 76.364099999999993)"
2136,07/25/2010,,India,Solan roads,landslide,Landslide,Downpour,,0,,,http://www.himvani.com/news/2010/07/26/two-die-10-sustain-injuries-as-landslide-buried-shanties-in-shimla/6153/,,Known_within_15_km,Medium,,glc,2136,India,Solan,1.24099,Himachal Pradesh,,40283,IN,AS,D5L9ByFK7,1,Tue Apr 01 2014 00:00:00 GMT+0000 (UTC),1,30.904,77.096900000000005,"(30.904, 77.096900000000005)"
2137,07/25/2010,,India,Nahan roads,landslide,Landslide,Downpour,,0,,,http://www.himvani.com/news/2010/07/26/two-die-10-sustain-injuries-as-landslide-buried-shanties-in-shimla/6153/,,Known_within_5_km,Medium,,glc,2137,India,NƒÅhan,0.52535,Himachal Pradesh,,27544,IN,AS,DGdUslcc7,1,Tue Apr 01 2014 00:00:00 GMT+0000 (UTC),1,30.558900000000001,77.288899999999998,"(30.558900000000001, 77.288899999999998)"
2138,07/25/2010,Morning,India,"Kanlog, Shimla, Himachal Pradesh",landslide,Landslide,Downpour,,2,,Himvani,http://www.himvani.com/news/2010/07/26/two-die-10-sustain-injuries-as-landslide-buried-shanties-in-shimla/6153/,Urban_area,Known_within_5_km,Medium,,glc,2138,India,Shimla,1.25818,Himachal Pradesh,,173503,IN,AS,sGXfSlcBW,1,Tue Apr 01 2014 00:00:00 GMT+0000 (UTC),1,31.0931,77.167500000000004,"(31.0931, 77.167500000000004)"
2139,07/25/2010,,India,Ruldu Bhatta locality near Lakkar Bazaar,landslide,Landslide,Downpour,,0,3,Indian Express,http://archive.indianexpress.com/news/two-dead-as-heavy-rains-cause-landslides-in/651713/,Urban_area,Known_within_5_km,Medium,,glc,2139,India,Shimla,0.58978,Himachal Pradesh,,173503,IN,AS,h9ewhnccU,1,Tue Apr 01 2014 00:00:00 GMT+0000 (UTC),1,31.105399999999999,77.172700000000006,"(31.105399999999999, 77.172700000000006)"
2140,07/25/2010,,India,"road between Halfong and Redzol(?) or Silchar, Assam",landslide,Landslide,Downpour,,0,,,https://www.telegraphindia.com/1100727/jsp/northeast/story_12728199.jsp,,Known_within_25_km,Medium,,glc,2140,India,Silchar,24.4132,Assam,,152393,IN,AS,hJ2bWmccW,1,Tue Apr 01 2014 00:00:00 GMT+0000 (UTC),1,25.047699999999999,92.801000000000002,"(25.047699999999999, 92.801000000000002)"
2145,07/26/2010,,India,"Nivsar, Maharashtra",landslide,Landslide,Downpour,,,,India Today,http://indiatoday.intoday.in/story/landslide-halts-konkan-railway-traffic-passengers-stranded/1/106731.html,Above_road,Known_within_5_km,Medium,,glc,2145,India,LƒÅnja,13.91342,Maharashtra,,13121,IN,AS,s51DkqgBU,1,Tue Apr 01 2014 00:00:00 GMT+0000 (UTC),1,16.940572320000001,73.464763770000005,"(16.940572320000001, 73.464763770000005)"
2161,07/29/2010,,India,,landslide,Landslide,Downpour,,0,,,,,Known_within_10_km,Medium,,glc,2161,India,UttarkƒÅshi,2.02811,Uttarakhand,,17123,IN,AS,S5pQmnBBU,1,Tue Apr 01 2014 00:00:00 GMT+0000 (UTC),1,30.746700000000001,78.451700000000002,"(30.746700000000001, 78.451700000000002)"
2162,07/29/2010,,India,,landslide,Landslide,Downpour,,0,,,,,Known_within_10_km,Medium,,glc,2162,India,Pƒ´palkoti,8.750220000000001,Uttarakhand,Chamoli district,2000,IN,AS,S9JxyncQW,1,Tue Apr 01 2014 00:00:00 GMT+0000 (UTC),1,30.4054,79.342600000000004,"(30.4054, 79.342600000000004)"
2163,07/29/2010,,India,"Maram area in Senapati district, National Highway 39",landslide,Landslide,Downpour,,0,,,,,Known_within_5_km,Medium,,glc,2163,India,Kohima,28.26285,NƒÅgƒÅland,,92113,IN,AS,SGoT7gBcU,1,Tue Apr 01 2014 00:00:00 GMT+0000 (UTC),1,25.419599999999999,94.105400000000003,"(25.419599999999999, 94.105400000000003)"
2164,07/29/2010,Night,India,"Chingai-Kuingai(Quingai) route (16 kms), Chingai subdivision, Ukhrul district, Manipur",landslide,Landslide,Downpour,,0,,,,,Known_within_25_km,Medium,,glc,2164,India,Phek,39.511859999999999,Manipur,,15118,IN,AS,sGCyWgcB4,1,Tue Apr 01 2014 00:00:00 GMT+0000 (UTC),1,25.3098633,94.48214677,"(25.3098633, 94.48214677)"
2165,07/29/2010,,India,"Shakthinagar, Mangalore",landslide,Landslide,Downpour,,0,,,"http://www.portal.gsi.gov.in/portal/page?_pageid=127,875814&_dad=portal&_schema=PORTAL",,Known_within_10_km,Medium,,glc,2165,India,Mangalore,3.01848,Karnataka,,417387,IN,AS,D94JZTdc4,1,Tue Apr 01 2014 00:00:00 GMT+0000 (UTC),1,12.896000000000001,74.873500000000007,"(12.896000000000001, 74.873500000000007)"
2166,07/29/2010,,India,"Highway 53 at Tupul, Tamenglong district",landslide,Landslide,Downpour,,0,,,"http://www.portal.gsi.gov.in/portal/page?_pageid=127,875814&_dad=portal&_schema=PORTAL",,Known_within_10_km,Medium,,glc,2166,India,Mahur,45.334859999999999,Assam,,7176,IN,AS,SGSe7gQQ4,1,Tue Apr 01 2014 00:00:00 GMT+0000 (UTC),1,24.9786,93.502700000000004,"(24.9786, 93.502700000000004)"
2176,07/30/2010,Afternoon,India,"Amboli, Belagum, 1.5 km from main waterfalls",landslide,Landslide,Rain,,0,,,,,Known_within_5_km,Medium,,glc,2176,India,SƒÅvantvƒÅdi,19.34853,Maharashtra,,23384,IN,AS,h5nwkfdK7,1,Tue Apr 01 2014 00:00:00 GMT+0000 (UTC),1,15.951700000000001,73.995800000000003,"(15.951700000000001, 73.995800000000003)"
2177,07/30/2010,,India,"Amboli ghat in Sindhdurg, Konkan",landslide,Landslide,Downpour,,0,,,,,Known_within_5_km,Medium,,glc,2177,India,SƒÅvantvƒÅdi,16.27872,Maharashtra,,23384,IN,AS,SG2flTgK7,1,Tue Apr 01 2014 00:00:00 GMT+0000 (UTC),1,15.949,73.966700000000003,"(15.949, 73.966700000000003)"
2180,07/31/2010,Early Morning,India,"Padil, NH - 48",landslide,Landslide,Downpour,,0,,,,,Known_within_5_km,Medium,,glc,2180,India,Mangalore,6.02638,Karnataka,,417387,IN,AS,D98SPqFQ7,1,Tue Apr 01 2014 00:00:00 GMT+0000 (UTC),1,12.871499999999999,74.886200000000002,"(12.871499999999999, 74.886200000000002)"
2181,07/31/2010,18:20:00,India,"Milimd Nagar slum, Ghatkopar area in suburban Mumbai",landslide,Landslide,Downpour,,0,0,Times of India,http://timesofindia.indiatimes.com/city/mumbai/Heavy-rains-cause-landslide-in-suburban-Mumbai/articleshow/6241961.cms,Urban_area,Known_within_1km,Medium,,glc,2181,India,Powai,2.15021,Maharashtra,,20000,IN,AS,DGXh39VgAM,2,Wed Jan 06 2016 21:12:06 GMT+0000 (UTC),2619379963,19.128699999999998,72.888900000000007,"(19.128699999999998, 72.888900000000007)"
2182,07/31/2010,Morning,India,Dimapur-Imphal highway (NH 39) near Manipur,landslide,Landslide,Rain,,0,,,,,Known_within_25_km,Medium,,glc,2182,India,Imphal,17.364820000000002,Manipur,,223523,IN,AS,S5twWFcBW,1,Tue Apr 01 2014 00:00:00 GMT+0000 (UTC),1,24.935600000000001,93.844300000000004,"(24.935600000000001, 93.844300000000004)"
2183,07/31/2010,,India,NH-22 near Taradevi,landslide,Landslide,Downpour,,0,,,"http://www.portal.gsi.gov.in/portal/page?_pageid=127,875814&_dad=portal&_schema=PORTAL",Deforested_slope,Known_within_10_km,Medium,,glc,2183,India,Jutogh,4.11262,Himachal Pradesh,,2467,IN,AS,sGSjS8cBU,1,Tue Apr 01 2014 00:00:00 GMT+0000 (UTC),1,31.0655,77.132499999999993,"(31.0655, 77.132499999999993)"
2198,08/04/2010,,India,"Baralacha La and Rahni Nallah, Himachal Pradesh along Manali ‚Äì Leh highway",landslide,Landslide,Downpour,,0,,,"http://www.portal.gsi.gov.in/portal/page?_pageid=127,875814&_dad=portal&_schema=PORTAL",,Known_within_10_km,Medium,,glc,2198,India,Kyelang,41.909959999999998,Himachal Pradesh,,14182,IN,AS,hJ6SNlQc4,1,Tue Apr 01 2014 00:00:00 GMT+0000 (UTC),1,32.757100000000001,77.413799999999995,"(32.757100000000001, 77.413799999999995)"
2201,08/05/2010,,India,"Darjeeling district, West Bengal, Toy Train route",landslide,Landslide,Downpour,,0,,,,,Known_within_5_km,Medium,,glc,2201,India,DƒÅrjiling,0.51321,Bengal,,123797,IN,AS,DJ1jGZcKW,1,Tue Apr 01 2014 00:00:00 GMT+0000 (UTC),1,27.0366,88.263000000000005,"(27.0366, 88.263000000000005)"
2202,08/05/2010,Early Morning,India,"Basantpur or Gouchar village (two conflicting sources), Chamoli district",landslide,Landslide,Downpour,,5,,,,,Known_within_25_km,Medium,,glc,2202,India,Pƒ´palkoti,9.41328,Uttarakhand,Chamoli district,2000,IN,AS,DGA_TlQcW,1,Tue Apr 01 2014 00:00:00 GMT+0000 (UTC),1,30.4068,79.335099999999997,"(30.4068, 79.335099999999997)"
2205,08/06/2010,,India,"Dawrpui Vengthar cemetary, Aizwal, Mizoram",landslide,Landslide,Downpour,,0,,,"http://www.portal.gsi.gov.in/portal/page?_pageid=127,875814&_dad=portal&_schema=PORTAL",,Known_within_1_km,Medium,,glc,2205,India,Aizawl,0.90276,Mizoram,,265331,IN,AS,s5iwWgKQ7,1,Tue Apr 01 2014 00:00:00 GMT+0000 (UTC),1,23.736499999999999,92.714600000000004,"(23.736499999999999, 92.714600000000004)"
2206,08/06/2010,0:30:00,India,"villages Shapoo(?), Bazgo(?) and wide area around Leh, Ladakh, Jammu and Kashmir",landslide,Landslide,Downpour,,234,,,,,Known_within_50_km,Very_large,,glc,2206,India,Leh,9.308070000000001,Kashmir,,37475,IN,AS,sJdWgzgfFs,2,Thu Sep 11 2014 17:42:30 GMT+0000 (UTC),2875400958,34.141599999999997,77.487099999999998,"(34.141599999999997, 77.487099999999998)"
2207,08/06/2010,0:30:00,India,"Sabu(Saboo) village, Leh, Ladakh, Jammu and Kashmir",landslide,Landslide,Downpour,,11,,,,,Known_within_5_km,Large,,glc,2207,India,Leh,6.70396,Kashmir,,37475,IN,AS,hJm9hVFTgh,2,Thu Sep 11 2014 17:40:27 GMT+0000 (UTC),1241135486,34.148099999999999,77.653800000000004,"(34.148099999999999, 77.653800000000004)"
2208,08/06/2010,0:15:00,India,"Nimoo(Nimu)(Nimmoo) village, Leh, Ladakh, Jammu and Kashmir",landslide,Landslide,Downpour,,182,,,,,Known_within_5_km,Large,,glc,2208,India,Leh,22.145399999999999,Kashmir,,37475,IN,AS,h56P4g21dh,2,Mon Sep 15 2014 19:29:46 GMT+0000 (UTC),3268302947,34.211599999999997,77.350399999999993,"(34.211599999999997, 77.350399999999993)"
2209,08/06/2010,0:30:00,India,"Phyang village, Leh, Ladakh, Jammu and Kashmir",landslide,Landslide,Downpour,,0,,,,,Known_within_5_km,Large,,glc,2209,India,Leh,8.31461,Kashmir,,37475,IN,AS,hJRmIadEFh,2,Tue Sep 16 2014 14:04:42 GMT+0000 (UTC),1164410065,34.207999999999998,77.510099999999994,"(34.207999999999998, 77.510099999999994)"
2210,08/06/2010,0:30:00,India,"Leh airport, Ladakh, Jammu and Kashmir",landslide,Landslide,Downpour,,0,,,,,Known_within_5_km,Large,,glc,2210,India,Leh,2.89938,Kashmir,,37475,IN,AS,SJfxwegydD,2,Thu Sep 11 2014 17:37:18 GMT+0000 (UTC),3422427377,34.161900000000003,77.552800000000005,"(34.161900000000003, 77.552800000000005)"
2211,08/06/2010,0:30:00,India,"Ney village, Ladakh, Jammu and Kashmir",landslide,Landslide,Downpour,,0,,,,,Known_within_5_km,Large,,glc,2211,India,Leh,28.41985,Kashmir,,37475,IN,AS,sGtnV2f1FS,2,Mon Sep 15 2014 14:41:45 GMT+0000 (UTC),4103859683,34.306100000000001,77.326499999999996,"(34.306100000000001, 77.326499999999996)"
2212,08/06/2010,0:30:00,India,"eastern edge of Leh city, Ladakh, Jammu and Kashmir",landslide,Landslide,Downpour,,0,,,,,Known_within_5_km,Large,,glc,2212,India,Leh,2.22404,Kashmir,,37475,IN,AS,D5UmK_Fymh,2,Thu Sep 11 2014 17:35:54 GMT+0000 (UTC),608104327,34.148200000000003,77.597099999999998,"(34.148200000000003, 77.597099999999998)"
2213,08/06/2010,0:30:00,India,"Choglamsar(Choklamsar) village, Jammu and Kashmir",landslide,Mudslide,Downpour,,0,,,,,Known_within_5_km,Very_large,,glc,2213,India,Leh,5.95852,Kashmir,,37475,IN,AS,SJ4St_gqdS,2,Thu Sep 11 2014 17:34:56 GMT+0000 (UTC),1684446679,34.111400000000003,77.587400000000002,"(34.111400000000003, 77.587400000000002)"
2214,08/06/2010,,India,,landslide,Landslide,Downpour,,0,,,,,Known_within_15_km,Medium,,glc,2214,India,DƒÅrjiling,0.60669,Bengal,,123797,IN,AS,S5TYJPBc7,1,Tue Apr 01 2014 00:00:00 GMT+0000 (UTC),1,27.037500000000001,88.262699999999995,"(27.037500000000001, 88.262699999999995)"
2215,08/06/2010,1:00:00,India,Manali-Chandigarh highway,landslide,Landslide,Downpour,,0,,,,,Known_within_25_km,Medium,,glc,2215,India,ManƒÅli,14.305569999999999,Himachal Pradesh,,8341,IN,AS,SGXLDkcQU,1,Tue Apr 01 2014 00:00:00 GMT+0000 (UTC),1,32.371000000000002,77.246799999999993,"(32.371000000000002, 77.246799999999993)"
2226,08/09/2010,Evening,India,,landslide,Landslide,Downpour,,1,,,,,Known_within_5_km,Medium,,glc,2226,India,KishtwƒÅr,2.31704,Kashmir,,20553,IN,AS,s9X-ZqdQW,1,Tue Apr 01 2014 00:00:00 GMT+0000 (UTC),1,33.334000000000003,75.762699999999995,"(33.334000000000003, 75.762699999999995)"
2227,08/09/2010,,India,"Nirgaddu about 4 km from Tapovan on Rishikesh - Badrinath route, Uttarakhand ",landslide,Landslide,Downpour,,0,,,"http://www.portal.gsi.gov.in/portal/page?_pageid=127,875814&_dad=portal&_schema=PORTAL",,Known_within_50_km,Medium,,glc,2227,India,Joshƒ´math,10.600949999999999,Uttarakhand,,13865,IN,AS,h5zEylcc4,1,Tue Apr 01 2014 00:00:00 GMT+0000 (UTC),1,30.6463,79.530600000000007,"(30.6463, 79.530600000000007)"
2228,08/09/2010,,India,"Dharasu and Nalupani near Uttarkashi on Rishikesh ‚Äì Gangotri highway, Uttarakhand ",landslide,Landslide,Downpour,,0,,,"http://www.portal.gsi.gov.in/portal/page?_pageid=127,875814&_dad=portal&_schema=PORTAL",,Known_within_25_km,Medium,,glc,2228,India,UttarkƒÅshi,10.809990000000001,Uttarakhand,,17123,IN,AS,s91kglcB7,1,Tue Apr 01 2014 00:00:00 GMT+0000 (UTC),1,30.6785,78.347499999999997,"(30.6785, 78.347499999999997)"
2229,08/09/2010,,India,"Menagarh near Sukki on Rishikesh ‚Äì Gangotri highway, Uttarakhand ",landslide,Landslide,Downpour,,0,,,"http://www.portal.gsi.gov.in/portal/page?_pageid=127,875814&_dad=portal&_schema=PORTAL",,Known_within_50_km,Medium,,glc,2229,India,Tehri,17.469940000000001,Uttarakhand,,27611,IN,AS,s54lglKc4,1,Tue Apr 01 2014 00:00:00 GMT+0000 (UTC),1,30.5151,78.368399999999994,"(30.5151, 78.368399999999994)"
2234,08/11/2010,5:00:00,India,"Kullu, Himachal Pradesh",landslide,Landslide,Downpour,,0,,,,,Known_within_10_km,Medium,,glc,2234,India,Kulu,0.18345,Himachal Pradesh,,19831,IN,AS,s5chQfFK7,1,Tue Apr 01 2014 00:00:00 GMT+0000 (UTC),1,31.957999999999998,77.110399999999998,"(31.957999999999998, 77.110399999999998)"
2241,08/13/2010,,India,"Gangotree national highway near Bhatvaree, Uttarkashi district",landslide,Landslide,Downpour,,,,Unknown,,Above_road,Known_within_5_km,Medium,,glc,2241,India,UttarkƒÅshi,19.425899999999999,Uttarakhand,,17123,IN,AS,s9ywg8QKW,1,Tue Apr 01 2014 00:00:00 GMT+0000 (UTC),1,30.802000289999999,78.617862819999999,"(30.802000289999999, 78.617862819999999)"
2242,08/13/2010,,India,"Chandigarh-Shimla national highway (NH 22), near Parwanoo, Himachal pradesh",landslide,Landslide,Rain,,0,,,,,Known_within_5_km,Medium,,glc,2242,India,Parwanoo,3.2837,Himachal Pradesh,,8609,IN,AS,s9ToAbFyFS,2,Thu Sep 11 2014 17:25:50 GMT+0000 (UTC),3269409070,30.8522,76.991,"(30.8522, 76.991)"
2243,08/13/2010,,India,"NH-39 near Kohima Municipality Council(KMC) dumping ground, between Zubza(Sechu) and Kohima, Nagaland",landslide,Landslide,Downpour,,0,,E-PAO,http://e-pao.net/GP.asp?src=21..210810.aug10,Mine_construction,Known_within_5_km,Medium,,glc,2243,India,Kohima,5.6985,NƒÅgƒÅland,,92113,IN,AS,h53X4mKcW,1,Tue Apr 01 2014 00:00:00 GMT+0000 (UTC),1,25.70223725,94.046196809999998,"(25.70223725, 94.046196809999998)"
2246,08/14/2010,,India,,landslide,Landslide,Downpour,,2,,,,,Known_within_5_km,Medium,,glc,2246,India,Solan,1.48396,Himachal Pradesh,,40283,IN,AS,s5mzulzOgs,2,Mon Sep 15 2014 17:23:13 GMT+0000 (UTC),2485641021,30.901199999999999,77.095799999999997,"(30.901199999999999, 77.095799999999997)"
2247,08/14/2010,,India,"Tuensang-Shamatore(Sampurre) rd, Nagaland",landslide,Landslide,Downpour,,0,,,,,Known_within_10_km,Medium,,glc,2247,India,Tuensang,13.31188,NƒÅgƒÅland,,33748,IN,AS,S9F14gBc4,1,Tue Apr 01 2014 00:00:00 GMT+0000 (UTC),1,26.148,94.842200000000005,"(26.148, 94.842200000000005)"
2248,08/14/2010,,India,"Noklak-Tuensang road, Nagaland",landslide,Landslide,Downpour,,0,,,,,Known_within_15_km,Medium,,glc,2248,India,Tuensang,10.375450000000001,NƒÅgƒÅland,,33748,IN,AS,h9bOWdKKU,1,Tue Apr 01 2014 00:00:00 GMT+0000 (UTC),1,26.222000000000001,94.915199999999999,"(26.222000000000001, 94.915199999999999)"
2249,08/14/2010,,India,"Kiphire-Tuensang rd, Nagaland",landslide,Landslide,Downpour,,0,,,,,Known_within_25_km,Medium,,glc,2249,India,Tuensang,20.676169999999999,NƒÅgƒÅland,,33748,IN,AS,S9V14dcB4,1,Tue Apr 01 2014 00:00:00 GMT+0000 (UTC),1,26.081399999999999,94.802999999999997,"(26.081399999999999, 94.802999999999997)"
2253,08/15/2010,Night,India,"Chingai-Kuingai(Quingai) route (16 kms), Chingai subdivision, Ukhrul district, Manipur",landslide,Landslide,Downpour,,0,,,,,Known_within_25_km,Medium,,glc,2253,India,Phek,39.511859999999999,Manipur,,15118,IN,AS,S9hLUdBBU,1,Tue Apr 01 2014 00:00:00 GMT+0000 (UTC),1,25.31006064,94.482650930000005,"(25.31006064, 94.482650930000005)"
2257,08/16/2010,,India,"badrinath route, Lambagarh(?), Uttarakhand",landslide,Landslide,Downpour,,0,,,,,Known_within_25_km,Medium,,glc,2257,India,Joshƒ´math,20.252140000000001,Uttarakhand,,13865,IN,AS,D9gof8KKW,1,Tue Apr 01 2014 00:00:00 GMT+0000 (UTC),1,30.728400000000001,79.497100000000003,"(30.728400000000001, 79.497100000000003)"
2260,08/17/2010,13:00:00,India,"Rajeev Nagar(?) or Narayan Nagar, Asalfa village, between Ghatkopar and Saki Naka area, somewhere near Lal Bahadur Shastri, Andheri Suburb. Mumbai urban center, ",landslide,Landslide,Downpour,,1,,,,,Known_within_5_km,Medium,,glc,2260,India,Powai,2.00197,Maharashtra,,20000,IN,AS,s9FrMfmc7,1,Tue Apr 01 2014 00:00:00 GMT+0000 (UTC),1,19.099699999999999,72.897400000000005,"(19.099699999999999, 72.897400000000005)"
2261,08/17/2010,Early Morning,India,"Hatisur(?), Sevok(Sevoke), Kalimpong sub-division, NH 31A between Siliguri and Gangtok, Sikkim",landslide,Landslide,Downpour,,0,,,,,Known_within_10_km,Medium,,glc,2261,India,KƒÅlimpang,13.98232,Bengal,,43000,IN,AS,S9juhtBc7,1,Tue Apr 01 2014 00:00:00 GMT+0000 (UTC),1,26.9435,88.444500000000005,"(26.9435, 88.444500000000005)"
2262,08/17/2010,,India,"Sonabai Niwas(?), Kalwa, Mumbai",landslide,Landslide,Downpour,,10,,,,,Known_within_5_km,Medium,,glc,2262,India,ThƒÅne,4.98541,Maharashtra,,1261517,IN,AS,s9jUNTgc7,1,Tue Apr 01 2014 00:00:00 GMT+0000 (UTC),1,19.199300000000001,73.010900000000007,"(19.199300000000001, 73.010900000000007)"
2263,08/17/2010,,India,"Dikhu bridge(?), Mokokchung-Tuensang road, Nagaland",landslide,Landslide,Downpour,,0,,,,,Known_within_25_km,Medium,,glc,2263,India,Mokokch≈´ng,15.676270000000001,NƒÅgƒÅland,,34021,IN,AS,sJEoWdBKW,1,Tue Apr 01 2014 00:00:00 GMT+0000 (UTC),1,26.275300000000001,94.665400000000005,"(26.275300000000001, 94.665400000000005)"
2267,08/18/2010,4:30:00,India,"Pomendi Hill(?), Goa-Mumbai Konkan railway, both sides of Ratnagiri, Maharashtra",landslide,Landslide,Downpour,,0,,,,,Known_within_25_km,Medium,,glc,2267,India,Ratnagiri,22.092110000000002,Maharashtra,Konkan Division,75986,IN,AS,h5CIkqgc4,1,Tue Apr 01 2014 00:00:00 GMT+0000 (UTC),1,17.066099999999999,73.502700000000004,"(17.066099999999999, 73.502700000000004)"
2268,08/18/2010,8:30:00,India,"Saraswati Shishu Mandir school(?), Sumgarh(Sumgad) village(?), Bageshwar-Pindari glacier rd 45 km from Bageshwar, Kapkot, Bageshwar, Uttarakhand",landslide,Complex,Downpour,,18,,,,,Known_within_10_km,Large,,glc,2268,India,BƒÅgeshwar,24.554020000000001,Uttarakhand,,8708,IN,AS,D9SpTlBK7,1,Tue Apr 01 2014 00:00:00 GMT+0000 (UTC),1,30.013400000000001,79.926100000000005,"(30.013400000000001, 79.926100000000005)"
2279,08/19/2010,,India,"NH 31A at Likhuvir(?), near Teesta Bazar, 42nd Km marker(?), Kalimpong, West Bengal cutting off Sikkim and Kalimpong",landslide,Landslide,Downpour,,0,,,,,Known_within_10_km,Medium,,glc,2279,India,KƒÅlimpang,10.784739999999999,Bengal,,43000,IN,AS,hJEZsuQc4,1,Tue Apr 01 2014 00:00:00 GMT+0000 (UTC),1,26.972200000000001,88.448099999999997,"(26.972200000000001, 88.448099999999997)"
2280,08/19/2010,Evening,India,"Eknath(?) Chawl, Sainic Nagar(?), below Mumbra Hill, Mumbra, near Mumbai, Maharashtra",landslide,Landslide,Downpour,,6,,,,,Known_within_1_km,Medium,,glc,2280,India,Airoli,4.97076,Maharashtra,,100000,IN,AS,hGe4NqFB4,1,Tue Apr 01 2014 00:00:00 GMT+0000 (UTC),1,19.1935,73.011399999999995,"(19.1935, 73.011399999999995)"
2281,08/19/2010,Evening,India,"Kisima, Nagaland",landslide,Landslide,Downpour,,,,E-PAO,http://e-pao.net/GP.asp?src=21..210810.aug10,Above_road,Known_within_5_km,Medium,,glc,2281,India,Kohima,11.44167,NƒÅgƒÅland,,92113,IN,AS,SGsU7mKQW,1,Tue Apr 01 2014 00:00:00 GMT+0000 (UTC),1,25.615602519999999,94.116034929999998,"(25.615602519999999, 94.116034929999998)"
2282,08/19/2010,6:30:00,India,"Tuensang-Kohima rd, 3 km outside Tuensang, Nagaland",landslide,Landslide,Downpour,,0,,,,,Known_within_1_km,Medium,,glc,2282,India,Tuensang,7.65096,NƒÅgƒÅland,,33748,IN,AS,sJk4UgccU,1,Tue Apr 01 2014 00:00:00 GMT+0000 (UTC),1,26.198399999999999,94.815799999999996,"(26.198399999999999, 94.815799999999996)"
2283,08/19/2010,,India,"2 km from Khongsang village(?), road between Tamenglong and Imphal or Nungba, Manipur",landslide,Mudslide,Downpour,,0,,,,,Known_within_5_km,Medium,,glc,2283,India,Imphal,46.367780000000003,Manipur,,223523,IN,AS,h5dUUFcQU,1,Tue Apr 01 2014 00:00:00 GMT+0000 (UTC),1,24.896100000000001,93.495699999999999,"(24.896100000000001, 93.495699999999999)"
2290,08/20/2010,,India,"Gaurikund, road to Kedarnath, Garwhal division, Uttarakhand",landslide,Landslide,Downpour,,0,,,,,Known_within_5_km,Medium,,glc,2290,India,RudraprayƒÅg,40.808790000000002,Uttarakhand,,2571,IN,AS,h5xRFkQB4,1,Tue Apr 01 2014 00:00:00 GMT+0000 (UTC),1,30.6509,79.026399999999995,"(30.6509, 79.026399999999995)"
2291,08/20/2010,,India,"Ranachatti(?), route to Yamunotri, Garwhal division, Uttarakhand",landslide,Landslide,Downpour,,0,,,,,Known_within_10_km,Medium,,glc,2291,India,UttarkƒÅshi,26.319400000000002,Uttarakhand,,17123,IN,AS,D5Cug8Kc4,1,Tue Apr 01 2014 00:00:00 GMT+0000 (UTC),1,30.966000000000001,78.415099999999995,"(30.966000000000001, 78.415099999999995)"
2292,08/20/2010,,India,"Bhatwari, Rishikesh-Gangotri highway, Uttarkhand",landslide,Landslide,Downpour,,0,,,,,Known_within_5_km,Medium,,glc,2292,India,UttarkƒÅshi,19.425899999999999,Uttarakhand,,17123,IN,AS,SJVagnQK7,1,Tue Apr 01 2014 00:00:00 GMT+0000 (UTC),1,30.818300000000001,78.618600000000001,"(30.818300000000001, 78.618600000000001)"
2293,08/20/2010,,India,"Nalupani(?), Rishikesh-Gangotri highway, Uttarkhand",landslide,Landslide,Downpour,,0,,,,,Known_within_50_km,Medium,,glc,2293,India,UttarkƒÅshi,19.201750000000001,Uttarakhand,,17123,IN,AS,D96Vg8KQ4,1,Tue Apr 01 2014 00:00:00 GMT+0000 (UTC),1,30.722100000000001,78.643699999999995,"(30.722100000000001, 78.643699999999995)"
2294,08/20/2010,,India,"Lambagad(?), Rishikesh-Badrinath highway, Uttarakhand",landslide,Landslide,Downpour,,0,,,,,Unknown,Medium,,glc,2294,India,RudraprayƒÅg,17.917400000000001,Uttarakhand,,2571,IN,AS,s9BrdnBc4,1,Tue Apr 01 2014 00:00:00 GMT+0000 (UTC),1,30.384599999999999,78.837100000000007,"(30.384599999999999, 78.837100000000007)"
2296,08/20/2010,,India,"many locations around Namchi, Sikkim",landslide,Complex,Downpour,,0,,,,,Known_within_10_km,Medium,,glc,2296,India,Namchi,0.47225,Sikkim,,1147,IN,AS,DGO8stcBU,1,Tue Apr 01 2014 00:00:00 GMT+0000 (UTC),1,27.167000000000002,88.365200000000002,"(27.167000000000002, 88.365200000000002)"
2304,08/21/2010,Evening,India,"NH 39 at Kigwema(?), between Mao Gate and Kohima, Nagaland",landslide,Landslide,Downpour,,0,,,,,Known_within_10_km,Medium,,glc,2304,India,Kohima,11.44167,NƒÅgƒÅland,,92113,IN,AS,h5lCUmQKU,1,Tue Apr 01 2014 00:00:00 GMT+0000 (UTC),1,25.5718,94.121099999999998,"(25.5718, 94.121099999999998)"
2305,08/21/2010,,India,"Jeori-Ganvi(?) rd, Kinnuar(Kinnaur) district, Himachal Pradesh",landslide,Landslide,Downpour,,0,,,,,Known_within_15_km,Medium,,glc,2305,India,SarƒÅhan,2.87181,Himachal Pradesh,,1495,IN,AS,D5kEPncQW,1,Tue Apr 01 2014 00:00:00 GMT+0000 (UTC),1,31.5304,77.775499999999994,"(31.5304, 77.775499999999994)"
2309,08/22/2010,,India,"Chandoli(?) and Karchuna(?) vilalges, Pokkhri, Chamoli, Uttarakhand, Uttranchal",landslide,Landslide,Downpour,,0,,,,,Known_within_25_km,Medium,,glc,2309,India,Joshƒ´math,17.823219999999999,Uttarakhand,,13865,IN,AS,hJzCyncB7,1,Tue Apr 01 2014 00:00:00 GMT+0000 (UTC),1,30.4238,79.672399999999996,"(30.4238, 79.672399999999996)"
2310,08/22/2010,,India,"Srinagar-Garhwal area of Pauri district, Uttarakhand, Uttranchal",landslide,Complex,Downpour,,1,,,,,Unknown,Medium,,glc,2310,India,NƒÅrƒÅyangarh,9.53462,Haryana,,20085,IN,AS,hJQpmygc4,1,Tue Apr 01 2014 00:00:00 GMT+0000 (UTC),1,30.4084,77.066599999999994,"(30.4084, 77.066599999999994)"
2324,08/24/2010,6:00:00,India,"NH-53 at K Sinam village(?), 38 km west of Imphal towards Silchar, Tamenglong district, Manipur",landslide,Landslide,Downpour,,0,,,,,Known_within_5_km,Medium,,glc,2324,India,Imphal,32.501559999999998,Manipur,,223523,IN,AS,sGl3UdBB4,1,Tue Apr 01 2014 00:00:00 GMT+0000 (UTC),1,24.802900000000001,93.622799999999998,"(24.802900000000001, 93.622799999999998)"
2338,08/26/2010,Morning,India,"ghat road leading to Sri Kanakadurga(Kanaka Durga) temple, Indrakeeladri hill, Vijayawada city, Andhra Pradesh",landslide,Complex,Downpour,,0,,,,,Known_within_1_km,Medium,,glc,2338,India,VijayawƒÅda,2.7497,Andhra Pradesh,,874587,IN,AS,DGQjwlBK4,1,Tue Apr 01 2014 00:00:00 GMT+0000 (UTC),1,16.514099999999999,80.6053,"(16.514099999999999, 80.6053)"
2339,08/26/2010,Early Morning,India,"Matak Mahari(?), near Dehradun, Uttarakhand",landslide,Landslide,Downpour,,0,,,,,Known_within_50_km,Medium,,glc,2339,India,Dehradun,5.35259,Uttarakhand,,522081,IN,AS,s9xvukBQU,1,Tue Apr 01 2014 00:00:00 GMT+0000 (UTC),1,30.364999999999998,78.064099999999996,"(30.364999999999998, 78.064099999999996)"
2340,08/26/2010,,India,"Koti bridge(?), Chamba-Langera-Bhadarwah border road connecting Doda district of Jammu and Kashmir with Himachal Pradesh",landslide,Landslide,Downpour,,0,,,,,Known_within_25_km,Medium,,glc,2340,India,Dalhousie,16.741099999999999,Himachal Pradesh,,7601,IN,AS,SGIsdydcU,1,Tue Apr 01 2014 00:00:00 GMT+0000 (UTC),1,32.7029,75.956800000000001,"(32.7029, 75.956800000000001)"
2341,08/26/2010,Night,India,"NH-31A at Topakhani tunnel(?) and fruit preservation factory(?) and Chisopani bridge(?), near Singtam and Gangtok and Rangpo, Sikkim",landslide,Landslide,Downpour,,0,,,,,Known_within_10_km,Medium,,glc,2341,India,SingtƒÅm,0.30259,,,6133,IN,AS,S5CKstBQU,1,Tue Apr 01 2014 00:00:00 GMT+0000 (UTC),1,27.2319,88.497,"(27.2319, 88.497)"
2343,08/27/2010,16:30:00,India,"NH-39 at Ekai village(?), 2 km for Tadubi, Manipur",landslide,Landslide,Downpour,,0,,,,,Known_within_5_km,Medium,,glc,2343,India,Kohima,21.830539999999999,NƒÅgƒÅland,,92113,IN,AS,SG7p4mBc4,1,Tue Apr 01 2014 00:00:00 GMT+0000 (UTC),1,25.4786,94.1327,"(25.4786, 94.1327)"
2344,08/27/2010,16:30:00,India,"NH-53 at Nungba police station, Kambirong(?), Manipur",landslide,Landslide,Downpour,,0,,,,,Known_within_5_km,Medium,,glc,2344,India,Lakhipur,42.030889999999999,Assam,,12871,IN,AS,D9GGCgBKU,1,Tue Apr 01 2014 00:00:00 GMT+0000 (UTC),1,24.750499999999999,93.4221,"(24.750499999999999, 93.4221)"
2345,08/27/2010,Evening,India,"Daragaon(?), Gangtok city, Sikkim",landslide,Landslide,Downpour,,0,,,,,Known_within_5_km,Medium,,glc,2345,India,Gangtok,1.63012,Sikkim,,30700,IN,AS,D9I_hZQKU,1,Tue Apr 01 2014 00:00:00 GMT+0000 (UTC),1,27.339200000000002,88.618799999999993,"(27.339200000000002, 88.618799999999993)"
2364,08/30/2010,5:00:00,India,"Ambedkar Nagar slum(?), Ulhasnagar city, Thane district, Maharashtra",landslide,Landslide,Downpour,,4,,,,,Known_within_10_km,Medium,,glc,2364,India,AmarnƒÅth,2.00217,Maharashtra,,217780,IN,AS,sJCiNqdBW,1,Tue Apr 01 2014 00:00:00 GMT+0000 (UTC),1,19.2179,73.169399999999996,"(19.2179, 73.169399999999996)"
2368,08/31/2010,Morning,India,"Brahmananda Reddy Nagar(?), Machavaram, Vijayawada city, Andhra Pradesh",landslide,Landslide,Downpour,,0,,,,,Known_within_1_km,Medium,,glc,2368,India,VijayawƒÅda,2.38275,Andhra Pradesh,,874587,IN,AS,DGZ01nBKW,1,Tue Apr 01 2014 00:00:00 GMT+0000 (UTC),1,16.515699999999999,80.652500000000003,"(16.515699999999999, 80.652500000000003)"
2369,08/31/2010,,India,"Chittinagar, Vijayawada city, Andhra Pradesh",landslide,Landslide,Downpour,,0,,,,,Known_within_1_km,Medium,,glc,2369,India,VijayawƒÅda,2.64921,Andhra Pradesh,,874587,IN,AS,DGvb_lcQ4,1,Tue Apr 01 2014 00:00:00 GMT+0000 (UTC),1,16.533200000000001,80.610299999999995,"(16.533200000000001, 80.610299999999995)"
2378,09/03/2010,,India,"Shivpuri, Rishikesh-Badrinath hwy",landslide,Landslide,Downpour,,0,,,http://timesofindia.indiatimes.com/india/8000-pilgrims-stranded-in-Uttarakhand/articleshow/6494279.cms,,Known_within_5_km,Medium,,glc,2378,India,Rishƒ´kesh,9.827249999999999,Uttarakhand,,66390,IN,AS,D5utFkBK4,1,Tue Apr 01 2014 00:00:00 GMT+0000 (UTC),1,30.135000000000002,78.389600000000002,"(30.135000000000002, 78.389600000000002)"
2379,09/03/2010,,India,"Rudraprayag, Rishikesh-Badrinath hwy",landslide,Landslide,Downpour,,0,,,http://timesofindia.indiatimes.com/india/8000-pilgrims-stranded-in-Uttarakhand/articleshow/6494279.cms,,Known_within_10_km,Medium,,glc,2379,India,RudraprayƒÅg,0.07823,Uttarakhand,,2571,IN,AS,s9FEgncQU,1,Tue Apr 01 2014 00:00:00 GMT+0000 (UTC),1,30.2851,78.982900000000001,"(30.2851, 78.982900000000001)"
2380,09/03/2010,,India,"Bhatwari, Rishikesh-Gangotri hwy",landslide,Landslide,Downpour,,0,,,http://timesofindia.indiatimes.com/india/8000-pilgrims-stranded-in-Uttarakhand/articleshow/6494279.cms,,Known_within_5_km,Medium,,glc,2380,India,RudraprayƒÅg,13.5594,Uttarakhand,,2571,IN,AS,S5LEmkQcU,1,Tue Apr 01 2014 00:00:00 GMT+0000 (UTC),1,30.4008,79.027799999999999,"(30.4008, 79.027799999999999)"
2389,09/04/2010,,India,"Chhinka area(?), on Rishikesh-Badrinath hwy",landslide,Landslide,Downpour,,0,,,http://economictimes.indiatimes.com/articleshow/6492259.cms,,Known_within_50_km,Medium,,glc,2389,India,Pƒ´palkoti,9.22235,Uttarakhand,Chamoli district,2000,IN,AS,h5vXykBK7,1,Tue Apr 01 2014 00:00:00 GMT+0000 (UTC),1,30.500399999999999,79.388800000000003,"(30.500399999999999, 79.388800000000003)"
2390,09/04/2010,,India,"Karmkund(?), on Rishikesh-Gangotri hwy",landslide,Landslide,Downpour,,0,,,http://economictimes.indiatimes.com/articleshow/6492259.cms,,Known_within_50_km,Medium,,glc,2390,India,UttarkƒÅshi,18.691469999999999,Uttarakhand,,17123,IN,AS,h54_dkBQW,1,Tue Apr 01 2014 00:00:00 GMT+0000 (UTC),1,30.795999999999999,78.623000000000005,"(30.795999999999999, 78.623000000000005)"
2391,09/04/2010,,India,"Ranachatti(?), on road to Yamunotri",landslide,Landslide,Downpour,,0,,,http://economictimes.indiatimes.com/articleshow/6492259.cms,,Known_within_15_km,Medium,,glc,2391,India,Barkot,16.244900000000001,Uttarakhand,,7725,IN,AS,S5KlmkBQ4,1,Tue Apr 01 2014 00:00:00 GMT+0000 (UTC),1,30.898700000000002,78.3399,"(30.898700000000002, 78.3399)"
2392,09/04/2010,,India,"17th mile(?), Jawaharlal Nehru Marg hwy, between Gangtok and Nathu La, Sikkim",landslide,Landslide,Downpour,,0,,,http://news.oneindia.in/2010/09/04/strategicroad-link-cut-off-due-to-landslide-insikkim.html,,Known_within_10_km,Medium,,glc,2392,India,Gangtok,12.969099999999999,Sikkim,,30700,IN,AS,D5GOSZBB7,1,Tue Apr 01 2014 00:00:00 GMT+0000 (UTC),1,27.370200000000001,88.733400000000003,"(27.370200000000001, 88.733400000000003)"
2397,09/06/2010,,India,"road to Manali, Himachal Pradesh",landslide,Landslide,Downpour,,0,,,http://www.sawfnews.com/Bollywood/65146.aspx,,Known_within_25_km,Medium,,glc,2397,India,Nagar,4.93818,Himachal Pradesh,,2000,IN,AS,D5KjDnKKW,1,Tue Apr 01 2014 00:00:00 GMT+0000 (UTC),1,32.098700000000001,77.149500000000003,"(32.098700000000001, 77.149500000000003)"
2405,09/09/2010,Night,India,"Mossing(Mosing) village(?), Upper Siang district, Arunachal Pradesh",landslide,Landslide,Downpour,,10,,,http://timesofindia.indiatimes.com/india/13-killed-as-rains-wrack-havoc-in-north-and-eastern-India-/articleshow/6532367.cms,,Unknown,Medium,,glc,2405,India,PƒÅsighƒÅt,27.57255,ArunƒÅchal Pradesh,,25581,IN,AS,hGmNAFQQW,1,Tue Apr 01 2014 00:00:00 GMT+0000 (UTC),1,28.303599999999999,95.411199999999994,"(28.303599999999999, 95.411199999999994)"
2411,09/10/2010,,India,"districts Lakhimpur, Dhemaji, Golaghat, and Sonitpur, Assam province",landslide,Landslide,Downpour,,0,,,http://timesofindia.indiatimes.com/india/13-killed-as-rains-wrack-havoc-in-north-and-eastern-India-/articleshow/6532367.cms,,Unknown,Medium,,glc,2411,India,Naharlagun,11.910349999999999,ArunƒÅchal Pradesh,,26912,IN,AS,h5pIAmBQU,1,Tue Apr 01 2014 00:00:00 GMT+0000 (UTC),1,27.001100000000001,93.7273,"(27.001100000000001, 93.7273)"
2414,09/11/2010,16:00:00,India,"Mandana(Madana) village(?), Panchkula-Morni rd, 20 km from Panchkula, Haryana",landslide,Landslide,Downpour,,0,,,http://timesofindia.indiatimes.com/city/chandigarh/Morni-landslides-leave-150-stuck/articleshow/6539067.cms,,Known_within_5_km,Medium,,glc,2414,India,Pinjaur,11.92746,Haryana,,32162,IN,AS,s9-UmqgKW,1,Tue Apr 01 2014 00:00:00 GMT+0000 (UTC),1,30.7059,76.984399999999994,"(30.7059, 76.984399999999994)"
2415,09/12/2010,,India,power lines 5 km from Kohima,landslide,Landslide,Downpour,,,,Telegraph,http://www.telegraphindia.com/1100916/jsp/northeast/story_12941830.jsp,Unknown,Known_within_15_km,Medium,,glc,2415,India,Kohima,0.50696,NƒÅgƒÅland,,92113,IN,AS,S58limKcU,1,Tue Apr 01 2014 00:00:00 GMT+0000 (UTC),1,25.63961883,94.111121569999995,"(25.63961883, 94.111121569999995)"
2416,09/12/2010,,India,"Uttarkashi town, Uttarakhand",landslide,Landslide,Downpour,,0,,,http://www.youtube.com/watch?v=WoWfWNSjTCI,,Known_within_5_km,Medium,,glc,2416,India,UttarkƒÅshi,0.48391,Uttarakhand,,17123,IN,AS,SGrKgnccU,1,Tue Apr 01 2014 00:00:00 GMT+0000 (UTC),1,30.7333,78.440299999999993,"(30.7333, 78.440299999999993)"
2420,09/13/2010,,India,"Tuikual 'C', Aizawl, Mizoram",landslide,Landslide,Downpour,,1,,Mizoram Express,http://mizoramexpress.com/index.php/2010/09/mizoram-landslides-kill-one-woman/,Urban_area,Known_within_1_km,Medium,,glc,2420,India,Serchhƒ´p,8.59507,Mizoram,,20244,IN,AS,S5flidBKW,1,Tue Apr 01 2014 00:00:00 GMT+0000 (UTC),1,23.729889660000001,92.714956229999999,"(23.729889660000001, 92.714956229999999)"
2421,09/13/2010,Morning,India,"road to Muanna Godown, Zuangtui, Mizoram",landslide,Landslide,Downpour,,,,Mizoram Express,http://mizoramexpress.com/index.php/2010/09/mizoram-landslides-kill-one-woman/,Above_road,Known_within_1_km,Medium,,glc,2421,India,Serchhƒ´p,8.59507,Mizoram,,20244,IN,AS,DJzkiFQB7,1,Tue Apr 01 2014 00:00:00 GMT+0000 (UTC),1,23.75406693,92.741285309999995,"(23.75406693, 92.741285309999995)"
2422,09/13/2010,,India,"Hunthar Veng, Mizoram",landslide,Landslide,Downpour,,,,Mizoram Express,http://mizoramexpress.com/index.php/2010/09/mizoram-landslides-kill-one-woman/,Urban_area,Known_within_1_km,Medium,,glc,2422,India,Serchhƒ´p,8.59507,Mizoram,,20244,IN,AS,DG7nCFBc4,1,Tue Apr 01 2014 00:00:00 GMT+0000 (UTC),1,23.741826339999999,92.714190500000001,"(23.741826339999999, 92.714190500000001)"
2423,09/13/2010,,India,"road to Kanan Veng from Hunthar Veng, Mizoram",landslide,Landslide,Downpour,,,,Mizoram Express,http://mizoramexpress.com/index.php/2010/09/mizoram-landslides-kill-one-woman/,Above_road,Known_within_1_km,Medium,,glc,2423,India,Serchhƒ´p,8.59507,Mizoram,,20244,IN,AS,s9plidKc7,1,Tue Apr 01 2014 00:00:00 GMT+0000 (UTC),1,23.73504471,92.710609430000005,"(23.73504471, 92.710609430000005)"
2424,09/13/2010,,India,"near Tuivawl(?), Aizawl-Champhai rd, Aizawl district, Mizoram",landslide,Landslide,Downpour,,0,,Mizoram Express,http://mizoramexpress.com/index.php/2010/09/mizoram-landslides-kill-one-woman/,,Known_within_25_km,Medium,,glc,2424,India,Aizawl,26.45346,Mizoram,,265331,IN,AS,SGDuCFKQU,1,Tue Apr 01 2014 00:00:00 GMT+0000 (UTC),1,23.591000000000001,92.929599999999994,"(23.591000000000001, 92.929599999999994)"
2425,09/13/2010,,India,"near Tuichang(?) on Tuichang river, Aizawl-Champhai rd, Mizoram",landslide,Landslide,Downpour,,0,,Mizoram Express,http://mizoramexpress.com/index.php/2010/09/mizoram-landslides-kill-one-woman/,,Known_within_25_km,Medium,,glc,2425,India,Khawhai,6.62394,Mizoram,,2537,IN,AS,SJZPvmQK7,1,Tue Apr 01 2014 00:00:00 GMT+0000 (UTC),1,23.343900000000001,93.074799999999996,"(23.343900000000001, 93.074799999999996)"
2426,09/13/2010,,India,"Hual(Hu) village(?), Lunglei-Lawngtlai rd, Mizoram",landslide,Landslide,Downpour,,0,,Mizoram Express,http://mizoramexpress.com/index.php/2010/09/mizoram-landslides-kill-one-woman/,,Known_within_25_km,Medium,,glc,2426,India,Lunglei,21.89059,Mizoram,,52728,IN,AS,sGBZCdBc7,1,Tue Apr 01 2014 00:00:00 GMT+0000 (UTC),1,22.717600000000001,92.8416,"(22.717600000000001, 92.8416)"
2427,09/13/2010,Night,India,"near Rahni Nullah(?), on Manali-Rohtang hwy, Himachal Pradesh",landslide,Landslide,Downpour,,0,,,http://timesofindia.indiatimes.com/india/Seasons-1st-snowfall-at-Rohtang-Pass/articleshow/6550128.cms,,Known_within_10_km,Medium,,glc,2427,India,ManƒÅli,7.2745,Himachal Pradesh,,8341,IN,AS,h59oSkQc4,1,Tue Apr 01 2014 00:00:00 GMT+0000 (UTC),1,32.310899999999997,77.219499999999996,"(32.310899999999997, 77.219499999999996)"
2432,09/15/2010,,India,"road to Sangla and Bhaba and Sorang(?) valleys, Kinnaur, Himachal Pradesh",landslide,Landslide,Downpour,,0,,,http://news.outlookindia.com/item.aspx?694274,,Known_within_50_km,Medium,,glc,2432,India,SarƒÅhan,14.36782,Himachal Pradesh,,1495,IN,AS,DGeEu8BKU,1,Tue Apr 01 2014 00:00:00 GMT+0000 (UTC),1,31.413499999999999,77.894999999999996,"(31.413499999999999, 77.894999999999996)"
2436,09/16/2010,3:00:00,India,"Taithu village, Churanchandpur district, Mizoram, Manipur",landslide,Landslide,Downpour,,0,,,http://mizoramexpress.com/index.php/2010/09/landslide-hits-taithu-village-22-people-escape-death/,,Known_within_5_km,Medium,,glc,2436,India,Darlawn,38.375839999999997,Mizoram,,3962,IN,AS,D9OuvdcQU,1,Tue Apr 01 2014 00:00:00 GMT+0000 (UTC),1,24.306899999999999,93.125,"(24.306899999999999, 93.125)"
2437,09/16/2010,,India,"Aizawl-Lengpui rd 3km from Aizawl, Mizoram, Manipur",landslide,Landslide,Downpour,,0,,,http://mizoramexpress.com/index.php/2010/09/landslide-hits-aizawl-1-house-destroyed/,,Known_within_5_km,Medium,,glc,2437,India,Aizawl,3.58713,Mizoram,,265331,IN,AS,hG4uigcK4,1,Tue Apr 01 2014 00:00:00 GMT+0000 (UTC),1,23.752700000000001,92.694000000000003,"(23.752700000000001, 92.694000000000003)"
2439,09/17/2010,9:00:00,India,"Indrakeeladri ghat rd, Vijayawada, Andhra Pradesh",landslide,Landslide,Downpour,,0,,,http://www.deccanchronicle.com/hyderabad/landslide-occurs-twice-3-weeks-788,,Known_within_1_km,Medium,,glc,2439,India,VijayawƒÅda,2.72883,Andhra Pradesh,,874587,IN,AS,S9wjanKBW,1,Tue Apr 01 2014 00:00:00 GMT+0000 (UTC),1,16.514099999999999,80.605500000000006,"(16.514099999999999, 80.605500000000006)"
2440,09/17/2010,,India,"Maletha village, near Badrinath",landslide,Landslide,Downpour,,,,Telegraph,http://www.telegraphindia.com/1100920/jsp/nation/story_12958037.jsp,Unknown,Known_within_50_km,Very_large,,glc,2440,India,Joshƒ´math,21.724710000000002,Uttarakhand,,13865,IN,AS,sGJoqncKU,1,Tue Apr 01 2014 00:00:00 GMT+0000 (UTC),1,30.75402442,79.499701889999997,"(30.75402442, 79.499701889999997)"
2443,09/18/2010,,India,"villages Pilkha(?), Devali(?), and Balta(?), Avalbagh block(?), Almora(Almorah) district, Uttarakhand",landslide,Landslide,Downpour,,24,,,http://timesofindia.indiatimes.com/india/Landslides-kill-11-in-Uttarakhand-14-trapped-under-debris/articleshow/6580510.cms,,Known_within_50_km,Large,,glc,2443,India,RƒÅnƒ´khet,10.64601,Uttarakhand,,19873,IN,AS,hGioqncQU,1,Tue Apr 01 2014 00:00:00 GMT+0000 (UTC),1,29.604199999999999,79.534300000000002,"(29.604199999999999, 79.534300000000002)"
2444,09/18/2010,,India,"Nainital district, Uttarakhand",landslide,Landslide,Downpour,,4,,,http://indiatoday.intoday.in/site/Story/113220/India/19-perish-as-rains-pound-uttarakhand.html,,Known_within_50_km,Medium,,glc,2444,India,Haldwani,2.98316,Uttarakhand,,139497,IN,AS,h5sUqkcBW,1,Tue Apr 01 2014 00:00:00 GMT+0000 (UTC),1,29.2484,79.537099999999995,"(29.2484, 79.537099999999995)"
2445,09/18/2010,,India,"near Devprayag, Rishikesh-Badrinath hwy, ",landslide,Landslide,Downpour,,0,,,http://www.dailypioneer.com/284337/65-killed-in-flash-floods-landslides.html,,Known_within_10_km,Medium,,glc,2445,India,DevaprayƒÅg,0.20647,Uttarakhand,,2130,IN,AS,hJffmkcK7,1,Tue Apr 01 2014 00:00:00 GMT+0000 (UTC),1,30.145399999999999,78.600700000000003,"(30.145399999999999, 78.600700000000003)"
2452,09/19/2010,Morning,India,"near Mohand, Dehradun-Delhi hwy, Uttar Pradesh",landslide,Landslide,Downpour,,0,,,http://www.dailypioneer.com/284337/65-killed-in-flash-floods-landslides.html,,Known_within_5_km,Medium,,glc,2452,India,Clement Town,11.74197,Uttarakhand,,20806,IN,AS,h91LZlcBU,1,Tue Apr 01 2014 00:00:00 GMT+0000 (UTC),1,30.197700000000001,77.913700000000006,"(30.197700000000001, 77.913700000000006)"
2453,09/19/2010,Evening,India,"near Chausali village(?), Almora district, Uttarakhand",landslide,Landslide,Downpour,,0,,,http://indiascanner.com/65-died-in-flood-landslide-in-uttarakhand-15849,,Known_within_50_km,Medium,,glc,2453,India,RƒÅnƒ´khet,6.70279,Uttarakhand,,19873,IN,AS,SGNoykKK7,1,Tue Apr 01 2014 00:00:00 GMT+0000 (UTC),1,29.613099999999999,79.494,"(29.613099999999999, 79.494)"
2454,09/19/2010,Evening,India,"near Mt. Kamet and Ghastoli village, near Mana pass, Chamoli district, Uttarakhand",landslide,Landslide,Downpour,,2,,,http://www.monstersandcritics.com/news/southasia/news/article_1585977.php/Two-army-officers-killed-in-landslide-in-northern-India,,Known_within_10_km,Medium,,glc,2454,India,Joshƒ´math,38.436509999999998,Uttarakhand,,13865,IN,AS,D5oLykBQW,1,Tue Apr 01 2014 00:00:00 GMT+0000 (UTC),1,30.901299999999999,79.532200000000003,"(30.901299999999999, 79.532200000000003)"
2455,09/19/2010,,India,"road to Shivpur(Shivpuri), Pauri Garhwal district, Uttarakhand",landslide,Landslide,Downpour,,0,,,http://www.telegraphindia.com/1100922/jsp/nation/story_12966820.jsp,,Known_within_10_km,Medium,,glc,2455,India,Rishƒ´kesh,12.919449999999999,Uttarakhand,,66390,IN,AS,hJJdglBcU,1,Tue Apr 01 2014 00:00:00 GMT+0000 (UTC),1,30.1035,78.426500000000004,"(30.1035, 78.426500000000004)"
2456,09/19/2010,,India,"near Bagri Glacier(?), Gopeswar(Gopeshwar), Chamoli district, Uttarakhand",landslide,Landslide,Downpour,,0,,,http://www.telegraphindia.com/1100922/jsp/nation/story_12966820.jsp,,Known_within_25_km,Medium,,glc,2456,India,Joshƒ´math,29.741489999999999,Uttarakhand,,13865,IN,AS,DJGOflBQU,1,Tue Apr 01 2014 00:00:00 GMT+0000 (UTC),1,30.799099999999999,79.435599999999994,"(30.799099999999999, 79.435599999999994)"
2457,09/19/2010,,India,"Nathpa Jhulla, between Rampur and Peo, Kinnaur, Himachal Pradesh",landslide,Rockfall,Downpour,,1,,,http://www.tribuneindia.com/2010/20100923/main1.htm,,Known_within_5_km,Medium,,glc,2457,India,SarƒÅhan,18.587900000000001,Himachal Pradesh,,1495,IN,AS,S5g4tncKW,1,Tue Apr 01 2014 00:00:00 GMT+0000 (UTC),1,31.562999999999999,77.979600000000005,"(31.562999999999999, 77.979600000000005)"
2458,09/19/2010,,India,"roads to Gangotri, Uttarakhand",landslide,Landslide,Downpour,,0,,,http://www.tribuneindia.com/2010/20100923/main1.htm,,Known_within_25_km,Medium,,glc,2458,India,UttarkƒÅshi,37.046280000000003,Uttarakhand,,17123,IN,AS,DGvVmlcK7,1,Tue Apr 01 2014 00:00:00 GMT+0000 (UTC),1,30.901499999999999,78.775599999999997,"(30.901499999999999, 78.775599999999997)"
2459,09/19/2010,,India,"roads to Rani Khet(Ranikhet) and Jolle Kote(?), Uttarakhand",landslide,Landslide,Downpour,,0,,,http://www.tribuneindia.com/2010/20100923/main1.htm,,Known_within_50_km,Medium,,glc,2459,India,RƒÅnƒ´khet,15.11187,Uttarakhand,,19873,IN,AS,hGswflBK7,1,Tue Apr 01 2014 00:00:00 GMT+0000 (UTC),1,29.547699999999999,79.321100000000001,"(29.547699999999999, 79.321100000000001)"
2460,09/19/2010,,India,"roads to Manali, Himachal Pradesh",landslide,Landslide,Downpour,,0,,,http://www.tribuneindia.com/2010/20100923/main1.htm,,Known_within_50_km,Medium,,glc,2460,India,Kulu,8.04527,Himachal Pradesh,,19831,IN,AS,s9YVskcKW,1,Tue Apr 01 2014 00:00:00 GMT+0000 (UTC),1,31.984300000000001,77.188900000000004,"(31.984300000000001, 77.188900000000004)"
2461,09/19/2010,,India,"Karcham-Sangla rd, Himachal Pradesh",landslide,Landslide,Downpour,,0,,,http://himachal.us/2010/09/22/heavy-rains-damage-roads-in-himachal-alert-sounded-in-kinnaur/22231/news/ravinder,,Known_within_5_km,Medium,,glc,2461,India,SarƒÅhan,40.077030000000001,Himachal Pradesh,,1495,IN,AS,DGIhmlcBW,1,Tue Apr 01 2014 00:00:00 GMT+0000 (UTC),1,31.458200000000001,78.211399999999998,"(31.458200000000001, 78.211399999999998)"
2462,09/19/2010,,India,"near Solan, Kalka-Shimla hwy, Himachal Pradesh",landslide,Landslide,Downpour,,0,,,http://himachal.us/2010/09/22/heavy-rains-damage-roads-in-himachal-alert-sounded-in-kinnaur/22231/news/ravinder,,Known_within_5_km,Medium,,glc,2462,India,Solan,0.1497,Himachal Pradesh,,40283,IN,AS,hJlScyFc4,1,Tue Apr 01 2014 00:00:00 GMT+0000 (UTC),1,30.9086,77.110299999999995,"(30.9086, 77.110299999999995)"
2463,09/19/2010,,India,"Theog-Kotkhai-Jubbal road, Himachal Pradesh",landslide,Landslide,Downpour,,0,,,http://himachal.us/2010/09/22/heavy-rains-damage-roads-in-himachal-alert-sounded-in-kinnaur/22231/news/ravinder,,Known_within_25_km,Medium,,glc,2463,India,Kot KhƒÅi,3.05396,Himachal Pradesh,,1253,IN,AS,D9kMMkBQ4,1,Tue Apr 01 2014 00:00:00 GMT+0000 (UTC),1,31.1191,77.509200000000007,"(31.1191, 77.509200000000007)"
2464,09/19/2010,,India,"road to Chopal, Himachal Pradesh",landslide,Landslide,Downpour,,0,,,http://himachal.us/2010/09/22/heavy-rains-damage-roads-in-himachal-alert-sounded-in-kinnaur/22231/news/ravinder,,Known_within_25_km,Medium,,glc,2464,India,ChaupƒÅl,8.179130000000001,Himachal Pradesh,,1701,IN,AS,D5S6I8cK4,1,Tue Apr 01 2014 00:00:00 GMT+0000 (UTC),1,30.9544,77.506299999999996,"(30.9544, 77.506299999999996)"
2465,09/19/2010,,India,"Karsog-Rampur rd, Himachal Pradesh",landslide,Landslide,Downpour,,0,,,http://himachal.us/2010/09/22/heavy-rains-damage-roads-in-himachal-alert-sounded-in-kinnaur/22231/news/ravinder,,Known_within_25_km,Medium,,glc,2465,India,RƒÅmpur,20.667850000000001,Himachal Pradesh,,6206,IN,AS,sJus6kQcW,1,Tue Apr 01 2014 00:00:00 GMT+0000 (UTC),1,31.4161,77.415300000000002,"(31.4161, 77.415300000000002)"
2466,09/19/2010,,India,"Kasauli-Parwanoo rd, Himachal Pradesh",landslide,Landslide,Downpour,,0,,,http://himachal.us/2010/09/22/heavy-rains-damage-roads-in-himachal-alert-sounded-in-kinnaur/22231/news/ravinder,,Known_within_5_km,Medium,,glc,2466,India,Kasauli,2.82492,Himachal Pradesh,,5215,IN,AS,DJd4dfmQU,1,Tue Apr 01 2014 00:00:00 GMT+0000 (UTC),1,30.874099999999999,76.957599999999999,"(30.874099999999999, 76.957599999999999)"
2467,09/19/2010,,India,"Kumarhatti-Nahan road, Himachal Pradesh",landslide,Landslide,Downpour,,0,,,http://himachal.us/2010/09/22/heavy-rains-damage-roads-in-himachal-alert-sounded-in-kinnaur/22231/news/ravinder,,Known_within_25_km,Medium,,glc,2467,India,RƒÅjgarh,19.15474,Himachal Pradesh,,2865,IN,AS,D93qsnKKW,1,Tue Apr 01 2014 00:00:00 GMT+0000 (UTC),1,30.719799999999999,77.169499999999999,"(30.719799999999999, 77.169499999999999)"
2468,09/19/2010,,India,"Pulbhal(?)-Solan rd, Himachal Pradesh",landslide,Landslide,Downpour,,0,,,http://himachal.us/2010/09/22/heavy-rains-damage-roads-in-himachal-alert-sounded-in-kinnaur/22231/news/ravinder,,Known_within_25_km,Medium,,glc,2468,India,Solan,1.2991,Himachal Pradesh,,40283,IN,AS,SGYGQqgB7,1,Tue Apr 01 2014 00:00:00 GMT+0000 (UTC),1,30.903500000000001,77.096500000000006,"(30.903500000000001, 77.096500000000006)"
2469,09/19/2010,,India,"Rajgarh-Habban road, Himachal Pradesh",landslide,Landslide,Downpour,,0,,,http://himachal.us/2010/09/22/heavy-rains-damage-roads-in-himachal-alert-sounded-in-kinnaur/22231/news/ravinder,,Known_within_25_km,Medium,,glc,2469,India,ChaupƒÅl,13.04565,Himachal Pradesh,,1701,IN,AS,h9RS6lccW,1,Tue Apr 01 2014 00:00:00 GMT+0000 (UTC),1,30.9009,77.466800000000006,"(30.9009, 77.466800000000006)"
2470,09/19/2010,,India,"Dehradun-Mussoorie rd, Himachal Pradesh",landslide,Landslide,Downpour,,0,,,http://sify.com/news/landslides-flash-floods-damage-roads-in-uttarakhand-news-national-kjxruecgidd.html,,Known_within_5_km,Medium,,glc,2470,India,Mussoorie,3.42534,Uttarakhand,,25753,IN,AS,s9l-Z8QB7,1,Tue Apr 01 2014 00:00:00 GMT+0000 (UTC),1,30.432600000000001,78.076700000000002,"(30.432600000000001, 78.076700000000002)"
2471,09/19/2010,,India,"roads above Pithoragarh, Uttranchal",landslide,Landslide,Downpour,,0,,,http://sify.com/news/landslides-flash-floods-damage-roads-in-uttarakhand-news-national-kjxruecgidd.html,,Known_within_50_km,Medium,,glc,2471,India,PithorƒÅgarh,27.286079999999998,Uttarakhand,,47571,IN,AS,S9qpynKc4,1,Tue Apr 01 2014 00:00:00 GMT+0000 (UTC),1,29.7911,80.058000000000007,"(29.7911, 80.058000000000007)"
2475,09/20/2010,,India,"roads between Jubbal and Rohru, Shimla, Himachal Pradesh",landslide,Landslide,Downpour,,0,,,http://sify.com/news/roads-in-upper-shimla-hit-after-landslides-news-national-kjuuafecfje.html%5d,,Known_within_10_km,Medium,,glc,2475,India,Rohru,5.99826,Himachal Pradesh,,8160,IN,AS,sJROPnKQW,1,Tue Apr 01 2014 00:00:00 GMT+0000 (UTC),1,31.158100000000001,77.715500000000006,"(31.158100000000001, 77.715500000000006)"
2476,09/20/2010,,India,"NH-87 near Naintital, Uttarakhand",landslide,Landslide,Downpour,,0,,,http://english.ntdtv.com/ntdtv_en/ns_asia/2010-09-21/018730373390.html,,Known_within_10_km,Medium,,glc,2476,India,BhowƒÅli,2.30798,Uttarakhand,,5685,IN,AS,SJzOfkQc4,1,Tue Apr 01 2014 00:00:00 GMT+0000 (UTC),1,29.398700000000002,79.484099999999998,"(29.398700000000002, 79.484099999999998)"
2477,09/20/2010,,India,"Bangora(?) 25 km from Shimla, Shimla-Bilaspur hwy, Himachal Pradesh",landslide,Landslide,Downpour,,0,,,,,Known_within_5_km,Medium,,glc,2477,India,Arki,4.20471,Himachal Pradesh,,3293,IN,AS,DJlidfgB7,1,Tue Apr 01 2014 00:00:00 GMT+0000 (UTC),1,31.183800000000002,76.990700000000004,"(31.183800000000002, 76.990700000000004)"
2478,09/20/2010,,India,"roads around Uttarkashi, Uttarakhand",landslide,Landslide,Downpour,,0,,,http://sify.com/news/landslides-flash-floods-damage-roads-in-uttarakhand-news-national-kjxruecgidd.html,,Known_within_25_km,Medium,,glc,2478,India,UttarkƒÅshi,0.48748,Uttarakhand,,17123,IN,AS,DJbKd8KB4,1,Tue Apr 01 2014 00:00:00 GMT+0000 (UTC),1,30.7332,78.440100000000001,"(30.7332, 78.440100000000001)"
2479,09/20/2010,,India,"Pangi, NH-22, Himachal Pradesh",landslide,Landslide,Downpour,,0,,,http://himachal.us/2010/09/23/efforts-to-evacuate-tourists-trapped-in-sangla-valley-fail/22265/people/ravinder,,Known_within_5_km,Medium,,glc,2479,India,SarƒÅhan,47.046889999999998,Himachal Pradesh,,1495,IN,AS,s91Sm8QQU,1,Tue Apr 01 2014 00:00:00 GMT+0000 (UTC),1,31.569900000000001,78.284400000000005,"(31.569900000000001, 78.284400000000005)"
2480,09/20/2010,,India,"Kullu village(or district?) below agricultural lands, Himachal Pradesh",landslide,Landslide,Downpour,,0,,,http://himachal.us/2010/09/23/efforts-to-evacuate-tourists-trapped-in-sangla-valley-fail/22265/people/ravinder,,Known_within_5_km,Medium,,glc,2480,India,Kulu,1.54361,Himachal Pradesh,,19831,IN,AS,S9TDQqFKU,1,Tue Apr 01 2014 00:00:00 GMT+0000 (UTC),1,31.943999999999999,77.117900000000006,"(31.943999999999999, 77.117900000000006)"
2488,09/22/2010,,India,"between Kathalighat(Kathleeghat) and Knoh(?) stations, rail line between Solan and Shimla 15 km form Shimla, Himachal Pradesh",landslide,Landslide,Downpour,,0,,,http://www.himvani.com/news/2010/09/23/all-trains-on-kalka-shimla-line-suspended-due-to-landslide/7580/,,Known_within_5_km,Medium,,glc,2488,India,Jutogh,8.78955,Himachal Pradesh,,2467,IN,AS,S9ssKfgcW,1,Tue Apr 01 2014 00:00:00 GMT+0000 (UTC),1,31.0215,77.103800000000007,"(31.0215, 77.103800000000007)"
2492,09/23/2010,,India,"Jammu-Srinagar hwy, Magarkote area, Ramban district, Jammu and Kashmir",landslide,Landslide,Downpour,,,,South Asian News Agency,http://www.sananews.net/english/2010/09/24/vehicles-shops-damaged-as-landslide-hits-highway/,Above_road,Known_within_25_km,Medium,,glc,2492,India,RƒÅmban,0.1179,Kashmir,,7317,IN,AS,s5axtTdK7,1,Tue Apr 01 2014 00:00:00 GMT+0000 (UTC),1,33.271401079999997,75.177074059999995,"(33.271401079999997, 75.177074059999995)"
2495,09/24/2010,1:00:00,India,"rail line between Mulanthuruthy and Piravom near Mulanthruth, Kerala",landslide,Landslide,Downpour,,0,,,http://www.thehindu.com/news/states/kerala/article792720.ece,,Known_within_5_km,Medium,,glc,2495,India,Arukutti,5.66322,Kerala,,17944,IN,AS,DJ8udTFc4,1,Tue Apr 01 2014 00:00:00 GMT+0000 (UTC),1,9.8988,76.390199999999993,"(9.8987999999999996, 76.390199999999993)"
2502,09/25/2010,,India,"Dharam-Tharad area(?), Ramban district",landslide,Landslide,Downpour,,0,,,http://www.thehindu.com/news/states/other-states/article797102.ece,,Known_within_25_km,Medium,,glc,2502,India,RƒÅmban,0.1179,Kashmir,,7317,IN,AS,D5jxuqmQ4,1,Tue Apr 01 2014 00:00:00 GMT+0000 (UTC),1,33.241,75.238200000000006,"(33.241, 75.238200000000006)"
2536,10/03/2010,19:00:00,India,,landslide,Landslide,Unknown,,0,,,http://www.deccanherald.com/content/101745/landslide-mlore-blore-train-cancelled.html,,Known_within_50_km,Medium,,glc,2536,India,Sakleshpur,27.998809999999999,Karnataka,,24931,IN,AS,sJOLy6xOdh,2,Mon Sep 15 2014 17:18:10 GMT+0000 (UTC),659922203,12.7796,75.584400000000002,"(12.7796, 75.584400000000002)"
2537,10/03/2010,,India,,landslide,Landslide,Rain,,0,,,http://www.daijiworld.com/news/news_disp.asp?n_id=86992&n_tit=Mangalore%3A+Train+Services+to+Bangalore+Resume,,Unknown,Medium,,glc,2537,India,ChannarƒÅyapatna,14.427960000000001,Karnataka,,37681,IN,AS,D9hldymB4,1,Tue Apr 01 2014 00:00:00 GMT+0000 (UTC),1,12.9711,76.272800000000004,"(12.9711, 76.272800000000004)"
2538,10/03/2010,,India,"road from Pinjore(Pinjaur), Haryana to Nalagarh, Himachal Pradesh",landslide,Landslide,Continuous_rain,,0,,,http://sify.com/finance/rains-landslides-force-changes-in-himalayan-motor-rally-news-default-kkgnObjjjhe.html,,Known_within_25_km,Medium,,glc,2538,India,Baddi,5.47587,Himachal Pradesh,,22592,IN,AS,D5PfFqgQU,1,Tue Apr 01 2014 00:00:00 GMT+0000 (UTC),1,30.914100000000001,76.817999999999998,"(30.914100000000001, 76.817999999999998)"
2539,10/03/2010,,India,"Mosing village, Upper Siang district, Arunachal Pradesh",landslide,Landslide,Downpour,,10,,,"http://www.portal.gsi.gov.in/portal/page?_pageid=127,875814&_dad=portal&_schema=PORTAL",,Known_within_25_km,Medium,,glc,2539,India,PƒÅsighƒÅt,28.274069999999998,ArunƒÅchal Pradesh,,25581,IN,AS,h5weAFBKW,1,Tue Apr 01 2014 00:00:00 GMT+0000 (UTC),1,28.309200000000001,95.414900000000003,"(28.309200000000001, 95.414900000000003)"
2566,10/08/2010,,India,"Sahong, Tabu and Pani village under Tadubi police station of Senapati district, NH-39",landslide,Mudslide,Downpour,,0,,,http://e-pao.net/GP.asp?src=23..111010.oct10,,Known_within_5_km,Medium,,glc,2566,India,Kohima,22.043130000000001,NƒÅgƒÅland,,92113,IN,AS,D5q1vmKB4,1,Tue Apr 01 2014 00:00:00 GMT+0000 (UTC),1,25.476900000000001,94.135099999999994,"(25.476900000000001, 94.135099999999994)"
2567,10/08/2010,,India,"Phek, Manipur",landslide,Complex,Downpour,,0,,,http://www.morungexpress.com/local/56264.html,,Known_within_5_km,Medium,,glc,2567,India,Phek,3.00511,Manipur,,15118,IN,AS,D5x1iFKBW,1,Tue Apr 01 2014 00:00:00 GMT+0000 (UTC),1,25.6633,94.470299999999995,"(25.6633, 94.470299999999995)"
2568,10/08/2010,,India,"Nungba, Tamenglong, Manipur",landslide,Landslide,Downpour,,0,,,http://www.assamtribune.com/scripts/detailsnew.asp?id=oct1110/oth05,,Known_within_15_km,Medium,,glc,2568,India,Lakhipur,40.716720000000002,Assam,,12871,IN,AS,DG4OvgcQ4,1,Tue Apr 01 2014 00:00:00 GMT+0000 (UTC),1,24.767900000000001,93.410799999999995,"(24.767900000000001, 93.410799999999995)"
2569,10/08/2010,,India,"Bungte Chiru village(?), Senapati district, Manipur",landslide,Landslide,Downpour,,0,,,http://e-pao.net/GP.asp?src=6..111010.oct10,,Known_within_5_km,Medium,,glc,2569,India,Kohima,45.241289999999999,NƒÅgƒÅland,,92113,IN,AS,S931vmQK4,1,Tue Apr 01 2014 00:00:00 GMT+0000 (UTC),1,25.2745,94.021199999999993,"(25.2745, 94.021199999999993)"
2570,10/08/2010,,India,"Tharon(?) and Langol Tarung villages, Thangmeiband constituency, Imphal, Manipur",landslide,Landslide,Downpour,,0,,,http://e-pao.net/GP.asp?src=6..111010.oct10,,Known_within_5_km,Medium,,glc,2570,India,Imphal,4.5122,Manipur,,223523,IN,AS,s9sLCFcK7,1,Tue Apr 01 2014 00:00:00 GMT+0000 (UTC),1,24.837,93.912800000000004,"(24.837, 93.912800000000004)"
2573,10/09/2010,,India,"Haflong, Assam",landslide,Mudslide,Downpour,,1,,,http://www.dnaindia.com/india/report_one-dead-road-and-rail-communication-disrupted-due-to-rains-in-assam_1450237,,Known_within_5_km,Medium,,glc,2573,India,HƒÅflong,1.88273,Assam,,39982,IN,AS,s9tRvFKBU,1,Tue Apr 01 2014 00:00:00 GMT+0000 (UTC),1,25.179600000000001,93.008300000000006,"(25.179600000000001, 93.008300000000006)"
2574,10/09/2010,,India,"between Mahur and Maigrandisa(?) or Lumding, Assam",landslide,Landslide,Downpour,,0,,,http://www.dnaindia.com/india/report_one-dead-road-and-rail-communication-disrupted-due-to-rains-in-assam_1450237,,Known_within_50_km,Medium,,glc,2574,India,Maibong,19.261040000000001,Assam,,8364,IN,AS,sJBoCFBc4,1,Tue Apr 01 2014 00:00:00 GMT+0000 (UTC),1,25.474900000000002,93.1477,"(25.474900000000002, 93.1477)"
2575,10/09/2010,,India,"road between Haflong and Lanka, Assam",landslide,Landslide,Downpour,,0,,,http://www.dnaindia.com/india/report_one-dead-road-and-rail-communication-disrupted-due-to-rains-in-assam_1450237,,Known_within_50_km,Medium,,glc,2575,India,Maibong,28.772680000000001,Assam,,8364,IN,AS,h5woCgKB7,1,Tue Apr 01 2014 00:00:00 GMT+0000 (UTC),1,25.5242,92.991399999999999,"(25.5242, 92.991399999999999)"
2576,10/09/2010,,India,"NH-39 at Tobio village(?), 7 km form Tadubi, Manipur",landslide,Landslide,Downpour,,0,,,http://www.e-pao.net/GP.asp?src=5..101010.oct10,,Known_within_10_km,Medium,,glc,2576,India,Kohima,21.892690000000002,NƒÅgƒÅland,,92113,IN,AS,hJORvmKKW,1,Tue Apr 01 2014 00:00:00 GMT+0000 (UTC),1,25.4788,94.139899999999997,"(25.4788, 94.139899999999997)"
2577,10/09/2010,,India,"NH-39 near Khongnem(?) village, between Imphal and Dimapur, Manipur",landslide,Landslide,Downpour,,0,,,http://www.e-pao.net/GP.asp?src=5..101010.oct10,,Known_within_50_km,Medium,,glc,2577,India,Kohima,29.473520000000001,NƒÅgƒÅland,,92113,IN,AS,hJWovgKKU,1,Tue Apr 01 2014 00:00:00 GMT+0000 (UTC),1,25.526499999999999,93.8673,"(25.526499999999999, 93.8673)"
2578,10/09/2010,,India,"NH-39 in Karong area, Manipur",landslide,Landslide,Downpour,,0,,,http://www.e-pao.net/GP.asp?src=5..101010.oct10,,Known_within_5_km,Medium,,glc,2578,India,Kohima,40.056600000000003,NƒÅgƒÅland,,92113,IN,AS,DJGWCFKBW,1,Tue Apr 01 2014 00:00:00 GMT+0000 (UTC),1,25.317900000000002,94.046199999999999,"(25.317900000000002, 94.046199999999999)"
2579,10/09/2010,,India,"Lower Pezielietsie(Tinpati), Kohima, Manipur",landslide,Landslide,Downpour,,0,,,http://www.indianexpress.com/news/Landslides-cut-off-N-E/695456,,Known_within_1_km,Medium,,glc,2579,India,Kohima,0.88008,NƒÅgƒÅland,,92113,IN,AS,h9N4vgQcW,1,Tue Apr 01 2014 00:00:00 GMT+0000 (UTC),1,25.681999999999999,94.107600000000005,"(25.681999999999999, 94.107600000000005)"
2587,10/10/2010,6:00:00,India,"Lower Chandmari area, PWD department, Kohima, Manipur",landslide,Landslide,Downpour,,0,,,http://www.morungexpress.com/local/56264.html,,Known_within_1_km,Medium,,glc,2587,India,Kohima,1.4225,NƒÅgƒÅland,,92113,IN,AS,sJGiimQK7,1,Tue Apr 01 2014 00:00:00 GMT+0000 (UTC),1,25.662299999999998,94.107200000000006,"(25.662299999999998, 94.107200000000006)"
2590,10/11/2010,0:00:00,India,"ghat road of the Kanaka Durga temple, Vijayawada district",landslide,Landslide,Downpour,,0,,,http://www.fullhyderabad.com/hyderabad-news/landslide-at-indrakeeladri-vijayawada-no-casualties-2016,,Known_within_1_km,Medium,,glc,2590,India,VijayawƒÅda,2.69752,Andhra Pradesh,,874587,IN,AS,h52YwkBBU,1,Tue Apr 01 2014 00:00:00 GMT+0000 (UTC),1,16.514099999999999,80.605800000000002,"(16.514099999999999, 80.605800000000002)"
2594,10/12/2010,Evening,India,"Kulgadi, Doda-Kishtwar highway (NH-1B)",landslide,Landslide,Downpour,,0,,,http://www.greaterkashmir.com/news/2010/Oct/14/doda-kishtwar-road-closed-hundreds-stranded-44.asp,,Known_within_25_km,Medium,,glc,2594,India,KishtwƒÅr,14.734780000000001,Kashmir,,20553,IN,AS,h5p-uymQU,1,Tue Apr 01 2014 00:00:00 GMT+0000 (UTC),1,33.184699999999999,75.806200000000004,"(33.184699999999999, 75.806200000000004)"
2596,10/14/2010,19:30:00,India,road linking Sangla Valley with Recong-Peo of Kinnaur district  at Kupaa,landslide,Landslide,Rain,,,,,http://www.himvani.com/news/2010/10/16/8092/8092/,,Known_within_15_km,Medium,,glc,2596,India,SarƒÅhan,44.454880000000003,Himachal Pradesh,,1495,IN,AS,hJQsg8KQ4,1,Tue Apr 01 2014 00:00:00 GMT+0000 (UTC),1,31.515799999999999,78.261899999999997,"(31.515799999999999, 78.261899999999997)"
2645,10/21/2010,Night,India,"Tikri village(?) near LoC, Uri sector, Baramulla district, Jammu and Kashmir",landslide,Landslide,Downpour,,3,,,http://www.thehindu.com/news/states/other-states/article842627.ece,,Known_within_15_km,Medium,,glc,2645,India,Uri,2.31826,Kashmir,,6755,IN,AS,SJVakqdBU,1,Tue Apr 01 2014 00:00:00 GMT+0000 (UTC),1,34.088700000000003,74.0227,"(34.088700000000003, 74.0227)"
2648,10/22/2010,,India,"near Himkoti(?), on road to Bhawan(Vaishno Devi temple) at Katra, Jammu and Kashmir",landslide,Landslide,Downpour,,1,,,http://www.greaterkashmir.com/news/2010/Oct/23/landslide-kills-woman-lightning-hits-girl-36.asp,,Known_within_5_km,Medium,,glc,2648,India,Katra,2.23114,Kashmir,,9106,IN,AS,S5dNtTgKW,1,Tue Apr 01 2014 00:00:00 GMT+0000 (UTC),1,33.0107,74.939700000000002,"(33.0107, 74.939700000000002)"
2654,10/27/2010,Evening,India,"Poochapra(?), near Thodupuzha, Kattappana, Kerala",landslide,Landslide,Downpour,,2,,,http://www.kerals.com/kerala/landslides-2-killed-and-six-missing/,,Known_within_15_km,Medium,,glc,2654,India,LƒÅlam,18.41892,Kerala,,8571,IN,AS,hJcHmTgK4,1,Tue Apr 01 2014 00:00:00 GMT+0000 (UTC),1,9.867800000000001,76.770499999999998,"(9.8678000000000008, 76.770499999999998)"
2676,10/31/2010,,India,"railroad between Chimidipalli and Borra caves stations, Andhra Pradesh",landslide,Landslide,Downpour,,0,,,http://www.my-telugu.com/?p=2996,,Known_within_5_km,Medium,,glc,2676,India,SƒÅl≈´r,30.750589999999999,Andhra Pradesh,,50206,IN,AS,hGy54kBcU,1,Tue Apr 01 2014 00:00:00 GMT+0000 (UTC),1,18.273299999999999,83.064499999999995,"(18.273299999999999, 83.064499999999995)"
2709,11/08/2010,19:00:00,India,rails between Amdalli(?) and near Thodor(Todur) stations bordering Ankola and Karwar talukas in Uttar Kanara district of neighbouring Karnataka,landslide,Rockfall,Downpour,,1,,,http://timesofindia.indiatimes.com/city/goa/1-dies-15-hurt-as-landslide-damages-two-train-coaches/articleshow/6891292.cms,,Known_within_10_km,Medium,,glc,2709,India,Karwar,11.125730000000001,Karnataka,,64457,IN,AS,SJmonqdBU,1,Tue Apr 01 2014 00:00:00 GMT+0000 (UTC),1,14.7822,74.227900000000005,"(14.7822, 74.227900000000005)"
2711,11/11/2010,,India,"Bantwal Cross (BC) road flyover, NH48, between Mangalore and Beltangady(Belthangady) and Puttur, Bantwal, Karnataka",landslide,Landslide,Downpour,,0,,,http://mangalorean.com/news.php?newstype=local&newsid=207204,,Known_within_5_km,Medium,,glc,2711,India,BantvƒÅl,1.47862,Karnataka,,37619,IN,AS,D5o8ZymBW,1,Tue Apr 01 2014 00:00:00 GMT+0000 (UTC),1,12.880599999999999,75.032700000000006,"(12.880599999999999, 75.032700000000006)"
2729,11/16/2010,,India,"road near Saverikadu village(?), between Palani and Kodaikanal, Tamil Nadu province",landslide,Landslide,Downpour,,0,,,http://www.hindu.com/2010/11/24/stories/2010112450790100.htm,,Known_within_10_km,Medium,,glc,2729,India,KodaikƒÅnƒÅl,9.71213,Tamil Nadu,,35021,IN,AS,s9LNMkBBU,1,Tue Apr 01 2014 00:00:00 GMT+0000 (UTC),1,10.3184,77.527699999999996,"(10.3184, 77.527699999999996)"
2743,11/22/2010,,India,"Tawang Monastery, Arunachal Pradesh",landslide,Landslide,Unknown,,,,Daily News and Analysis,http://www.dnaindia.com/india/report_tawang-monastery-faces-danger-due-to-landslides_1472890,Natural_slope,Known_within_1_km,Medium,http://blogs.agu.org/landslideblog/files/2010/11/10_11-Tawang-5.jpg,glc,2743,India,Tawang,6.76172,ArunƒÅchal Pradesh,,4831,IN,AS,DGlgwnFYvM,2,Fri Jan 08 2016 22:39:14 GMT+0000 (UTC),766908278,27.579872900000002,91.856723869999996,"(27.579872900000002, 91.856723869999996)"
2745,11/23/2010,Early Morning,India,"Kodaikanal-Thandigudi(Thandikudi)-Batlagundu hill road, Tamil Nadu province",landslide,Landslide,Downpour,,0,,,http://www.hindu.com/2010/11/24/stories/2010112450790100.htm,,Known_within_10_km,Medium,,glc,2745,India,KodaikƒÅnƒÅl,10.18294,Tamil Nadu,,35021,IN,AS,s54etkKc7,1,Tue Apr 01 2014 00:00:00 GMT+0000 (UTC),1,10.2462,77.581999999999994,"(10.2462, 77.581999999999994)"
2798,12/09/2010,Night,India,Kuzhithura-Erannial(Erani)(?) section of Nagercoil-Thiruvananthapuram railway,landslide,Landslide,Downpour,,0,,,http://netindian.in/news/2010/12/10/0009102/landslide-affects-rail-traffic-between-thiruvananthapuram-nagercoil,,Known_within_10_km,Medium,,glc,2798,India,Kuzhithurai,1.36884,Tamil Nadu,,20611,IN,AS,sGB2snQK7,1,Tue Apr 01 2014 00:00:00 GMT+0000 (UTC),1,8.3295,77.196299999999994,"(8.3294999999999995, 77.196299999999994)"
2963,01/11/2011,,India,"St Inez construction site, Panaji",landslide,Landslide,Construction,,0,,The Times of India,http://timesofindia.indiatimes.com/city/goa/Landslide-victims-state-improving/articleshow/7272105.cms,,Known_within_5_km,Medium,,glc,2963,India,Panaji,1.6913,Goa,,65586,IN,AS,DJF6v3_1dS,2,Mon Sep 15 2014 16:59:58 GMT+0000 (UTC),1153452330,15.4838,73.816400000000002,"(15.4838, 73.816400000000002)"
3097,02/07/2011,,India,"Jammu-Srinagar highway, Pathal area, Ramban district, Jammu and Kashmir",landslide,Landslide,Downpour,,,,Times of India,http://timesofindia.indiatimes.com/india/JK-highway-closed-for-traffic-following-landslide/articleshow/7442899.cms,Above_road,Known_within_25_km,Medium,,glc,3097,India,BanihƒÅl,5.78589,Kashmir,,3278,IN,AS,h5dqtTgB4,1,Tue Apr 01 2014 00:00:00 GMT+0000 (UTC),1,33.354066349999997,75.172406690000003,"(33.354066349999997, 75.172406690000003)"
3113,02/13/2011,night,India,"road between Rajouri(Rajauri) and Poonch(Punch), Jammu and Kashmir",landslide,Landslide,Downpour,,0,,,http://news.in.msn.com/national/article.aspx?cp-documentid=4928538,,Known_within_25_km,Medium,,glc,3113,India,Thanna Mandi,18.340949999999999,Kashmir,,3857,IN,AS,S5A28ydK7,1,Tue Apr 01 2014 00:00:00 GMT+0000 (UTC),1,33.576999999999998,74.187200000000004,"(33.576999999999998, 74.187200000000004)"
3114,02/13/2011,,India,"Batote-Doda-Kishtwar road, at Jathi(?) and Drabshalla, Jammu and Kashmir",landslide,Landslide,Snowfall_snowmelt,,0,,,http://www.dnaindia.com/india/report_j-and-k-highway-closed-for-traffic-for-second-day-due-to-landslides_1508148,,Known_within_5_km,Medium,,glc,3114,India,KishtwƒÅr,15.28833,Kashmir,,20553,IN,AS,h9FZm4_Hdh,2,Wed Sep 10 2014 20:12:01 GMT+0000 (UTC),1918126800,33.180399999999999,75.810100000000006,"(33.180399999999999, 75.810100000000006)"
3115,02/13/2011,,India,"Srinagar-Jammu Natl. Hwy., at Digdole(Digdol)(9 km south of Panthal), Srinagar, Jammu and Kashmir",landslide,Landslide,Snowfall_snowmelt,,0,,,http://www.dnaindia.com/india/report_j-and-k-highway-closed-for-traffic-for-second-day-due-to-landslides_1508148,,Known_within_5_km,Medium,,glc,3115,India,BanihƒÅl,9.753019999999999,Kashmir,,3278,IN,AS,D9bFL2ejgs,2,Wed Sep 10 2014 20:01:23 GMT+0000 (UTC),4126535036,33.303699999999999,75.182699999999997,"(33.303699999999999, 75.182699999999997)"
3116,02/13/2011,,India,"Srinagar-Jammu Natl. Hwy., at Panthal, Srinagar, Jammu and Kashmir",landslide,Landslide,Rain,,,,Daily News and Analysis,http://www.dnaindia.com/india/report_j-and-k-highway-closed-for-traffic-for-second-day-due-to-landslides_1508148,Above_road,Known_within_15_km,Medium,,glc,3116,India,BanihƒÅl,5.78589,Kashmir,,3278,IN,AS,SGEMAsx2ms,2,Mon Sep 15 2014 17:13:38 GMT+0000 (UTC),2558858765,33.338759580000001,75.192106100000004,"(33.338759580000001, 75.192106100000004)"
3117,02/13/2011,Late Night,India,"trail between Adh Kuwari(Adhkuwari) temple and Shri Mata Vaishno Devi Cave Shrine, Trikuta Hills(?), near Katra, Reasi, Jammu and Kashmir",landslide,Landslide,Downpour,,0,,,http://netindian.in/news/2011/02/13/00010944/minor-among-3-injured-landslides-en-route-vaishno-devi,,Known_within_5_km,Medium,,glc,3117,India,Katra,2.96443,Kashmir,,9106,IN,AS,SG_6tqFQU,1,Tue Apr 01 2014 00:00:00 GMT+0000 (UTC),1,33.016500000000001,74.943700000000007,"(33.016500000000001, 74.943700000000007)"
3127,02/16/2011,Evening,India,"near Digdol, Jammu-Srinagar hwy, Jammu and Kashmir",landslide,Landslide,Downpour,,0,,,http://www.greaterkashmir.com/news/2011/Feb/17/highway-closed-again-66.asp,,Known_within_5_km,Medium,,glc,3127,India,BanihƒÅl,9.753019999999999,Kashmir,,3278,IN,AS,sJvFPydKU,1,Tue Apr 01 2014 00:00:00 GMT+0000 (UTC),1,33.330800000000004,75.177400000000006,"(33.330800000000004, 75.177400000000006)"
3128,02/16/2011,Evening,India,"near Ramban, Jammu-Srinagar hwy, Jammu and Kashmir",landslide,Landslide,Downpour,,0,,,http://www.greaterkashmir.com/news/2011/Feb/17/highway-closed-again-66.asp,,Known_within_15_km,Medium,,glc,3128,India,RƒÅmban,2.2462,Kashmir,,7317,IN,AS,h9nrPqgBU,1,Tue Apr 01 2014 00:00:00 GMT+0000 (UTC),1,33.260899999999999,75.244,"(33.260899999999999, 75.244)"
3141,02/23/2011,,India,"Rishikesh-Badrinath national highway to Rudraprayag, Chamoli, and Badrinath, Uttarakhand",landslide,Landslide,Downpour,,0,,,http://www.zeenews.com/news689983.html,,Known_within_50_km,Medium,,glc,3141,India,Pƒ´palkoti,20.099609999999998,Uttarakhand,Chamoli district,2000,IN,AS,D9Hfy8KcU,1,Tue Apr 01 2014 00:00:00 GMT+0000 (UTC),1,30.474900000000002,79.229299999999995,"(30.474900000000002, 79.229299999999995)"
3143,02/24/2011,,India,"Jammu-Srinagar National Highway, Digdol area, Jammu and Kashmir",landslide,Landslide,Downpour,,0,,,http://www.thehindu.com/news/states/other-states/article1497565.ece,,Known_within_5_km,Medium,,glc,3143,India,BanihƒÅl,9.753019999999999,Kashmir,,3278,IN,AS,D5VZa1eHdS,2,Wed Sep 10 2014 20:00:05 GMT+0000 (UTC),2428646619,33.3307,75.177199999999999,"(33.3307, 75.177199999999999)"
3146,02/25/2011,,India,"road near Manali, Kullu",landslide,Rockfall,Continuous_rain,,0,,,http://articles.timesofindia.indiatimes.com/2011-02-26/india/28636559_1_tree-fall-landslides-manali,,Known_within_10_km,Medium,,glc,3146,India,ManƒÅli,2.63892,Himachal Pradesh,,8341,IN,AS,sGi0eEKTmS,2,Thu Sep 11 2014 19:47:09 GMT+0000 (UTC),4140756745,32.233800000000002,77.178399999999996,"(32.233800000000002, 77.178399999999996)"
3159,03/01/2011,Afternoon,India,"Shetani Nallah(?), Jammu-Srinagar National Highway, Jammu and Kashmir",landslide,Landslide,Downpour,,0,,,http://ibnlive.in.com/generalnewsfeed/news/jk-highway-closes-for-2nd-consecutive-day/594991.html,,Known_within_50_km,Medium,,glc,3159,India,RƒÅmban,4.4945,Kashmir,,7317,IN,AS,sGwQPymBW,1,Tue Apr 01 2014 00:00:00 GMT+0000 (UTC),1,33.247700000000002,75.191900000000004,"(33.247700000000002, 75.191900000000004)"
3171,03/03/2011,Night,India,"Srawan village(?), Batote-Doda-Kishtwar road, Kishtwar district",landslide,Landslide,Downpour,,1,,,http://ibnlive.in.com/generalnewsfeed/news/one-killed-four-houses-damaged-in-landslide-in-jk/597797.html,,Known_within_15_km,Medium,,glc,3171,India,KishtwƒÅr,13.33019,Kashmir,,20553,IN,AS,S9JpZydQW,1,Tue Apr 01 2014 00:00:00 GMT+0000 (UTC),1,33.225700000000003,75.669499999999999,"(33.225700000000003, 75.669499999999999)"
3174,03/05/2011,,India,"Kullu-Manali rd, Himachal Pradesh",landslide,Landslide,Downpour,,0,,,http://articles.timesofindia.indiatimes.com/2011-03-07/india/28665223_1_manali-landslides-kullu-manali-traffic,,Known_within_15_km,Medium,,glc,3174,India,Nagar,4.50568,Himachal Pradesh,,2000,IN,AS,D9AjskKQU,1,Tue Apr 01 2014 00:00:00 GMT+0000 (UTC),1,32.099600000000002,77.158600000000007,"(32.099600000000002, 77.158600000000007)"
3250,03/19/2011,,India,"Jammu-Srinagar hwy, Digdol, Ramban, Jammu and Kashmir",landslide,Landslide,Downpour,,0,,,http://www.pakistantimes.net/pt/detail.php?newsId=20010,,Known_within_5_km,Medium,,glc,3250,India,BanihƒÅl,9.753019999999999,Kashmir,,3278,IN,AS,D5S7u1wHgh,2,Wed Sep 10 2014 19:58:10 GMT+0000 (UTC),3519617429,33.330800000000004,75.177300000000002,"(33.330800000000004, 75.177300000000002)"
3251,03/19/2011,,India,"Jammu-Srinagar hwy, Panthal, Ramban, Jammu and Kashmir",landslide,Landslide,Downpour,,,,Daily News and Analysis,http://www.dnaindia.com/india/report_j-and-k-highway-closed-for-traffic-due-to-landslide_1521969,Above_road,Known_within_15_km,Medium,,glc,3251,India,BanihƒÅl,5.78589,Kashmir,,3278,IN,AS,h9sftfFc4,1,Tue Apr 01 2014 00:00:00 GMT+0000 (UTC),1,33.339032699999997,75.191687700000003,"(33.339032699999997, 75.191687700000003)"
3252,03/19/2011,,India,"Jammu-Srinagar hwy, Sheeri(?), Ramban, Jammu and Kashmir",landslide,Landslide,Downpour,,0,,,http://www.pakistantimes.net/pt/detail.php?newsId=20010,,Known_within_50_km,Medium,,glc,3252,India,RƒÅmban,7.32953,Kashmir,,7317,IN,AS,hJFFtfdK4,1,Tue Apr 01 2014 00:00:00 GMT+0000 (UTC),1,33.246600000000001,75.161100000000005,"(33.246600000000001, 75.161100000000005)"
3269,03/22/2011,,India,"road from other districts to Hawai(Tawai?) which is  on Lojit river, near Hayuliang,  Anjaw district, Arunachal Pradesh",landslide,Landslide,Downpour,,0,,,http://articles.timesofindia.indiatimes.com/2011-03-23/guwahati/29178165_1_road-links-rainfall-source,,Known_within_10_km,Medium,,glc,3269,India,Tezu,43.038550000000001,ArunƒÅchal Pradesh,,14927,IN,AS,DJKdnFVNe8,2,Wed Aug 03 2016 20:40:38 GMT+0000 (UTC),2314573570,28.0791,96.524199999999993,"(28.0791, 96.524199999999993)"
3342,04/06/2011,,India,"Latiefabad(?) and Khawar(Kawhar)(?) hamlets, Sheeri(?) area, Baramulla district",landslide,Landslide,Downpour,,0,,,http://www.thehindu.com/news/states/other-states/article1605189.ece,,Known_within_15_km,Medium,,glc,3342,India,BƒÅram≈´la,0.19447,Kashmir,,77276,IN,AS,hGeUnqgB4,1,Tue Apr 01 2014 00:00:00 GMT+0000 (UTC),1,34.210099999999997,74.344499999999996,"(34.210099999999997, 74.344499999999996)"
3373,04/17/2011,15:00:00,India,"Jammu and Srinagar Natl. Hwy., Panthal, Ramban",landslide,Landslide,Downpour,,0,,,http://www.dnaindia.com/india/report_jammu-srinagar-highway-closed-due-to-landslides_1532927,,Known_within_5_km,Medium,,glc,3373,India,BanihƒÅl,5.78589,Kashmir,,3278,IN,AS,S5bytydc7,1,Tue Apr 01 2014 00:00:00 GMT+0000 (UTC),1,33.3645,75.1999,"(33.3645, 75.1999)"
3374,04/17/2011,,India,"Khadpora(?), Kandi area(?) on the outskirts of the Baramulla town, Jammu and Kashmir",landslide,Landslide,Downpour,,0,,,http://www.kashmirobserver.net/index.php?option=com_content&view=article&id=7442:downpour-disasters-kill-8-in-kashmir-scores-homeless&catid=15:top-news&Itemid=2,,Known_within_10_km,Medium,,glc,3374,India,BƒÅram≈´la,7.28703,Kashmir,,77276,IN,AS,DJ2LlTdKW,1,Tue Apr 01 2014 00:00:00 GMT+0000 (UTC),1,34.180199999999999,74.271799999999999,"(34.180199999999999, 74.271799999999999)"
3375,04/17/2011,,India,"Shanna(?), Jammu province",landslide,Landslide,Downpour,,1,,,http://www.kashmirobserver.net/index.php?option=com_content&view=article&id=7442:downpour-disasters-kill-8-in-kashmir-scores-homeless&catid=15:top-news&Itemid=2,,Unknown,Medium,,glc,3375,India,KishtwƒÅr,12.769170000000001,Kashmir,,20553,IN,AS,hG-JFfmBW,1,Tue Apr 01 2014 00:00:00 GMT+0000 (UTC),1,33.259900000000002,75.888599999999997,"(33.259900000000002, 75.888599999999997)"
3376,04/17/2011,,India,"Kundial village(?) or Bopa Pull(?) of Kashtigarh(Kastigarh )(?) or Bhogal village(?), Doda district, Jammu",landslide,Landslide,Downpour,,5,,,http://ibnlive.in.com/generalnewsfeed/news/landslide-kills-five-showers-soak-parts-of-north/652420.html,,Unknown,Medium,,glc,3376,India,Doda,0.6057,Kashmir,,17748,IN,AS,SGLUZTFK7,1,Tue Apr 01 2014 00:00:00 GMT+0000 (UTC),1,33.148800000000001,75.552599999999998,"(33.148800000000001, 75.552599999999998)"
3380,04/19/2011,,India,"Gudder village(?), Kulgam district, Jammu and Kashmir",landslide,Landslide,Downpour,,0,,,http://ibnlive.in.com/generalnewsfeed/news/15-houses-damaged-in-landslides-in-jk/654977.html,,Known_within_15_km,Medium,,glc,3380,India,KulgƒÅm,12.82235,Kashmir,,16246,IN,AS,S54sPqFB4,1,Tue Apr 01 2014 00:00:00 GMT+0000 (UTC),1,33.580800000000004,74.903499999999994,"(33.580800000000004, 74.903499999999994)"
3525,05/22/2011,,India,"Kaiphundai(?)-Tousem(in Assam) road, Tamenglong district, Manipur",landslide,Landslide,Downpour,,0,,,http://www.e-pao.net/GP.asp?src=15..240511.may11,,Known_within_15_km,Medium,,glc,3525,India,Mahur,32.481819999999999,Assam,,7176,IN,AS,SG7n0dKc4,1,Tue Apr 01 2014 00:00:00 GMT+0000 (UTC),1,25.0672,93.409300000000002,"(25.0672, 93.409300000000002)"
3532,05/24/2011,,India,"Silchar-Haflong rd., at Reko(Rekha )(?), near Harangajao, Barail Hills, Assam",landslide,Complex,Downpour,,0,,,http://articles.timesofindia.indiatimes.com/2011-05-27/guwahati/29591193_1_dima-hasao-landslide-traffic-movement,,Known_within_10_km,Medium,,glc,3532,India,HƒÅflong,18.408480000000001,Assam,,39982,IN,AS,S9IM3FKcW,1,Tue Apr 01 2014 00:00:00 GMT+0000 (UTC),1,25.088799999999999,92.855099999999993,"(25.088799999999999, 92.855099999999993)"
3556,05/31/2011,14:00:00,India,"Roads between Tamei(Tamma?), Kangpokpi and Chalwa, Manipur",landslide,Landslide,Continuous_rain,,0,,,http://e-pao.net/GP.asp?src=7..020611.jun11,,Known_within_25_km,Small,,glc,3556,India,Imphal,39.709209999999999,Manipur,,223523,IN,AS,D5NKpmBKW,1,Tue Apr 01 2014 00:00:00 GMT+0000 (UTC),1,25.1555,93.847399999999993,"(25.1555, 93.847399999999993)"
3557,05/31/2011,,India,"Kulamavu region, Kerala",landslide,Landslide,Downpour,,0,,,http://ibnlive.in.com/news/landslides-in-parts-of-idukki/156453-60-116.html,,Known_within_10_km,Medium,,glc,3557,India,Idukki,9.036479999999999,Kerala,,11248,IN,AS,h9hXdymKU,1,Tue Apr 01 2014 00:00:00 GMT+0000 (UTC),1,9.8012,76.900599999999997,"(9.8011999999999997, 76.900599999999997)"
3558,05/31/2011,,India,"road to Yamunotri shrine, Uttarakashi",landslide,Landslide,Rain,,0,,,http://news.in.msn.com/national/article.aspx?cp-documentid=5187654,,Known_within_15_km,Medium,,glc,3558,India,Barkot,17.01484,Uttarakhand,,7725,IN,AS,hJUNgkcK7,1,Tue Apr 01 2014 00:00:00 GMT+0000 (UTC),1,30.9206,78.327600000000004,"(30.9206, 78.327600000000004)"
3559,05/31/2011,Evening,India,"Chhatanga(?) village on Rishikesh-Yamunotri highway, Uttarkashi ",landslide,Landslide,Rain,,1,,,http://news.in.msn.com/national/article.aspx?cp-documentid=5187654,,Known_within_50_km,Medium,,glc,3559,India,Mussoorie,21.17342,Uttarakhand,,25753,IN,AS,h9qDgnQcW,1,Tue Apr 01 2014 00:00:00 GMT+0000 (UTC),1,30.478300000000001,78.274100000000004,"(30.478300000000001, 78.274100000000004)"
3560,05/31/2011,14:30:00,India,"Gaoilung(Gadailong) village(?), Ward 4(?), Tamenglong, Manipur",landslide,Landslide,Downpour,,2,,,http://kanglaonline.com/2011/06/two-children-claimed-by-landslide-at-tamenglong/,,Known_within_50_km,Medium,,glc,3560,India,Imphal,35.528350000000003,Manipur,,223523,IN,AS,D51P3dccW,1,Tue Apr 01 2014 00:00:00 GMT+0000 (UTC),1,24.828600000000002,93.593500000000006,"(24.828600000000002, 93.593500000000006)"
3562,06/01/2011,Night,India,"Kottayam-Kattapana road, at Ellapara(Elappara) village, Idukki, Kerala",landslide,Landslide,Downpour,,0,,,http://ibnlive.in.com/news/landslides-in-parts-of-idukki/156453-60-116.html,,Known_within_5_km,Medium,,glc,3562,India,ErƒÅttupetta,22.752210000000002,Kerala,,33408,IN,AS,SGU7gfdB4,1,Tue Apr 01 2014 00:00:00 GMT+0000 (UTC),1,9.6326,76.979200000000006,"(9.6326000000000001, 76.979200000000006)"
3565,06/02/2011,,India,"Idukki taluk, Kerala",landslide,Landslide,Downpour,,0,,,http://ibnlive.in.com/news/crops-worth-rs-185-lakh-destroyed-in-idukki/156739-60-116.html,,Known_within_25_km,Medium,,glc,3565,India,Idukki,3.5574,Kerala,,11248,IN,AS,SJzRdTFQU,1,Tue Apr 01 2014 00:00:00 GMT+0000 (UTC),1,9.8306,76.940799999999996,"(9.8306000000000004, 76.940799999999996)"
3566,06/02/2011,,India,"Munnar, Idukki district, Kerala",landslide,Landslide,Downpour,,0,,,http://ibnlive.in.com/news/crops-worth-rs-185-lakh-destroyed-in-idukki/156739-60-116.html,,Known_within_10_km,Medium,,glc,3566,India,Munnar,0.93276,Kerala,,68000,IN,AS,hJf3mqgB4,1,Tue Apr 01 2014 00:00:00 GMT+0000 (UTC),1,10.0838,77.069599999999994,"(10.0838, 77.069599999999994)"
3567,06/02/2011,,India,"Peermade(Pƒ´rmed), Idukki district, Kerala",landslide,Landslide,Downpour,,0,,,http://ibnlive.in.com/news/crops-worth-rs-185-lakh-destroyed-in-idukki/156739-60-116.html,,Known_within_10_km,Medium,,glc,3567,India,Gudalur,30.651430000000001,Tamil Nadu,,47419,IN,AS,sJ-CFfdBW,1,Tue Apr 01 2014 00:00:00 GMT+0000 (UTC),1,9.5207,77.019800000000004,"(9.5206999999999997, 77.019800000000004)"
3568,06/02/2011,,India,"Thodpuzha(Thodupuzha) municipality, Idukki, Kerala",landslide,Landslide,Downpour,,0,,,http://ibnlive.in.com/news/crops-worth-rs-185-lakh-destroyed-in-idukki/156739-60-116.html,,Known_within_15_km,Medium,,glc,3568,India,Palackattumala,16.43713,Kerala,,1200,IN,AS,SGXcmTFBU,1,Tue Apr 01 2014 00:00:00 GMT+0000 (UTC),1,9.8721,76.704599999999999,"(9.8720999999999997, 76.704599999999999)"
3577,06/07/2011,,India,"road to Badrinath shrine, Uttarakhand",landslide,Landslide,Downpour,,0,,,http://ibnlive.in.com/generalnewsfeed/news/uttarakhand-rains-bring-respite-trigger-landslides/719372.html,,Known_within_50_km,Medium,,glc,3577,India,Pƒ´palkoti,13.89592,Uttarakhand,Chamoli district,2000,IN,AS,sJ_xTkBcU,1,Tue Apr 01 2014 00:00:00 GMT+0000 (UTC),1,30.5319,79.354100000000003,"(30.5319, 79.354100000000003)"
3578,06/07/2011,Morning,India,"Rishikesh-Badrinath hwy., near Sirobgarh(Sirobagad), Rudraprayag district, Uttarakhand",landslide,Landslide,Downpour,,0,,,http://english.samaylive.com/regional-news/uttarakhand-news/676488233/rishikesh-badrinath-highway-blocked.html,,Known_within_5_km,Medium,,glc,3578,India,RudraprayƒÅg,8.709250000000001,Uttarakhand,,2571,IN,AS,sJW1dkcBU,1,Tue Apr 01 2014 00:00:00 GMT+0000 (UTC),1,30.241399999999999,78.908000000000001,"(30.241399999999999, 78.908000000000001)"
3579,06/08/2011,,India,"Batote-Doda Highway, Ramgarh(?), Baggar(Bagger)(?) area, Doda district, Jammu and Kashmir",landslide,Landslide,Downpour,,4,,,http://www2.timesdispatch.com/list/viewfinder-june-8-june-15/gallery/,,Known_within_15_km,Medium,,glc,3579,India,Doda,10.826589999999999,Kashmir,,17748,IN,AS,S5KRPyFcU,1,Tue Apr 01 2014 00:00:00 GMT+0000 (UTC),1,33.128900000000002,75.432500000000005,"(33.128900000000002, 75.432500000000005)"
3581,06/09/2011,,India,"Baglihar Dam, on river Chenab, Chanderkote in Banihal, Ramban , Jammu and Kashmir",landslide,Landslide,Downpour,,1,,,http://www.dailyexcelsior.com/web1/11june10/news.htm#2,,Known_within_5_km,Medium,,glc,3581,India,Batoti,5.13042,Kashmir,,4209,IN,AS,hGhEuygKU,1,Tue Apr 01 2014 00:00:00 GMT+0000 (UTC),1,33.161700000000003,75.327799999999996,"(33.161700000000003, 75.327799999999996)"
3609,06/14/2011,,India,Coastal Karnataka,landslide,Landslide,Downpour,,0,,,http://www.daijiworld.com/news/news_disp.asp?n_id=105475,,Unknown,Medium,,glc,3609,India,Bhatkal,13.02514,Karnataka,,31735,IN,AS,h94C8fmK7,1,Tue Apr 01 2014 00:00:00 GMT+0000 (UTC),1,14.035399999999999,74.662400000000005,"(14.035399999999999, 74.662400000000005)"
3610,06/14/2011,Early Morning,India,"Narvem-Pilgao Road, Bicholim",landslide,Landslide,Downpour,,0,,,http://timesofindia.indiatimes.com/city/goa/Rains-cause-landslide-on-Narvem-Pilgao-road/articleshow/8856981.cms,,Known_within_5_km,Medium,,glc,3610,India,Dicholi,0.25017,Goa,,15315,IN,AS,D9QylfmcW,1,Tue Apr 01 2014 00:00:00 GMT+0000 (UTC),1,15.593500000000001,73.943399999999997,"(15.593500000000001, 73.943399999999997)"
3611,06/14/2011,,India,"The Leh-Manali hwy, Himachal Pradesh",landslide,Landslide,Downpour,,0,,,http://ibnlive.in.com/generalnewsfeed/news/rains-cause-dip-in-mercury-across-north-india/727201.html,,Known_within_5_km,Medium,,glc,3611,India,ManƒÅli,14.28688,Himachal Pradesh,,8341,IN,AS,DGHoSkBcU,1,Tue Apr 01 2014 00:00:00 GMT+0000 (UTC),1,32.370899999999999,77.246600000000001,"(32.370899999999999, 77.246600000000001)"
3614,06/16/2011,,India,Munjur near Mettupalayam,landslide,Landslide,Rain,,0,,,http://articles.timesofindia.indiatimes.com/2011-06-16/racing/29664705_1_endurance-category-ultimate-mysore,,Known_within_25_km,Medium,,glc,3614,India,Mettupalayam,0.07515,Tamil Nadu,Coimbatore district,66944,IN,AS,DJ31mTmK4,1,Tue Apr 01 2014 00:00:00 GMT+0000 (UTC),1,11.299300000000001,76.935400000000001,"(11.299300000000001, 76.935400000000001)"
3616,06/17/2011,,India,"Angod, Mapusa",landslide,Landslide,Rain,,0,,,http://articles.timesofindia.indiatimes.com/2011-06-18/goa/29673645_1_mapusa-market-mapusa-municipality-sudhir-kandolkar,,Known_within_5_km,Medium,,glc,3616,India,MƒÅpuca,0.35709,Goa,,40122,IN,AS,DGwBkqmB7,1,Tue Apr 01 2014 00:00:00 GMT+0000 (UTC),1,15.5931,73.811899999999994,"(15.5931, 73.811899999999994)"
3617,06/17/2011,Night,India,Pankhabari and Rohini routes in Kurseong,landslide,Landslide,Continuous_Rain,,0,,Times of India,http://timesofindia.indiatimes.com/city/kolkata-/Landslides-cut-off-Hills-for-two-hours/articleshow/8907428.cms,Above_road,Known_within_5km,Medium,,glc,3617,India,KƒÅrsiyƒÅng,0.16768,Bengal,,46427,IN,AS,h5ArLot62I,2,Thu Nov 05 2015 14:08:42 GMT+0000 (UTC),3654551982,26.848509750000002,88.261817449999995,"(26.848509750000002, 88.261817449999995)"
3618,06/17/2011,,India,"Nathpa village, Kinnaur District, Himachal Pradesh",landslide,Landslide,Downpour,,0,,,http://ibnlive.in.com/generalnewsfeed/news/moderate-rains-lash-parts-of-himachal-pradesh/729520.html,,Known_within_5_km,Medium,,glc,3618,India,SarƒÅhan,18.63766,Himachal Pradesh,,1495,IN,AS,sGTUP8cBW,1,Tue Apr 01 2014 00:00:00 GMT+0000 (UTC),1,31.5639,77.979799999999997,"(31.5639, 77.979799999999997)"
3619,06/17/2011,19:30:00,India,"National HWY 31A, Birik (cut off Sikkim)",landslide,Mudslide,Rain,,0,,,http://www.telegraphindia.com/1110618/jsp/northeast/story_14127559.jsp,,Unknown,Medium,,glc,3619,India,Mangan,7.9575,,,1464,IN,AS,h5VPStQc4,1,Tue Apr 01 2014 00:00:00 GMT+0000 (UTC),1,27.488499999999998,88.445099999999996,"(27.488499999999998, 88.445099999999996)"
3620,06/17/2011,4:00:00,India,Near Nivar station in the Ratnagiri district of Maharashtra,landslide,Landslide,Downpour,,0,,,http://mangalorean.com/news.php?newstype=local&newsid=245556,,Known_within_10_km,Medium,,glc,3620,India,Ratnagiri,5.16652,Maharashtra,Konkan Division,75986,IN,AS,S9FGlTdc7,1,Tue Apr 01 2014 00:00:00 GMT+0000 (UTC),1,17.0032,73.357200000000006,"(17.0032, 73.357200000000006)"
3621,06/17/2011,,India,"St Mary's Hill, 3 km from Kurseong, West Bengal",landslide,Mudslide,Downpour,,4,,,http://articles.timesofindia.indiatimes.com/2011-06-18/kolkata/29673649_1_rescue-operations-fire-brigade-mudslide,,Known_within_5_km,Large,,glc,3621,India,KƒÅrsiyƒÅng,0.38718,Bengal,,46427,IN,AS,s5MX5ZcKU,1,Tue Apr 01 2014 00:00:00 GMT+0000 (UTC),1,26.88,88.28,"(26.88, 88.28)"
3629,06/19/2011,,India,"Cuddegal in Sanvordem, outside the mining lease area",landslide,Landslide,Downpour,,0,,The Times of India,http://articles.timesofindia.indiatimes.com/2011-06-23/goa/29694407_1_mining-lease-heavy-rains-inquiry-report,Mine_construction,Known_within_5_km,Medium,,glc,3629,India,Sanvordem,4.31668,Goa,,5051,IN,AS,D9gJIg22dD,2,Mon Sep 15 2014 19:24:59 GMT+0000 (UTC),3146647725,15.293200000000001,74.1447,"(15.293200000000001, 74.1447)"
3632,06/20/2011,20:30:00,India,"Birik on NH31A, Kalimpong",landslide,Landslide,Rain,,0,,,http://www.telegraphindia.com/1110620/jsp/frontpage/story_14134589.jsp,,Known_within_5_km,Medium,,glc,3632,India,KƒÅlimpang,0.5091,Bengal,,43000,IN,AS,SGgFhPQBW,1,Tue Apr 01 2014 00:00:00 GMT+0000 (UTC),1,27.063800000000001,88.465900000000005,"(27.063800000000001, 88.465900000000005)"
3633,06/20/2011,,India,Mokokchung,landslide,Landslide,Downpour,,0,,,http://www.morungexpress.com/local/67219.html,,Known_within_5_km,Medium,,glc,3633,India,Mokokch≈´ng,0.92729,NƒÅgƒÅland,,34021,IN,AS,D56X3gBQU,1,Tue Apr 01 2014 00:00:00 GMT+0000 (UTC),1,26.3186,94.512100000000004,"(26.3186, 94.512100000000004)"
3637,06/21/2011,,India,"Lasumi village in Phek district, Kohima",landslide,Landslide,Rain,,,,Morung Express,https://web.archive.org/web/20110627132314/http://www.morungexpress.com/regional/67365.html,Deforested_slope,Known_within_1_km,Medium,,glc,3637,India,Kohima,0.50696,NƒÅgƒÅland,,92113,IN,AS,D5xHpFBc7,1,Tue Apr 01 2014 00:00:00 GMT+0000 (UTC),1,25.516146620000001,94.2341227,"(25.516146620000001, 94.2341227)"
3643,06/23/2011,23:30:00,India,Villages surrounding the West Sikkim district of ,landslide,Landslide,Downpour,,16,,,http://www.assamtribune.com/scripts/detailsnew.asp?id=jun2511/oth05,,Known_within_5_km,Large,,glc,3643,India,Naya BƒÅzƒÅr,17.498159999999999,,,1035,IN,AS,SJlj5tKQU,1,Tue Apr 01 2014 00:00:00 GMT+0000 (UTC),1,27.2879,88.257900000000006,"(27.2879, 88.257900000000006)"
3659,06/27/2011,,India,Madikeri-Mangalore highway,landslide,Landslide,Rain,,0,,,,,Unknown,Medium,,glc,3659,India,Putt≈´r,10.91024,Karnataka,,53331,IN,AS,h5orufFKW,1,Tue Apr 01 2014 00:00:00 GMT+0000 (UTC),1,12.677099999999999,75.256500000000003,"(12.677099999999999, 75.256500000000003)"
3660,06/27/2011,,India,"Karnataka coast, Mangalore",landslide,Landslide,Downpour,,0,,,http://www.daijiworld.com/news/news_disp.asp?n_id=106627,,Known_within_5_km,Large,,glc,3660,India,Mangalore,0.34667,Karnataka,,417387,IN,AS,S9nGZTmBU,1,Tue Apr 01 2014 00:00:00 GMT+0000 (UTC),1,12.914099999999999,74.855999999999995,"(12.914099999999999, 74.855999999999995)"
3662,06/28/2011,,India,"Ikou-Gangpijang road, near: Ikou, Saikul, and Gangpijang; Imphal India",landslide,Landslide,Rain,,,,E-PAO,http://e-pao.net/GP.asp?src=7..290611.jun11,Below_road,Known_within_25_km,Medium,,glc,3662,India,Imphal,0.44836,Manipur,,223523,IN,AS,DJRB3dBB4,1,Tue Apr 01 2014 00:00:00 GMT+0000 (UTC),1,25.035617290000001,94.0144205,"(25.035617290000001, 94.0144205)"
3663,06/28/2011,,India,"Ruzapfu valley, Kikruma Village, Phek District, Nagaland",landslide,Landslide,Downpour,,0,,,http://www.morungexpress.com/local/67492.html,,Known_within_50_km,Medium,,glc,3663,India,Kohima,0.72537,NƒÅgƒÅland,,92113,IN,AS,s93b-dKc7,1,Tue Apr 01 2014 00:00:00 GMT+0000 (UTC),1,25.668199999999999,94.109899999999996,"(25.668199999999999, 94.109899999999996)"
3666,06/29/2011,,India,"Manali-Leh road, between Mari and Rohtang",landslide,Landslide,Continuous_rain,,0,,,http://ibnlive.in.com/generalnewsfeed/news/rains-disrupt-air-and-road-traffic-in-himachal/743822.html,,Known_within_25_km,Medium,,glc,3666,India,ManƒÅli,19.700800000000001,Himachal Pradesh,,8341,IN,AS,hJ11D8Kc7,1,Tue Apr 01 2014 00:00:00 GMT+0000 (UTC),1,32.431800000000003,77.214699999999993,"(32.431800000000003, 77.214699999999993)"
3667,06/29/2011,,India,"Manali-Rohtang road, at Raninalah, Himachal Pradesh",landslide,Landslide,Continuous_rain,,0,,,http://ibnlive.in.com/generalnewsfeed/news/rains-disrupt-air-and-road-traffic-in-himachal/743822.html,,Known_within_15_km,Medium,,glc,3667,India,ManƒÅli,3.53288,Himachal Pradesh,,8341,IN,AS,sG_zS8Kc7,1,Tue Apr 01 2014 00:00:00 GMT+0000 (UTC),1,32.228200000000001,77.189800000000005,"(32.228200000000001, 77.189800000000005)"
3668,06/29/2011,,India,"Almora-Pithoragarh road, between Makrau and Thiari",landslide,Landslide,Downpour,,0,,,http://news.in.msn.com/national/article.aspx?cp-documentid=5242640,,Unknown,Medium,,glc,3668,India,Almora,26.072610000000001,Uttarakhand,,32442,IN,AS,sJZ-ylQK7,1,Tue Apr 01 2014 00:00:00 GMT+0000 (UTC),1,29.606999999999999,79.9298,"(29.606999999999999, 79.9298)"
3669,06/29/2011,,India,"National Highway leading to Gangotri, from Dehradun",landslide,Landslide,Downpour,,0,,,,,Known_within_50_km,Medium,,glc,3669,India,UttarkƒÅshi,34.034689999999998,Uttarakhand,,17123,IN,AS,DJs2FnQQW,1,Tue Apr 01 2014 00:00:00 GMT+0000 (UTC),1,30.7666,78.796300000000002,"(30.7666, 78.796300000000002)"
3670,06/29/2011,,India,National highway leading to Kedarnath,landslide,Landslide,Downpour,,,,IBN,http://ibnlive.in.com/generalnewsfeed/news/yatra-to-kedarnath-gangotri-yamunotri-resumes/745000.html,Above_road,Known_within_25_km,Medium,,glc,3670,India,Barkot,30.567409999999999,Uttarakhand,,7725,IN,AS,DGeudlKQ4,1,Tue Apr 01 2014 00:00:00 GMT+0000 (UTC),1,30.676294819999999,79.041917909999995,"(30.676294819999999, 79.041917909999995)"
3671,06/29/2011,,India,National Highway leading to Yamunotri from Dehradun,landslide,Landslide,Downpour,,,,IBN,http://ibnlive.in.com/generalnewsfeed/news/yatra-to-kedarnath-gangotri-yamunotri-resumes/745000.html,Above_road,Unknown,Medium,,glc,3671,India,Pƒ´palkoti,48.676819999999999,Uttarakhand,Chamoli district,2000,IN,AS,h5jWmkBK4,1,Tue Apr 01 2014 00:00:00 GMT+0000 (UTC),1,30.81507336,78.224253300000001,"(30.81507336, 78.224253300000001)"
3672,06/29/2011,,India,"Portions of NH 39, Connectin Manipur with Assam via Nagaland",landslide,Landslide,Downpour,,0,,,http://articles.timesofindia.indiatimes.com/2011-06-30/guwahati/29720982_1_heavy-rains-highway,,Unknown,Medium,,glc,3672,India,Maibong,32.433979999999998,Assam,,8364,IN,AS,SGzk0FcB7,1,Tue Apr 01 2014 00:00:00 GMT+0000 (UTC),1,25.512499999999999,93.3613,"(25.512499999999999, 93.3613)"
3673,06/29/2011,,India,"Rishikesh-Kedarnath national highway, Sirobagad",landslide,Landslide,Downpour,,0,,,http://ibnlive.in.com/generalnewsfeed/news/several-roads-blocked-due-to-landslides-in-uttarakhand/742517.html,,Known_within_10_km,Medium,,glc,3673,India,RudraprayƒÅg,9.3832,Uttarakhand,,2571,IN,AS,sJrrF8BcU,1,Tue Apr 01 2014 00:00:00 GMT+0000 (UTC),1,30.241599999999998,78.899600000000007,"(30.241599999999998, 78.899600000000007)"
3674,06/29/2011,,India,Several roads in Uttarakhand,landslide,Landslide,Downpour,,10,,,http://ibnlive.in.com/generalnewsfeed/news/several-roads-blocked-due-to-landslides-in-uttarakhand/742517.html,,Known_within_5_km,Large,,glc,3674,India,RudraprayƒÅg,24.407039999999999,Uttarakhand,,2571,IN,AS,h5HogkcB4,1,Tue Apr 01 2014 00:00:00 GMT+0000 (UTC),1,30.066700000000001,79.019300000000001,"(30.066700000000001, 79.019300000000001)"
3678,06/30/2011,,India,"Pauri-Safdarkhal road, blocked at Khundadhar",landslide,Landslide,Downpour,,0,,,http://ibnlive.in.com/generalnewsfeed/news/yatra-to-kedarnath-gangotri-yamunotri-resumes/745000.html,,Known_within_50_km,Medium,,glc,3678,India,Pauri,0.64758,Uttarakhand,,26514,IN,AS,DJRXFnKc7,1,Tue Apr 01 2014 00:00:00 GMT+0000 (UTC),1,30.15,78.775300000000001,"(30.15, 78.775300000000001)"
3683,07/01/2011,,India,NH-61 between Botsa and Chiechama,landslide,Landslide,Downpour,,0,,,http://www.morungexpress.com/local/69559.html,,Known_within_10_km,Medium,,glc,3683,India,Kohima,23.414069999999999,NƒÅgƒÅland,,92113,IN,AS,SJiq0FKKW,1,Tue Apr 01 2014 00:00:00 GMT+0000 (UTC),1,25.8782,94.173900000000003,"(25.8782, 94.173900000000003)"
3696,07/02/2011,18:00:00,India,"National Highway 66, connecting Kerala and Karnataka",landslide,Landslide,Rain,,0,,,http://articles.timesofindia.indiatimes.com/2011-07-02/mangalore/29729961_1_landslide-road-traffic,,Unknown,Small,,glc,3696,India,Hassan,18.585660000000001,Karnataka,,128531,IN,AS,DJihgfgKU,1,Tue Apr 01 2014 00:00:00 GMT+0000 (UTC),1,13.181900000000001,76.114699999999999,"(13.181900000000001, 76.114699999999999)"
3707,07/03/2011,,India,Blocked the track between Railpathri and Baltal,landslide,Landslide,Rain,,0,,,http://ibnlive.in.com/news/amarnath-yatra-suspended-due-to-landslides/164665-3.html,,Known_within_25_km,Medium,,glc,3707,India,PahalgƒÅm,22.997389999999999,Kashmir,,7750,IN,AS,h5GWtfdc4,1,Tue Apr 01 2014 00:00:00 GMT+0000 (UTC),1,34.1601,75.495999999999995,"(34.1601, 75.495999999999995)"
3708,07/03/2011,,India,South of Kashmir,landslide,Landslide,Downpour,,0,,,http://www.indianexpress.com/news/Rains--landslides-disrupt-Amarnath-Yatra-again/812403/,,Unknown,Medium,,glc,3708,India,Leh,69.922190000000001,Kashmir,,37475,IN,AS,h9cqmfgcU,1,Tue Apr 01 2014 00:00:00 GMT+0000 (UTC),1,34.149099999999997,76.825999999999993,"(34.149099999999997, 76.825999999999993)"
3737,07/06/2011,,India,"Gangortri-Rishikesh highway, at Narendranagar in Tehri district of Uttarakhand",landslide,Landslide,Downpour,,0,,,http://ibnlive.in.com/generalnewsfeed/news/gangortririshikesh-highway-closed-due-to-landslide/749417.html,,Known_within_50_km,Medium,,glc,3737,India,Dehradun,0.38784,Uttarakhand,,522081,IN,AS,S56vPnBB7,1,Tue Apr 01 2014 00:00:00 GMT+0000 (UTC),1,30.321400000000001,78.031899999999993,"(30.321400000000001, 78.031899999999993)"
3738,07/06/2011,,India,"National Highway 53, Sinam Khul (near Kotlen; ~25 km from Imphal)",landslide,Landslide,Downpour,,6,,,http://e-pao.net/GP.asp?src=16..070711.jul11,,Known_within_50_km,Medium,,glc,3738,India,Imphal,0.44836,Manipur,,223523,IN,AS,SGvK-mKQU,1,Tue Apr 01 2014 00:00:00 GMT+0000 (UTC),1,24.8063,93.9482,"(24.8063, 93.9482)"
3741,07/07/2011,,India,Maram (80 km north of Imphal),landslide,Landslide,Rain,,0,,,http://www.e-pao.net/GP.asp?src=8..080711.jul11,,Known_within_5_km,Medium,,glc,3741,India,Kohima,28.314360000000001,NƒÅgƒÅland,,92113,IN,AS,sGgY-gKB7,1,Tue Apr 01 2014 00:00:00 GMT+0000 (UTC),1,25.4191,94.107900000000001,"(25.4191, 94.107900000000001)"
3745,07/08/2011,,India,Between Manali and Rohtang,landslide,Landslide,Rain,,0,,,http://ibnlive.in.com/generalnewsfeed/news/chardham-yatra-suspended-due-to-rains/752982.html,,Unknown,Medium,,glc,3745,India,Dagshai,5.03899,Himachal Pradesh,,2994,IN,AS,D5s-dymK7,1,Tue Apr 01 2014 00:00:00 GMT+0000 (UTC),1,30.9209,77.020600000000002,"(30.9209, 77.020600000000002)"
3746,07/08/2011,,India,Lambagad,landslide,Landslide,Downpour,,0,,,http://ibnlive.in.com/generalnewsfeed/news/chardham-yatra-suspended-due-to-rains/752982.html,,Known_within_10_km,Medium,,glc,3746,India,Joshƒ´math,11.47157,Uttarakhand,,13865,IN,AS,s9HRqnQK4,1,Tue Apr 01 2014 00:00:00 GMT+0000 (UTC),1,30.6509,79.519199999999998,"(30.6509, 79.519199999999998)"
3747,07/08/2011,,India,Manali-Leh highway,landslide,Landslide,Rain,,0,,,http://timesofindia.indiatimes.com/india/First-showers-in-Kullu-hit-traffic/articleshow/9157906.cms,,Known_within_50_km,Medium,,glc,3747,India,ManƒÅli,7.55986,Himachal Pradesh,,8341,IN,AS,hJvxsnBcU,1,Tue Apr 01 2014 00:00:00 GMT+0000 (UTC),1,32.323700000000002,77.1935,"(32.323700000000002, 77.1935)"
3749,07/09/2011,,India,Badrinath,landslide,Landslide,Downpour,,0,,,http://ibnlive.in.com/generalnewsfeed/news/chardham-yatra-suspended-due-to-rains/752982.html,,Known_within_25_km,Medium,,glc,3749,India,Joshƒ´math,21.724710000000002,Uttarakhand,,13865,IN,AS,D9WrfkQK4,1,Tue Apr 01 2014 00:00:00 GMT+0000 (UTC),1,30.741199999999999,79.492900000000006,"(30.741199999999999, 79.492900000000006)"
3750,07/09/2011,,India,Gangotri,landslide,Landslide,Downpour,,0,,,,,Known_within_50_km,Medium,,glc,3750,India,UttarkƒÅshi,14.8033,Uttarakhand,,17123,IN,AS,SJcqmkQQ4,1,Tue Apr 01 2014 00:00:00 GMT+0000 (UTC),1,30.7652,78.592500000000001,"(30.7652, 78.592500000000001)"
3751,07/09/2011,,India,Kedarnath,landslide,Landslide,Downpour,,0,,,,,Known_within_25_km,Medium,,glc,3751,India,Pƒ´palkoti,48.676819999999999,Uttarakhand,Chamoli district,2000,IN,AS,s9a7FncQU,1,Tue Apr 01 2014 00:00:00 GMT+0000 (UTC),1,30.7331,79.0685,"(30.7331, 79.0685)"
3752,07/09/2011,,India,Yamunotri,landslide,Landslide,Downpour,,0,,,,,Known_within_25_km,Medium,,glc,3752,India,Barkot,30.567409999999999,Uttarakhand,,7725,IN,AS,D52um8cK4,1,Tue Apr 01 2014 00:00:00 GMT+0000 (UTC),1,31.018799999999999,78.412899999999993,"(31.018799999999999, 78.412899999999993)"
3756,07/10/2011,,India,Mandi district,landslide,Landslide,Downpour,,0,,,http://ibnlive.in.com/generalnewsfeed/news/rains-drench-north-india-7-die-in-rainlinked-incidents/753764.html,,Known_within_5_km,Medium,,glc,3756,India,Mandi,0.1712,Himachal Pradesh,,28217,IN,AS,sGXrmTgK4,1,Tue Apr 01 2014 00:00:00 GMT+0000 (UTC),1,31.709900000000001,76.933000000000007,"(31.709900000000001, 76.933000000000007)"
3757,07/10/2011,,India,Nalupani area in Uttarkashi district,landslide,Landslide,Downpour,,0,,,http://ibnlive.in.com/generalnewsfeed/news/rains-drench-north-india-7-die-in-rainlinked-incidents/753764.html,,Known_within_10_km,Medium,,glc,3757,India,UttarkƒÅshi,0.50842,Uttarakhand,,17123,IN,AS,SJ9Qd8QK7,1,Tue Apr 01 2014 00:00:00 GMT+0000 (UTC),1,30.7333,78.439899999999994,"(30.7333, 78.439899999999994)"
3759,07/11/2011,,India,Highways leading to Badrinath and Gangotri,landslide,Landslide,Downpour,,0,,,http://ibnlive.in.com/generalnewsfeed/news/rains-lash-ukhand-landslides-block-roads/754140.html,,Known_within_50_km,Medium,,glc,3759,India,RudraprayƒÅg,27.497599999999998,Uttarakhand,,2571,IN,AS,s58iglQQW,1,Tue Apr 01 2014 00:00:00 GMT+0000 (UTC),1,30.506,79.112700000000004,"(30.506, 79.112700000000004)"
3760,07/11/2011,Morning,India,"NH-61, 1 km before reaching Botsa",landslide,Landslide,Downpour,,0,,,http://www.morungexpress.com/local/68036.html,,Known_within_25_km,Medium,,glc,3760,India,Kohima,0.50696,NƒÅgƒÅland,,92113,IN,AS,hGDLYpmBcU,1,Tue Apr 01 2014 00:00:00 GMT+0000 (UTC),1,25.670300000000001,94.109499999999997,"(25.670300000000001, 94.109499999999997)"
3763,07/12/2011,,India,the Ridge in downtown Shimla,landslide,Landslide,Downpour,,,,My Himachal,https://web.archive.org/web/20110903112918/http://himachal.us/2011/07/12/sinking-ridge-threatens-shimla-town-hall-tibetan-market/29120/tourism/baldev,Urban_area,Known_within_1_km,Small,,glc,3763,India,Shimla,0.58675,Himachal Pradesh,,173503,IN,AS,DGNeSlBQ4,1,Tue Apr 01 2014 00:00:00 GMT+0000 (UTC),1,31.105876590000001,77.177984850000001,"(31.105876590000001, 77.177984850000001)"
3764,07/12/2011,17:15:00,India,Between Kasara and Igatpuri,landslide,Landslide,Rain,,0,,,http://www.hindustantimes.com/Technical-glitch-landslide-delay-CR-trains-during-peak-hour/Article1-720439.aspx,,Known_within_5_km,Medium,,glc,3764,India,Igatpuri,6.08459,Maharashtra,,35461,IN,AS,DJSn8fFcU,1,Tue Apr 01 2014 00:00:00 GMT+0000 (UTC),1,19.669899999999998,73.511099999999999,"(19.669899999999998, 73.511099999999999)"
3776,07/15/2011,Evening,India,Itanagar/Naharlagur/Nirjuli,landslide,Landslide,Downpour,,0,,,http://ibnlive.in.com/generalnewsfeed/news/flash-floods-landslides-in-arunachal-pradesh/757817.html,,Known_within_5_km,Small,,glc,3776,India,Naharlagun,2.95672,ArunƒÅchal Pradesh,,26912,IN,AS,SGjg3mcc4,1,Tue Apr 01 2014 00:00:00 GMT+0000 (UTC),1,27.125,93.714500000000001,"(27.125, 93.714500000000001)"
3777,07/15/2011,Evening,India,Rahni,landslide,Landslide,Downpour,,1,,,http://articles.timesofindia.indiatimes.com/2011-07-18/india/29786319_1_landslides-rohtang-marhi,,Known_within_5_km,Medium,,glc,3777,India,ManƒÅli,10.955590000000001,Himachal Pradesh,,8341,IN,AS,sGA1s8QB7,1,Tue Apr 01 2014 00:00:00 GMT+0000 (UTC),1,32.3491,77.218100000000007,"(32.3491, 77.218100000000007)"
3789,07/16/2011,,India,Mebua (8 km from Seppa),landslide,Landslide,Downpour,,0,,,http://english.samaylive.com/regional-news/others-news/676490549/flash-floods-in-arunachal-pradesh.html,,Known_within_10_km,Medium,,glc,3789,India,Bomdila,47.706789999999998,ArunƒÅchal Pradesh,,7121,IN,AS,s5BN0FcQU,1,Tue Apr 01 2014 00:00:00 GMT+0000 (UTC),1,27.2743,92.906400000000005,"(27.2743, 92.906400000000005)"
3793,07/17/2011,0:30:00,India,At the Talgaon cutting between Sindhudurg and Kudal section of the Konkan Railway,landslide,Landslide,Downpour,,0,,,http://articles.timesofindia.indiatimes.com/2011-07-18/goa/29786789_1_transshipped-services-konkan-railway-baban-ghatge,,Known_within_25_km,Small,,glc,3793,India,SƒÅvantvƒÅdi,5.87854,Maharashtra,,23384,IN,AS,S5LB8fgKW,1,Tue Apr 01 2014 00:00:00 GMT+0000 (UTC),1,15.8513,73.816100000000006,"(15.8513, 73.816100000000006)"
3794,07/17/2011,,India,West Bengal-Sikkim at highway Rambi,landslide,Landslide,Rain,,,,Hindu,https://web.archive.org/web/20110722180056/http://www.thehindu.com/news/states/other-states/article2276615.ece,Above_road,Known_within_5_km,Medium,,glc,3794,India,Jorethang,4.44389,Sikkim,,3596,IN,AS,h5WNDZQKW,1,Tue Apr 01 2014 00:00:00 GMT+0000 (UTC),1,26.991957490000001,88.422809209999997,"(26.991957490000001, 88.422809209999997)"
3805,07/19/2011,,India,200 meters from Teesta Bridge towards Siliguri,landslide,Landslide,Rain,,0,,Hindu,http://www.thehindu.com/news/states/other-states/article2276615.ece,Above_road,Known_within_1_km,Medium,,glc,3805,India,Jorethang,4.44389,Sikkim,,3596,IN,AS,s9p6DtcB4,1,Tue Apr 01 2014 00:00:00 GMT+0000 (UTC),1,27.053742339999999,88.425723759999997,"(27.053742339999999, 88.425723759999997)"
3806,07/19/2011,,India,"Itanagar (one near Pachali power house, one near Heema Hospital, and one nearRomik Colony at P Sector)",landslide,Landslide,Downpour,,3,,,http://ibnlive.in.com/generalnewsfeed/news/three-killed-in-landslides/758753.html,,Known_within_10_km,Medium,,glc,3806,India,Naharlagun,0.6921,ArunƒÅchal Pradesh,,26912,IN,AS,D5Mg0dccW,1,Tue Apr 01 2014 00:00:00 GMT+0000 (UTC),1,27.103200000000001,93.688400000000001,"(27.103200000000001, 93.688400000000001)"
3807,07/19/2011,,India,Kishtwar,landslide,Landslide,Rain,,3,,,http://ibnlive.in.com/generalnewsfeed/news/3-members-of-family-killed-in-landslide-in-jk/759003.html,,Known_within_10_km,Medium,,glc,3807,India,KishtwƒÅr,49.070210000000003,Kashmir,,20553,IN,AS,s9_SFyFcW,1,Tue Apr 01 2014 00:00:00 GMT+0000 (UTC),1,33.691699999999997,76.041200000000003,"(33.691699999999997, 76.041200000000003)"
3813,07/20/2011,,India,National Highway 31A in West Bengal's Darjeeling district,landslide,Landslide,Rain,,0,,,http://twocircles.net/2011jul20/landslide_snaps_siligurisikkim_highway_link.html,,Known_within_15_km,Small,,glc,3813,India,KƒÅlimpang,5.07138,Bengal,,43000,IN,AS,SGkdStQQ4,1,Tue Apr 01 2014 00:00:00 GMT+0000 (UTC),1,27.114100000000001,88.465800000000002,"(27.114100000000001, 88.465800000000002)"
3819,07/21/2011,,India,"Chamoli , Uttarakhand",landslide,Landslide,Rain,,1,,,,,Known_within_15_km,Medium,,glc,3819,India,Pƒ´palkoti,9.78584,Uttarakhand,Chamoli district,2000,IN,AS,h52wf8QBW,1,Tue Apr 01 2014 00:00:00 GMT+0000 (UTC),1,30.404299999999999,79.331800000000001,"(30.404299999999999, 79.331800000000001)"
3820,07/21/2011,,India,"Garhwal, Uttarakhand",landslide,Landslide,Rain,,1,,,http://ibnlive.in.com/generalnewsfeed/news/two-killed-as-heavy-rains-lash-uttarakhand/759890.html,,Known_within_25_km,Medium,,glc,3820,India,DoiwƒÅla,1.47985,Uttarakhand,,8247,IN,AS,hGR0ZnKK4,1,Tue Apr 01 2014 00:00:00 GMT+0000 (UTC),1,30.166499999999999,78.112300000000005,"(30.166499999999999, 78.112300000000005)"
3821,07/21/2011,,India,"Kumaon, Uttarakhand",landslide,Landslide,Rain,,1,,,,,Known_within_15_km,Medium,,glc,3821,India,Almora,15.271000000000001,Uttarakhand,,32442,IN,AS,s99vfkccW,1,Tue Apr 01 2014 00:00:00 GMT+0000 (UTC),1,29.7334,79.636700000000005,"(29.7334, 79.636700000000005)"
3829,07/22/2011,,India,"Konkan Railway, between Sindhudurg and Kudal",landslide,Landslide,Downpour,,0,,,http://articles.timesofindia.indiatimes.com/2011-07-24/mumbai/29809593_1_konkan-railway-kr-disruption,,Known_within_50_km,Small,,glc,3829,India,KudƒÅl,11.073079999999999,Maharashtra,,14432,IN,AS,S9tgnydB4,1,Tue Apr 01 2014 00:00:00 GMT+0000 (UTC),1,16.107800000000001,73.716700000000003,"(16.107800000000001, 73.716700000000003)"
3830,07/22/2011,,India,Manipur,landslide,Landslide,Downpour,,0,,,http://e-pao.net/GP.asp?src=6..270711.jul11,,Known_within_10_km,Small,,glc,3830,India,WƒÅngjing,38.555399999999999,Manipur,,7528,IN,AS,s9dw3mKQ4,1,Tue Apr 01 2014 00:00:00 GMT+0000 (UTC),1,24.352699999999999,94.3429,"(24.352699999999999, 94.3429)"
3831,07/22/2011,,India,Heibok Hills,landslide,Landslide,Downpour,,0,,,http://e-pao.net/GP.asp?src=4..230711.jul11,,Unknown,Medium,,glc,3831,India,Imphal,1.05312,Manipur,,223523,IN,AS,SGxK0mcB7,1,Tue Apr 01 2014 00:00:00 GMT+0000 (UTC),1,24.799199999999999,93.947999999999993,"(24.799199999999999, 93.947999999999993)"
3837,07/24/2011,12:30:00,India,NH 37,landslide,Landslide,Downpour,,0,,,http://e-pao.net/GP.asp?src=17..250711.jul11,,Known_within_50_km,Medium,,glc,3837,India,Tezpur,21.032389999999999,Assam,,58851,IN,AS,S9TNpFKK4,1,Tue Apr 01 2014 00:00:00 GMT+0000 (UTC),1,26.583600000000001,93.003799999999998,"(26.583600000000001, 93.003799999999998)"
3839,07/25/2011,Early Morning,India,"Manali-Leh road, rohtang Pass",landslide,Landslide,Downpour,,0,,,http://www.himvani.com/news/2011/07/25/manali-leh-road-closed-after-landslides/16116,,Known_within_10_km,Medium,,glc,3839,India,Nagar,5.84448,Himachal Pradesh,,2000,IN,AS,h5gVs8QQW,1,Tue Apr 01 2014 00:00:00 GMT+0000 (UTC),1,32.189599999999999,77.186999999999998,"(32.189599999999999, 77.186999999999998)"
3840,07/25/2011,,India,Manipur,landslide,Landslide,Downpour,,0,,,http://www.assamtribune.com/scripts/detailsnew.asp?id=jul3011/oth05,,Known_within_50_km,Medium,,glc,3840,India,MayƒÅng ImphƒÅl,8.947570000000001,Manipur,,22159,IN,AS,s5gB0gKc7,1,Tue Apr 01 2014 00:00:00 GMT+0000 (UTC),1,24.686900000000001,93.915700000000001,"(24.686900000000001, 93.915700000000001)"
3859,07/29/2011,,India,Kedarnath yatra,landslide,Landslide,Downpour,,0,,,http://ibnlive.in.com/generalnewsfeed/news/kedarnath-yatra-remains-suspended-for-sixth-consecutive-day/774968.html,,Known_within_50_km,Medium,,glc,3859,India,RƒÅiwƒÅla,2.04531,Uttarakhand,,5198,IN,AS,S9YJFncKW,1,Tue Apr 01 2014 00:00:00 GMT+0000 (UTC),1,30.012,78.197000000000003,"(30.012, 78.197000000000003)"
3860,07/29/2011,,India,"Maram, Manipur",landslide,Landslide,Rain,,0,,,http://kanglaonline.com/2011/07/works-minister-visits-landslide-hit-maram-stretch-of-nh2/,,Known_within_10_km,Medium,,glc,3860,India,Kohima,28.303170000000001,NƒÅgƒÅland,,92113,IN,AS,SGfbpdcK7,1,Tue Apr 01 2014 00:00:00 GMT+0000 (UTC),1,25.4192,94.108000000000004,"(25.4192, 94.108000000000004)"
3861,07/29/2011,,India,Uttar Pradesh,landslide,Landslide,Downpour,,6,,,http://articles.timesofindia.indiatimes.com/2011-07-29/india/29828449_1_danger-mark-danger-level-heavy-rains,,Unknown,Medium,,glc,3861,India,PihƒÅni,7.97904,Uttar Pradesh,,30369,IN,AS,s530TnBc7,1,Tue Apr 01 2014 00:00:00 GMT+0000 (UTC),1,27.586200000000002,80.130600000000001,"(27.586200000000002, 80.130600000000001)"
3881,08/05/2011,,India,Itanagar,landslide,Landslide,Downpour,,0,,,http://articles.timesofindia.indiatimes.com/2011-08-06/guwahati/29861700_1_water-supply-drinking-water-landslides,,Known_within_5_km,Medium,,glc,3881,India,Naharlagun,0.67751,ArunƒÅchal Pradesh,,26912,IN,AS,s5gm3dQQU,1,Tue Apr 01 2014 00:00:00 GMT+0000 (UTC),1,27.103400000000001,93.688500000000005,"(27.103400000000001, 93.688500000000005)"
3884,08/06/2011,22:00,India,Manali highway near Hanogi temple in Mandi,landslide,Landslide,Continuous_Rain,,,,Times of India,http://articles.timesofindia.indiatimes.com/2011-08-08/india/29863818_1_chandigarh-manali-manali-highway-landslides,Above_road,Known_within_5_km,Medium,,glc,3884,India,Mandi,0.2763,Himachal Pradesh,,28217,IN,AS,s9q1Fygc7,1,Tue Apr 01 2014 00:00:00 GMT+0000 (UTC),1,31.691379789999999,77.132223060000001,"(31.691379789999999, 77.132223060000001)"
3885,08/06/2011,morning,India,Kanamala in Erumeli Panchayat,landslide,Landslide,Downpour,,,,Hindu,http://www.thehindu.com/news/states/kerala/article2333186.ece,Unknown,Known_within_5_km,Medium,,glc,3885,India,PathanƒÅmthitta,24.227810000000002,Kerala,,38285,IN,AS,D9ZEmqdQW,1,Tue Apr 01 2014 00:00:00 GMT+0000 (UTC),1,9.497393175999999,76.869637499999996,"(9.4973931759999992, 76.869637499999996)"
3886,08/06/2011,,India,"Pallippady in Koruthode panchayat, Cholathadam in Poonjar Thekkekkara Pallippady in Koruthode panchayat and Cholathadam in Poonjar Thekkekkara panchayat",landslide,Landslide,Downpour,,0,,,http://www.thehindu.com/news/states/kerala/article2333186.ece,,Unknown,Medium,,glc,3886,India,PathanƒÅmthitta,24.227810000000002,Kerala,,38285,IN,AS,S9QLmTgQU,1,Tue Apr 01 2014 00:00:00 GMT+0000 (UTC),1,9.4237,76.937100000000001,"(9.4237000000000002, 76.937100000000001)"
3888,08/07/2011,1:00:00,India,Gumma on Pathankot-Mandi national highway,landslide,Landslide,Downpour,,0,,Times of India,http://articles.timesofindia.indiatimes.com/2011-08-08/india/29863818_1_chandigarh-manali-manali-highway-landslides,,Known_within_5_km,Medium,,glc,3888,India,Rohru,17.082730000000002,Himachal Pradesh,,8160,IN,AS,s97LtnKBU,1,Tue Apr 01 2014 00:00:00 GMT+0000 (UTC),1,31.240300000000001,77.925799999999995,"(31.240300000000001, 77.925799999999995)"
3889,08/07/2011,7:00:00,India,On the Manali highway near Mandi,landslide,Landslide,Downpour,,0,,Times of India,http://articles.timesofindia.indiatimes.com/2011-08-08/india/29863818_1_chandigarh-manali-manali-highway-landslides,,Known_within_50_km,Medium,,glc,3889,India,Mandi,0.2763,Himachal Pradesh,,28217,IN,AS,h981mfdKW,1,Tue Apr 01 2014 00:00:00 GMT+0000 (UTC),1,31.708300000000001,76.931600000000003,"(31.708300000000001, 76.931600000000003)"
3890,08/07/2011,,India,Manali highway near Shambal village,landslide,Landslide,Downpour,,,,Times of India,http://articles.timesofindia.indiatimes.com/2011-08-08/india/29863818_1_chandigarh-manali-manali-highway-landslides,Above_road,Known_within_5_km,Medium,,glc,3890,India,Mandi,0.2763,Himachal Pradesh,,28217,IN,AS,sJgrFyFQW,1,Tue Apr 01 2014 00:00:00 GMT+0000 (UTC),1,31.714568060000001,77.022393660000006,"(31.714568060000001, 77.022393660000006)"
3891,08/07/2011,,India,"Digdol, Jammu-Srinagar National Highway, between Kashmir and the rest of the country",landslide,Landslide,Downpour,,0,,Times of India,http://articles.timesofindia.indiatimes.com/2011-08-08/india/29864009_1_panthal-jammu-srinagar-national-highway-heavy-rains,,Unknown,Medium,,glc,3891,India,BanihƒÅl,2.65475,Kashmir,,3278,IN,AS,SGqjtyFKW,1,Tue Apr 01 2014 00:00:00 GMT+0000 (UTC),1,33.440600000000003,75.199600000000004,"(33.440600000000003, 75.199600000000004)"
3892,08/07/2011,,India,"Panthal, Jammu-Srinagar National Highway, between Kashmir and the rest of the country",landslide,Landslide,Downpour,,0,,Times of India,http://articles.timesofindia.indiatimes.com/2011-08-08/india/29864009_1_panthal-jammu-srinagar-national-highway-heavy-rains,,Known_within_5_km,Medium,,glc,3892,India,Katra,7.61848,Kashmir,,9106,IN,AS,D5_ntydK7,1,Tue Apr 01 2014 00:00:00 GMT+0000 (UTC),1,33.027099999999997,75.001800000000003,"(33.027099999999997, 75.001800000000003)"
3893,08/07/2011,,India,Rishikesh- Gangotri national highway in Maneri area of Uttarkashi district,landslide,Landslide,Downpour,,0,,,http://ibnlive.in.com/generalnewsfeed/news/yatra-to-gangotri-suspended/779707.html,,Known_within_5_km,Medium,,glc,3893,India,Dicholi,12.601190000000001,Goa,,15315,IN,AS,sJaylfdBU,1,Tue Apr 01 2014 00:00:00 GMT+0000 (UTC),1,15.7067,73.955100000000002,"(15.7067, 73.955100000000002)"
3894,08/07/2011,,India,"Sainj, Rishikesh-Gangotri National Highway",landslide,Landslide,Downpour,,0,,,http://www.thehindu.com/news/states/other-states/article2335959.ece,,Known_within_1_km,Medium,,glc,3894,India,Theog,5.69636,Himachal Pradesh,,4191,IN,AS,SJrvDnKQU,1,Tue Apr 01 2014 00:00:00 GMT+0000 (UTC),1,31.076599999999999,77.391599999999997,"(31.076599999999999, 77.391599999999997)"
3895,08/07/2011,,India,"The Rishikesh-Gangotri national highway, Sainj",landslide,Landslide,Rain,,0,,,http://ibnlive.in.com/generalnewsfeed/news/landslides-suspend-chardham-yatra/786379.html,,Known_within_5_km,Medium,,glc,3895,India,Theog,5.68093,Himachal Pradesh,,4191,IN,AS,sJyihnQcU,1,Tue Apr 01 2014 00:00:00 GMT+0000 (UTC),1,31.076599999999999,77.391300000000001,"(31.076599999999999, 77.391300000000001)"
3896,08/07/2011,,India,Kottayam,landslide,Landslide,Downpour,,1,,,http://ibnlive.in.com/news/rain-wreaks-havoc-in-kottayam/173995-60-116.html,,Known_within_5_km,Medium,,glc,3896,India,Kottayam,1.55505,Kerala,,59437,IN,AS,s96gmygB7,1,Tue Apr 01 2014 00:00:00 GMT+0000 (UTC),1,9.598800000000001,76.528899999999993,"(9.5988000000000007, 76.528899999999993)"
3899,08/08/2011,,India,"Chhatanga area; Helkugad; and Netala, all on the Rishikesh-Yamunotri National Highway",landslide,Landslide,Downpour,,0,,,http://www.china.org.cn/environment/2011-07/22/content_23044018.htm,,Unknown,Medium,,glc,3899,India,Narendranagar,11.084849999999999,Uttarakhand,,4734,IN,AS,S9pngkKc7,1,Tue Apr 01 2014 00:00:00 GMT+0000 (UTC),1,30.2258,78.375500000000002,"(30.2258, 78.375500000000002)"
3900,08/08/2011,,India,"Govindghat, on the Rishikesh-Badrinath highway",landslide,Landslide,Downpour,,0,,,http://www.china.org.cn/environment/2011-07/22/content_23044018.htm,,Known_within_5_km,Medium,,glc,3900,India,Joshƒ´math,10.710330000000001,Uttarakhand,,13865,IN,AS,s5QUTnKK4,1,Tue Apr 01 2014 00:00:00 GMT+0000 (UTC),1,30.652100000000001,79.556600000000003,"(30.652100000000001, 79.556600000000003)"
3902,08/09/2011,,India,"Mount Abu, Harna Hanuman temple",landslide,Landslide,Downpour,,0,,,http://articles.timesofindia.indiatimes.com/2011-08-10/rajkot/29871537_1_heavy-rainfall-assistant-commandant-crpf,,Known_within_5_km,Medium,,glc,3902,India,ƒÄbu,0.2478,Rajasthan,,24981,IN,AS,D9yqNqgQ4,1,Tue Apr 01 2014 00:00:00 GMT+0000 (UTC),1,24.595800000000001,72.716899999999995,"(24.595800000000001, 72.716899999999995)"
3905,08/10/2011,,India,Chardham yatra,landslide,Landslide,Rain,,0,,,http://www.hindustantimes.com/Rains-continue-to-suspend-Chardham-yatra/Article1-731900.aspx,,Known_within_50_km,Medium,,glc,3905,India,Narendranagar,13.520200000000001,Uttarakhand,,4734,IN,AS,hJ56mlKc7,1,Tue Apr 01 2014 00:00:00 GMT+0000 (UTC),1,30.282800000000002,78.304100000000005,"(30.282800000000002, 78.304100000000005)"
3907,08/11/2011,,India,Jammu-Srinagar National Highway in Jammu City,landslide,Landslide,Downpour,,0,,,http://www.indianexpress.com/news/traffic-resumes-on-jk-highway-landslides-cleared/831056/,,Known_within_50_km,Medium,,glc,3907,India,Jammu,1.30909,Kashmir,,465567,IN,AS,h9S9PfmcW,1,Tue Apr 01 2014 00:00:00 GMT+0000 (UTC),1,32.732700000000001,74.855599999999995,"(32.732700000000001, 74.855599999999995)"
3908,08/11/2011,4:30:00,India,On circular road near Panjtirthi,landslide,Landslide,Rain,,1,,,http://ibnlive.in.com/generalnewsfeed/news/two-killed-as-heavy-rains-lash-uttarakhand/759890.html,,Known_within_1_km,Medium,,glc,3908,India,Jammu,0.66185,Kashmir,,465567,IN,AS,DJ-9PymKU,1,Tue Apr 01 2014 00:00:00 GMT+0000 (UTC),1,32.737000000000002,74.876000000000005,"(32.737000000000002, 74.876000000000005)"
3912,08/12/2011,,India,East Kameng district in Arunachal Pradesh bordering China,landslide,Landslide,Rain,,0,,,http://www.inewsone.com/2011/08/12/iaf-airdrops-food-to-marooned-in-arunachal/68478,,Known_within_50_km,Medium,,glc,3912,India,Bomdila,23.93526,ArunƒÅchal Pradesh,,7121,IN,AS,S9h9DpgQcW,1,Tue Apr 01 2014 00:00:00 GMT+0000 (UTC),1,27.44,92.283299999999997,"(27.44, 92.283299999999997)"
3913,08/12/2011,,India,"The Chardham yatra, shrines of Badrinath, Kedarnath, Gangotri, and Yamunotri",landslide,Landslide,Rain,,0,,,http://ibnlive.in.com/generalnewsfeed/news/landslides-suspend-chardham-yatra/786379.html,,Known_within_25_km,Medium,,glc,3913,India,Haridwar,4.1362,Uttarakhand,,186079,IN,AS,D5tJFnKKW,1,Tue Apr 01 2014 00:00:00 GMT+0000 (UTC),1,29.912099999999999,78.172300000000007,"(29.912099999999999, 78.172300000000007)"
3914,08/12/2011,,India,Uttarakhand and the Uttar Pradesh,landslide,Landslide,Rain,,11,,,http://www.greaterkashmir.com/news/2011/Aug/13/monsoon-remains-active-in-northern-india-claims-11-lives-45.asp,,Unknown,Large,,glc,3914,India,Kichha,7.19061,Uttarakhand,,34904,IN,AS,DGv4TlBBU,1,Tue Apr 01 2014 00:00:00 GMT+0000 (UTC),1,28.866499999999998,79.568200000000004,"(28.866499999999998, 79.568200000000004)"
3916,08/13/2011,Early Morning,India,"Chumukedima, Dimapur",landslide,Mudslide,Downpour,,0,,,http://www.morungexpress.com/frontpage/69382.html,,Known_within_10_km,Medium,,glc,3916,India,DimƒÅpur,17.73969,Assam,,135860,IN,AS,DGGQ0FKcU,1,Tue Apr 01 2014 00:00:00 GMT+0000 (UTC),1,25.7713,93.806700000000006,"(25.7713, 93.806700000000006)"
3917,08/13/2011,Morning,India,"Manali-Leh highway, Rohtang pass",landslide,Landslide,Downpour,,2,,,http://articles.timesofindia.indiatimes.com/2011-08-13/india/29883655_1_manali-leh-highway-heavy-snowfall-chandigarh-manali-national-highway,,Known_within_5_km,Medium,,glc,3917,India,Mandi,0.3434,Himachal Pradesh,,28217,IN,AS,s9S1dfmK4,1,Tue Apr 01 2014 00:00:00 GMT+0000 (UTC),1,31.707699999999999,76.931299999999993,"(31.707699999999999, 76.931299999999993)"
3925,08/15/2011,,India,"East Kameng, Arunachal Pradesh",landslide,Landslide,Downpour,,0,,,http://www.indianexpress.com/news/landslides-cut-off-arunachal-districts-iaf-to-the-rescue/833599/,,Known_within_50_km,Medium,,glc,3925,India,Bomdila,63.478180000000002,ArunƒÅchal Pradesh,,7121,IN,AS,h54IpdKK7,1,Tue Apr 01 2014 00:00:00 GMT+0000 (UTC),1,27.488800000000001,93.015299999999996,"(27.488800000000001, 93.015299999999996)"
3927,08/16/2011,Early Morning,India,"Garo Hills, Tura",landslide,Landslide,Downpour,,6,,,http://theshillongtimes.com/2011/08/17/landslides-claim-six/,,Unknown,Medium,,glc,3927,India,Tura,0.82423,MeghƒÅlaya,,63645,IN,AS,D514htKc7,1,Tue Apr 01 2014 00:00:00 GMT+0000 (UTC),1,25.514399999999998,90.216700000000003,"(25.514399999999998, 90.216700000000003)"
3932,08/18/2011,,India, Botsa  and Chiechama,landslide,Landslide,Monsoon,,0,,,,,Exact_location,Medium,,glc,3932,India,Kohima,17.31317,NƒÅgƒÅland,,92113,IN,AS,SGaT3FKQ4,1,Tue Apr 01 2014 00:00:00 GMT+0000 (UTC),1,25.83,94.13,"(25.83, 94.13)"
3943,08/23/2011,0:00,India,"Samathang, Sikkim",landslide,Landslide,Downpour,,5,,IBN,http://ibnlive.in.com/generalnewsfeed/news/five-killed-in-landslides-in-sikkim/801295.html,Unknown,Known_within_10_km,Medium,,glc,3943,India,Mangan,27.20627,,,1464,IN,AS,SJreSuQQW,1,Tue Apr 01 2014 00:00:00 GMT+0000 (UTC),1,27.138621650000001,88.22551799,"(27.138621650000001, 88.22551799)"
3944,08/25/2011,,India,"Hee-Khola, Sikkim",landslide,Landslide,Downpour,,2,,,http://ibnlive.in.com/generalnewsfeed/news/five-killed-in-landslides-in-sikkim/801295.html,,Known_within_10_km,Medium,,glc,3944,India,Mangan,27.20627,,,1464,IN,AS,SJiwhPcK7,1,Tue Apr 01 2014 00:00:00 GMT+0000 (UTC),1,27.734400000000001,88.632999999999996,"(27.734400000000001, 88.632999999999996)"
3947,08/27/2011,,India,"Shakti Nagar, New Delhi",landslide,Landslide,Downpour,,1,,,http://ibnlive.in.com/generalnewsfeed/news/21yearold-youth-killed-in-thane-landslide/803911.html,,Known_within_1_km,Medium,,glc,3947,India,Karol BƒÅgh,3.32736,NCT,Central Delhi,505241,IN,AS,S9nrS8QK4,1,Tue Apr 01 2014 00:00:00 GMT+0000 (UTC),1,28.680900000000001,77.195800000000006,"(28.680900000000001, 77.195800000000006)"
3951,08/29/2011,12:30,India,the 10-storeyed Hill View building the 10-storeyed Hill View building,landslide,Landslide,Downpour,,1,3,Times of India,http://timesofindia.indiatimes.com/city/mumbai/Two-landslides-claim-3-lives-in-Haji-Ali-Navi-Mumbai/articleshow/9792246.cms,Retaining_wall,Known_within_1_km,Medium,,glc,3951,India,Mumbai,12.639089999999999,Maharashtra,Konkan Division,12691836,IN,AS,S5RimKhazh,2,Thu Dec 18 2014 17:16:05 GMT+0000 (UTC),2916573217,18.977399999999999,72.810199999999995,"(18.977399999999999, 72.810199999999995)"
3963,09/04/2011,0:30,India,"Kashedi ghat,  Raigad  Maharashtra (used Raigad Fort for lat lon)",landslide,Landslide,Rain,,0,,,http://articles.timesofindia.indiatimes.com/2011-09-05/goa/30115561_1_landslide-ghat-section-travel-agency,Above_road,Known_within_5km,Small,,glc,3963,India,MahƒÅd,17.08775,Maharashtra,,26665,IN,AS,D9KJCTmHA6,2,Fri Jan 08 2016 23:15:23 GMT+0000 (UTC),3138612490,17.903099999999998,73.436099999999996,"(17.903099999999998, 73.436099999999996)"
3965,09/06/2011,Early Morning,India,NH 37 at Awang Khul¬†,landslide,Landslide,Rain,,3,,,http://e-pao.net/GP.asp?src=Snipp8..080911.sep11,,Known_within_1_km,Medium,,glc,3965,India,Lakhipur,11.03875,Assam,,12871,IN,AS,D5mkpmBKW,1,Tue Apr 01 2014 00:00:00 GMT+0000 (UTC),1,24.808,93.117000000000004,"(24.808, 93.117000000000004)"
3983,09/23/2011,,India,"Maighuli, Guwahati, Meghalaya",landslide,Landslide,Downpour,,4,,,,,Unknown,Large,,glc,3983,India,Guwahati,3.44946,Assam,,899094,IN,AS,sGoiAFKc4,1,Tue Apr 01 2014 00:00:00 GMT+0000 (UTC),1,26.154800000000002,91.735100000000003,"(26.154800000000002, 91.735100000000003)"
3986,09/25/2011,,India,"Singamari, Darhelling, West Bengal",landslide,Landslide,Downpour,,0,,,http://articles.timesofindia.indiatimes.com/2011-09-27/kolkata/30207909_1_magnitude-earthquake-singamari-repair-work,,Known_within_1_km,Medium,,glc,3986,India,DƒÅrjiling,3.22506,Bengal,,123797,IN,AS,sGhjJtQcU,1,Tue Apr 01 2014 00:00:00 GMT+0000 (UTC),1,27.060500000000001,88.254999999999995,"(27.060500000000001, 88.254999999999995)"
4090,12/10/2011,,India,Uttarakhand ,landslide,Landslide,Downpour,,0,,,http://www.newstrackindia.com/newsdetails/254556,,Known_within_10_km,Medium,,glc,4090,India,DwƒÅrƒÅhƒÅt,16.63897,Uttarakhand,,2443,IN,AS,S9YzfkBBW,1,Tue Apr 01 2014 00:00:00 GMT+0000 (UTC),1,29.913,79.353200000000001,"(29.913, 79.353200000000001)"
3997,09/30/2011,,India,,landslide,Landslide,Unknown,,0,,,http://isikkim.com/2011-09-landslide-disrupts-gangtok-mangan-highway-again-30-3/,,Known_within_10_km,Medium,,glc,3997,India,Mangan,3.57379,,,1464,IN,AS,DJxbhtKK7,1,Tue Apr 01 2014 00:00:00 GMT+0000 (UTC),1,27.516100000000002,88.557500000000005,"(27.516100000000002, 88.557500000000005)"
4015,10/15/2011,,India,"Palani, Dindigul district",landslide,Landslide,Downpour,,0,,,http://articles.timesofindia.indiatimes.com/2011-10-17/madurai/30289355_1_heavy-rains-elephant-pathway,,Known_within_1_km,Medium,,glc,4015,India,Palani,0.078,Tamil Nadu,,66085,IN,AS,sJXI6ncc7,1,Tue Apr 01 2014 00:00:00 GMT+0000 (UTC),1,10.4497,77.520600000000002,"(10.4497, 77.520600000000002)"
4019,10/17/2011,,India,"Vannappuram, Kerala,",landslide,Landslide,Downpour,,1,,,http://ibnlive.in.com/news/man-dies-in-landslide-wife-missing/194126-60-116.html,,Known_within_5_km,Medium,,glc,4019,India,Kuttampuzha,18.717189999999999,Kerala,,25436,IN,AS,S5yYgTgK4,1,Tue Apr 01 2014 00:00:00 GMT+0000 (UTC),1,9.9903,76.7898,"(9.9902999999999995, 76.7898)"
4033,11/03/2011,,India,"Palani-Kodaikanal Ghat road, Kodaikanal",landslide,Landslide,Downpour,,0,,,http://www.deccanchronicle.com/channels/cities/regions/madurai/landslide-snaps-kodai-plains-259,,Known_within_5_km,Medium,,glc,4033,India,KodaikƒÅnƒÅl,2.82998,Tamil Nadu,,35021,IN,AS,hJqMI8BKU,1,Tue Apr 01 2014 00:00:00 GMT+0000 (UTC),1,10.2445,77.514600000000002,"(10.2445, 77.514600000000002)"
4139,01/12/2012,Late Night,India,"Shatani Nallah, Ramban District",landslide,Landslide,Downpour,,0,,,http://www.thehindu.com/news/states/other-states/article2801278.ece,,Known_within_10_km,Medium,,glc,4139,India,RƒÅmban,0.20466,Kashmir,,7317,IN,AS,DGR_ZydB4,1,Tue Apr 01 2014 00:00:00 GMT+0000 (UTC),1,33.240699999999997,75.237300000000005,"(33.240699999999997, 75.237300000000005)"
4140,01/13/2012,Early Morning,India,"Banihal, Srinagar-Jammu highway",landslide,Landslide,Downpour,,0,,,http://www.greaterkashmir.com/news/2012/Jan/14/chaos-on-highway-as-traffic-resumes-31.asp,,Known_within_10_km,Medium,,glc,4140,India,BanihƒÅl,0.62899,Kashmir,,3278,IN,AS,DJ8wuyFQ7,1,Tue Apr 01 2014 00:00:00 GMT+0000 (UTC),1,33.420900000000003,75.204499999999996,"(33.420900000000003, 75.204499999999996)"
4183,02/04/2012,,India,"Jawahar Tunnel-Patnitop stretch in Ramban district, Jammu-Srinagar highway",landslide,Landslide,Downpour,,0,,,http://www.greaterkashmir.com/news/2012/Feb/7/highway-open-for-2-way-traffic-68.asp,,Known_within_15_km,Medium,,glc,4183,India,RƒÅmban,0.19996,Kashmir,,7317,IN,AS,D9j-qIZadh,2,Fri Sep 12 2014 20:07:37 GMT+0000 (UTC),4109428991,33.242400000000004,75.238100000000003,"(33.242400000000004, 75.238100000000003)"
4198,02/15/2012,,India,Surjan village in Bani mountainous belt in Kathua district (,landslide,Landslide,Downpour,,0,,,http://www.indianexpress.com/news/landslides-avalanches-hit-kashmir;-three-dead/912870,,Known_within_15_km,Medium,,glc,4198,India,Kathua,0.32689,Kashmir,,48551,IN,AS,DJgUZqdB7,1,Tue Apr 01 2014 00:00:00 GMT+0000 (UTC),1,32.368200000000002,75.5227,"(32.368200000000002, 75.5227)"
4202,02/16/2012,,India,"Tawari bridge, Chamba district of Himachal Pradesh",landslide,Landslide,Downpour,,2,,,http://articles.timesofindia.indiatimes.com/2012-02-17/india/31071026_1_night-temperature-cold-conditions-three-degree,,Known_within_10_km,Medium,,glc,4202,India,Chamba,1.20636,Himachal Pradesh,,21502,IN,AS,s9r1LNx1FD,2,Mon Sep 15 2014 17:19:50 GMT+0000 (UTC),69577494,32.5655,76.120099999999994,"(32.5655, 76.120099999999994)"
4210,02/19/2012,7:00:00,India,"Khooni Nullah on the Srinagar-Jammu Highway, Ramban District",landslide,Complex,Unknown,,6,,,http://www.sananews.net/english/2012/02/4-of-a-family-among-6-killed-on-highway/,,Known_within_10_km,Medium,,glc,4210,India,RƒÅmban,0.69501,Kashmir,,7317,IN,AS,sJg1uTgKU,1,Tue Apr 01 2014 00:00:00 GMT+0000 (UTC),1,33.2361,75.244100000000003,"(33.2361, 75.244100000000003)"
4218,02/22/2012,,India,"Ramban district, Srinagar-Jammu Highway (Khooni Nallah, Higni and Panthal)",landslide,Landslide,Downpour,,0,,,http://www.greaterkashmir.com/news/2012/Feb/23/one-way-traffic-on-highway-today-72.asp,,Known_within_25_km,Medium,,glc,4218,India,RƒÅmban,0.50933,Kashmir,,7317,IN,AS,S9z_PfFKU,1,Tue Apr 01 2014 00:00:00 GMT+0000 (UTC),1,33.241,75.233999999999995,"(33.241, 75.233999999999995)"
4240,03/04/2012,Early Morning,India,"Pithoragarh district, Uttarakhand",landslide,Landslide,Unknown,,2,,,http://ibnlive.in.com/generalnewsfeed/news/two-buried-one-injured-in-landslide/971189.html,,Known_within_10_km,Medium,,glc,4240,India,PithorƒÅgarh,0.4923,Uttarakhand,,47571,IN,AS,S5i9ancc7,1,Tue Apr 01 2014 00:00:00 GMT+0000 (UTC),1,29.579799999999999,80.212299999999999,"(29.579799999999999, 80.212299999999999)"
4241,03/04/2012,,India,Tamei constituency in Tamenlong district,landslide,Landslide,Unknown,,0,,,http://articles.timesofindia.indiatimes.com/2012-03-04/guwahati/31120923_1_booths-repoll-polling-stations,,Known_within_25_km,Medium,,glc,4241,India,Imphal,47.303339999999999,Manipur,,223523,IN,AS,SJCP3gBQ7,1,Tue Apr 01 2014 00:00:00 GMT+0000 (UTC),1,25.160399999999999,93.679500000000004,"(25.160399999999999, 93.679500000000004)"
4277,03/19/2012,Night,India,"Gurez, Kashmir",landslide,Rockfall,Rain,,1,,,http://www.google.com/hostednews/ap/article/ALeqM5jX0zDvbyG5NSZlU1PvwinvwJE7eA?docId=a41f7ba5737f4f31a3ab4551992cdcb8,,Known_within_10_km,Medium,,glc,4277,India,Bandipura,27.2437,Kashmir,,31978,IN,AS,s5QLWNZTdD,2,Thu Sep 11 2014 15:02:03 GMT+0000 (UTC),2304836339,34.650700000000001,74.736199999999997,"(34.650700000000001, 74.736199999999997)"
4313,04/08/2012,,India,"Endulin Nallah, Mayodia, 17-camp, 83-camp",landslide,Landslide,Downpour,,0,,,http://timesofindia.indiatimes.com/Landslides-snap-road-links-in-Dibang-Valley/articleshow/12601499.cms,,Known_within_50_km,Medium,,glc,4313,India,Tezu,66.761480000000006,ArunƒÅchal Pradesh,,14927,IN,AS,s53WpmBKW,1,Tue Apr 01 2014 00:00:00 GMT+0000 (UTC),1,28.465900000000001,95.86,"(28.465900000000001, 95.86)"
4325,04/16/2012,,India,"Gandoh, Doda district, Jammu ",landslide,Landslide,Unknown,,1,,,http://ibnlive.in.com/generalnewsfeed/news/man-buried-alive-in-landslide-in-doda/986718.html,,Known_within_10_km,Medium,,glc,4325,India,Doda,0.33885,Kashmir,,17748,IN,AS,D5e4ZydK7,1,Tue Apr 01 2014 00:00:00 GMT+0000 (UTC),1,33.146700000000003,75.5488,"(33.146700000000003, 75.5488)"
4335,04/24/2012,,India,"Srinagar-Jammu Highway, Ramban, jammu",landslide,Landslide,Downpour,,,,,http://ibnlive.in.com/generalnewsfeed/news/jk-highway-witnesses-closure-traffic-jam-due-to-landslide/990081.html,,Known_within_5_km,Medium,,glc,4335,India,RƒÅmban,0.13125,Kashmir,,7317,IN,AS,h9szZfgc7,1,Tue Apr 01 2014 00:00:00 GMT+0000 (UTC),1,33.241300000000003,75.238100000000003,"(33.241300000000003, 75.238100000000003)"
4373,05/30/2012,,India,Jawaharlal Nehru Marg,landslide,Landslide,Downpour,,,,,http://www.telegraphindia.com/1120531/jsp/siliguri/story_15552745.jsp#.UN9MJeSx_K0,,Known_within_5_km,Large,,glc,4373,India,Jaipur,5.31635,Rajasthan,Jaipur,2711758,IN,AS,D9n9mfFcW,1,Tue Apr 01 2014 00:00:00 GMT+0000 (UTC),1,26.876000000000001,75.810100000000006,"(26.876000000000001, 75.810100000000006)"
4377,06/02/2012,,India,"Guwahati, Assam",landslide,Landslide,Downpour,,,,,http://ibnlive.in.com/generalnewsfeed/news/barrak-valley-cut-off-due-to-heavy-landslides/1007155.html,,Known_within_5_km,Large,,glc,4377,India,Guwahati,4.21344,Assam,,899094,IN,AS,h59pvFQQW,1,Tue Apr 01 2014 00:00:00 GMT+0000 (UTC),1,26.147500000000001,91.735600000000005,"(26.147500000000001, 91.735600000000005)"
4378,06/02/2012,,India,"Arunachal Pradesh, Dibang,",landslide,Landslide,Downpour,,,,,http://isikkim.com/2012-06-landslides-disrupt-surface-communication-in-arunachal-pradesh-05-9/,,Known_within_50_km,Medium,,test,4378,India,Motuo,98.401150000000001,Arunachal Pradesh,obe,0,IN,AS,s50ZhPlidh,1,Tue Apr 01 2014 00:00:00 GMT+0000 (UTC),1,28.825399999999998,96.151700000000005,"(28.825399999999998, 96.151700000000005)"
4382,06/03/2012,,India,"¬†between Harangajao and Mailongdisa, Assa,",landslide,Landslide,Downpour,,,,,http://articles.timesofindia.indiatimes.com/2012-06-04/guwahati/32030359_1_barail-hill-harangajao-landslides,,Known_within_5_km,Medium,,glc,4382,India,HƒÅflong,16.97606,Assam,,39982,IN,AS,D5u6pmcc7,1,Tue Apr 01 2014 00:00:00 GMT+0000 (UTC),1,25.1175,92.857299999999995,"(25.1175, 92.857299999999995)"
4383,06/03/2012,,India,"between Maibang and Daotohaja, Assam",landslide,Landslide,Downpour,,,,,http://articles.timesofindia.indiatimes.com/2012-06-04/guwahati/32030359_1_barail-hill-harangajao-landslides,,Known_within_5_km,Medium,,glc,4383,India,Maibong,1.26422,Assam,,8364,IN,AS,h5DHnpmKQ7,1,Tue Apr 01 2014 00:00:00 GMT+0000 (UTC),1,25.305599999999998,93.126499999999993,"(25.305599999999998, 93.126499999999993)"
4384,06/03/2012,,India,"between Haflong and  Bagetar, Assam",landslide,Landslide,Downpour,,,,,http://articles.timesofindia.indiatimes.com/2012-06-04/guwahati/32030359_1_barail-hill-harangajao-landslides,,Known_within_5_km,Medium,,glc,4384,India,HƒÅflong,1.50142,Assam,,39982,IN,AS,SJ1MpFQQ4,1,Tue Apr 01 2014 00:00:00 GMT+0000 (UTC),1,25.177499999999998,93.012299999999996,"(25.177499999999998, 93.012299999999996)"
4385,06/03/2012,,India,"lachen, Sikkim",landslide,Landslide,Downpour,,,,,http://www.telegraphindia.com/1120605/jsp/siliguri/story_15570407.jsp#.UN9-FOSx_K0,,Known_within_5_km,Medium,,glc,4385,India,Mangan,23.212050000000001,,,1464,IN,AS,h5EbhPcKW,1,Tue Apr 01 2014 00:00:00 GMT+0000 (UTC),1,27.716699999999999,88.557699999999997,"(27.716699999999999, 88.557699999999997)"
4393,06/07/2012,,India,"Nathang Maong, Sikkim",landslide,Landslide,Downpour,,7,,,http://www.thehimalayantimes.com/fullNews.php?headline=Landslide+kills+7+Nepali-speaking+people+in+Sikkim&NewsID=335265,,Known_within_25_km,Large,,glc,4393,India,Mangan,29.427710000000001,,,1464,IN,AS,h5wwSuccW,1,Tue Apr 01 2014 00:00:00 GMT+0000 (UTC),1,27.756499999999999,88.632000000000005,"(27.756499999999999, 88.632000000000005)"
4394,06/07/2012,4:30:00,India,"Rolep, South Sikkim( Mapping to Rhenock 12 miles from Rolep)",landslide,Landslide,Rain,,7,,,http://www.telegraphindia.com/1120608/jsp/siliguri/story_15584321.jsp#.UN_I7eSx_K0com,,Known_within_15_km,Large,,glc,4394,India,Rangpo,11.124309999999999,Sikkim,,4026,IN,AS,hJuVhZBcU,1,Tue Apr 01 2014 00:00:00 GMT+0000 (UTC),1,27.174800000000001,88.645799999999994,"(27.174800000000001, 88.645799999999994)"
4396,06/08/2012,,India,"Khardung la Pass, Leh district",landslide,Landslide,Downpour,,,,,http://www.dnaindia.com/india/report_landslide-leaves-tourists-stranded-in-leh_1700022,,Known_within_5_km,Medium,,glc,4396,India,Leh,1.45284,Kashmir,,37475,IN,AS,D9u86nKQW,1,Tue Apr 01 2014 00:00:00 GMT+0000 (UTC),1,34.153399999999998,77.576800000000006,"(34.153399999999998, 77.576800000000006)"
4403,06/10/2012,,India,"Imphal-Jiribam section of NH-37 , Manipur",landslide,Landslide,Downpour,,,,,http://www.thehindu.com/news/national/article3537166.ece,,Known_within_50_km,Very_large,,glc,4403,India,Imphal,40.427349999999997,Manipur,,223523,IN,AS,sJeZ3gQQ4,1,Tue Apr 01 2014 00:00:00 GMT+0000 (UTC),1,24.8142,93.544399999999996,"(24.8142, 93.544399999999996)"
4407,06/13/2012,,India,"NH44, Malidhor area,  Baleswar",landslide,Landslide,Downpour,,,,,http://zeenews.india.com/news/assam/road-between-silchar-guwahati-disrupted_781633.html,,Known_within_50_km,Medium,,glc,4407,India,Karƒ´mganj,25.024750000000001,Assam,,55290,IN,AS,SJnh0mQc4,1,Tue Apr 01 2014 00:00:00 GMT+0000 (UTC),1,25.095099999999999,92.356700000000004,"(25.095099999999999, 92.356700000000004)"
4408,06/13/2012,,India,"NH44, Kuliang",landslide,Landslide,Downpour,,,,,http://zeenews.india.com/news/assam/road-between-silchar-guwahati-disrupted_781633.html,,Unknown,Medium,,glc,4408,India,Shillong,19.467120000000001,MeghƒÅlaya,,132842,IN,AS,DJSr93mKK7,1,Tue Apr 01 2014 00:00:00 GMT+0000 (UTC),1,25.549800000000001,92.075699999999998,"(25.549800000000001, 92.075699999999998)"
4411,06/14/2012,4:00:00,India,"Tathangchen, Gangtok, Sikkim ",landslide,Landslide,Downpour,,,,,http://isikkim.com/2012-06-sikkim-landslide-at-tathangchen-poses-threat-to-residents-15-5/,,Known_within_5_km,Medium,,glc,4411,India,Gangtok,1.57239,Sikkim,,30700,IN,AS,DJlqDtQcU,1,Tue Apr 01 2014 00:00:00 GMT+0000 (UTC),1,27.338999999999999,88.606499999999997,"(27.338999999999999, 88.606499999999997)"
4423,06/20/2012,17:45:00,India,"Hwy 123, Badnera, Maharashtra,",landslide,Landslide,Downpour,,3,,,http://www.pardaphash.com/news/maharashtra-3-killed-in-highway-landslide/693495.html#.UO-aueQ81s4,,Known_within_10_km,Large,,glc,4423,India,AmrƒÅvati,8.98583,Maharashtra,Amravati Division,603837,IN,AS,S5DLtlBBW,1,Tue Apr 01 2014 00:00:00 GMT+0000 (UTC),1,20.855,77.727400000000003,"(20.855, 77.727400000000003)"
4424,06/20/2012,,India,"Lalunggaon, Guwahati,  Assam",landslide,Landslide,Downpour,,,,,http://twocircles.net/2012jun22/landslide_kills_three_assam.html,,Known_within_1_km,Medium,,glc,4424,India,Guwahati,4.06526,Assam,,899094,IN,AS,D9AvAgKQ4,1,Tue Apr 01 2014 00:00:00 GMT+0000 (UTC),1,26.149000000000001,91.735100000000003,"(26.149000000000001, 91.735100000000003)"
4426,06/22/2012,,India,Lalunggaon near Gorchuk area,landslide,Landslide,Downpour,,3,,,http://thesop.org/story/20120701/woman-killed-in-guwahati-by-landslide.html,,Known_within_5_km,Medium,,glc,4426,India,Guwahati,7.45913,Assam,,899094,IN,AS,s9evidBQU,1,Tue Apr 01 2014 00:00:00 GMT+0000 (UTC),1,26.122599999999998,91.716200000000001,"(26.122599999999998, 91.716200000000001)"
4434,06/25/2012,Evening,India,"Sonaighuli area near Kahilipara, Guwahati City, Assam",landslide,Landslide,Downpour,,1,,,http://thesop.org/story/20120701/woman-killed-in-guwahati-by-landslide.html,,Known_within_1_km,Large,,glc,4434,India,Dispur,7.2318,Assam,,2000,IN,AS,h5l3vdKcW,1,Tue Apr 01 2014 00:00:00 GMT+0000 (UTC),1,26.104900000000001,91.736900000000006,"(26.104900000000001, 91.736900000000006)"
4435,06/25/2012,,India,"Tirap , Arunachal Pradesh",landslide,Landslide,Downpour,,,,,http://articles.timesofindia.indiatimes.com/2012-07-04/guwahati/32536229_1_massive-landslides-landslide-hit-road-blockade,,Known_within_10_km,Large,,glc,4435,India,Margherita,18.019259999999999,ArunƒÅchal Pradesh,,24428,IN,AS,sJL70dBBW,1,Tue Apr 01 2014 00:00:00 GMT+0000 (UTC),1,27.173999999999999,95.801100000000005,"(27.173999999999999, 95.801100000000005)"
4436,06/25/2012,,India,"Khonsa, Arunachal Pradesh",landslide,Landslide,Downpour,,,,,http://articles.timesofindia.indiatimes.com/2012-07-04/guwahati/32536229_1_massive-landslides-landslide-hit-road-blockade,,Known_within_50_km,Medium,,glc,4436,India,Khonsa,6.97928,ArunƒÅchal Pradesh,,10187,IN,AS,h9YU3FBQ7,1,Tue Apr 01 2014 00:00:00 GMT+0000 (UTC),1,26.9986,95.499300000000005,"(26.9986, 95.499300000000005)"
4445,07/05/2012,,India,"Badrinath Rd,  Rishikesh, Uttarakhand",landslide,Landslide,Downpour,,1,,,http://www.dailypioneer.com/nation/78471-cloudburst-landslide-in-u-khand-claim-one.html,,Known_within_1_km,Large,,glc,4445,India,Rishƒ´kesh,3.63077,Uttarakhand,,66390,IN,AS,SGb6F8cQW,1,Tue Apr 01 2014 00:00:00 GMT+0000 (UTC),1,30.1281,78.322100000000006,"(30.1281, 78.322100000000006)"
4446,07/05/2012,,India,"Tuting, Upper Siang , Arunachal Pradesh",landslide,Landslide,Downpour,,,,,http://articles.timesofindia.indiatimes.com/2012-07-07/guwahati/32577108_1_arunachal-district-landslides-arunachal-pradesh,,Known_within_5_km,Large,,test,4446,India,Damnyain,52.646160000000002,Arunachal Pradesh,obe,0,IN,AS,DGZ2ADnigh,1,Tue Apr 01 2014 00:00:00 GMT+0000 (UTC),1,28.9986,94.888499999999993,"(28.9986, 94.888499999999993)"
4447,07/05/2012,,India,"Dhalli, Himachal Pradesh",landslide,Landslide,Downpour,,,,,http://articles.timesofindia.indiatimes.com/2012-07-07/india/32576835_1_water-logging-nullahs-dirty-water,,Known_within_5_km,Medium,,test,4447,India,Shimla,4.04992,Himachal Pradesh,obe,173503,IN,AS,h5sDgZ7iFh,1,Tue Apr 01 2014 00:00:00 GMT+0000 (UTC),1,31.1066,77.209000000000003,"(31.1066, 77.209000000000003)"
4452,07/07/2012,,India,"Ladakh, Leh",landslide,Landslide,Downpour,,,,,http://www.ndtv.com/article/others/around-400-tourists-stranded-in-ladakh-landslide-240703,,Known_within_10_km,Medium,,glc,4452,India,Leh,41.861739999999998,Kashmir,,37475,IN,AS,s9XWPkQQ7,1,Tue Apr 01 2014 00:00:00 GMT+0000 (UTC),1,34.012300000000003,77.998800000000003,"(34.012300000000003, 77.998800000000003)"
4468,07/22/2012,,India,"Pulloorampara, Kerala",landslide,Landslide,Downpour,,,,,http://hisz.rsoe.hu/alertmap/site/?pageid=event_update_read&edis_id=FF-20120804-36049-IND&uid=12837,,Known_within_5_km,Medium,,glc,4468,India,Mavoor,20.209579999999999,Kerala,,28313,IN,AS,h9HSgqmc7,1,Tue Apr 01 2014 00:00:00 GMT+0000 (UTC),1,11.404999999999999,76.037599999999998,"(11.404999999999999, 76.037599999999998)"
4472,08/14/2012,,India,"Uttarkashi, Uttarakhand,",landslide,Landslide,Downpour,,,,,http://ibnlive.in.com/generalnewsfeed/news/five-bro-personnel-injured-in-landslides/1043221.html,,Known_within_10_km,Medium,,glc,4472,India,UttarkƒÅshi,0.77489,Uttarakhand,,17123,IN,AS,hGmBgkBQW,1,Tue Apr 01 2014 00:00:00 GMT+0000 (UTC),1,30.7362,78.44,"(30.7362, 78.44)"
4480,08/17/2012,,India,"Kadavoor, Erakulam, Kerala",landslide,Landslide,Downpour,,6,,,http://ibnlive.in.com/news/kerala-landslide-toll-rises-to-five/283319-62-126.html,,Known_within_1_km,Medium,,glc,4480,India,Kotamangalam,14.262409999999999,Kerala,,37543,IN,AS,SJ3Kmqdc4,1,Tue Apr 01 2014 00:00:00 GMT+0000 (UTC),1,10.001099999999999,76.741600000000005,"(10.001099999999999, 76.741600000000005)"
4481,08/17/2012,,India,"Chamoli, Uttarakhand",landslide,Landslide,Downpour,,4,,,http://www.ndtv.com/article/india/four-die-in-landslides-in-uttarakhand-gangotri-rishikesh-highway-blocked-256310,,Known_within_5_km,Medium,,glc,4481,India,Joshƒ´math,11.491709999999999,Uttarakhand,,13865,IN,AS,D527q8BQ4,1,Tue Apr 01 2014 00:00:00 GMT+0000 (UTC),1,30.659400000000002,79.560500000000005,"(30.659400000000002, 79.560500000000005)"
4482,08/17/2012,15:30:00,India,"Ernakulam, Kerala (Monsoon)",landslide,Landslide,Downpour,,4,,,http://dailypioneer.com/nation/87976-rain-fury-returns-to-kerala.html,,Known_within_5_km,Large,,glc,4482,India,Kotamangalam,0.91095,Kerala,,37543,IN,AS,S5rmmqmQW,1,Tue Apr 01 2014 00:00:00 GMT+0000 (UTC),1,10.0604,76.635000000000005,"(10.0604, 76.635000000000005)"
4483,08/17/2012,16:00:00,India,"Paingottoor, kerala, ",landslide,Landslide,Downpour,,2,,,http://m.newshunt.com/Malayala+Manorama+(English)/Kerala+/15995307,,Known_within_5_km,Medium,,glc,4483,India,Kotamangalam,10.995100000000001,Kerala,,37543,IN,AS,s9RBFTgQU,1,Tue Apr 01 2014 00:00:00 GMT+0000 (UTC),1,10.007,76.710499999999996,"(10.007, 76.710499999999996)"
4484,08/17/2012,,India,"(Thalanadu - Teekoy hwy), Erattupetta, Kottayam (Thalanadu - Teekoy hwy)",landslide,Landslide,Downpour,,,,,http://dailypioneer.com/nation/87976-rain-fury-returns-to-kerala.html,,Known_within_1_km,Medium,,glc,4484,India,ErƒÅttupetta,3.67394,Kerala,,33408,IN,AS,SJMfdygB4,1,Tue Apr 01 2014 00:00:00 GMT+0000 (UTC),1,9.6991,76.816800000000001,"(9.6990999999999996, 76.816800000000001)"
4485,08/17/2012,,India,"Palomala, Thaland",landslide,Landslide,Downpour,,,,,http://ibnlive.in.com/news/heavy-rain-landslide-wreak-havoc-on-central-travancore/283183-60-116.html,,Known_within_5_km,Medium,,glc,4485,India,ErƒÅttupetta,4.02155,Kerala,,33408,IN,AS,D5-YdyFBU,1,Tue Apr 01 2014 00:00:00 GMT+0000 (UTC),1,9.726800000000001,76.808099999999996,"(9.7268000000000008, 76.808099999999996)"
4486,08/17/2012,,India,"Chonamala, Periyamata, Vellampatta",landslide,Landslide,Downpour,,,,IBN,http://ibnlive.in.com/news/heavy-rain-landslide-wreak-havoc-on-central-travancore/283183-60-116.html,Unknown,Unknown,Medium,,glc,4486,India,Periya,2.55859,Kerala,,12659,IN,AS,s9ndhIBYAN,2,Sat Jan 09 2016 00:18:14 GMT+0000 (UTC),3098385309,9.7285,76.802999999999997,"(9.7285000000000004, 76.802999999999997)"
4487,08/17/2012,,India,"Gangotri-Rishikesh hwy, Uttarakhand (mid-point of road -exact location unknown)",landslide,Landslide,Downpour,,,,,http://www.ndtv.com/article/india/four-die-in-landslides-in-uttarakhand-gangotri-rishikesh-highway-blocked-256310,,Known_within_25_km,Medium,,glc,4487,India,UttarkƒÅshi,16.928290000000001,Uttarakhand,,17123,IN,AS,SGzMdlcQU,1,Tue Apr 01 2014 00:00:00 GMT+0000 (UTC),1,30.617899999999999,78.323300000000003,"(30.617899999999999, 78.323300000000003)"
4488,08/17/2012,,India,"Pullupara, Perunanthanam, kerala",landslide,Landslide,Downpour,,,,,http://ibnlive.in.com/news/landslides-shake-idukki-district/283297-60-116.html,,Known_within_5_km,Medium,,glc,4488,India,ErƒÅttupetta,22.896329999999999,Kerala,,33408,IN,AS,S9Rxdfgc7,1,Tue Apr 01 2014 00:00:00 GMT+0000 (UTC),1,9.5527,76.929900000000004,"(9.5526999999999997, 76.929900000000004)"
4489,08/17/2012,,India,"Idukki-Kattappana Rd, kerala¬†(Mid-point of rd)",landslide,Landslide,Downpour,,,,,http://ibnlive.in.com/news/landslides-shake-idukki-district/283297-60-116.html,,Known_within_10_km,Medium,,glc,4489,India,Kombai,16.221710000000002,Tamil Nadu,,13209,IN,AS,sG_bD8Bc7,1,Tue Apr 01 2014 00:00:00 GMT+0000 (UTC),1,9.8232,77.149799999999999,"(9.8231999999999999, 77.149799999999999)"
4497,08/18/2012,,India,"Kaza, Himachal Pradesh",landslide,Landslide,Downpour,,,,,http://ibnlive.in.com/news/heavy-rains-trigger-landslides-in-himacahal/283604-3-254.html,,Known_within_5_km,Medium,,test,4497,India,SarƒÅhan,83.811639999999997,Himachal Pradesh,obe,1495,IN,AS,DGUURD8vds,1,Tue Apr 01 2014 00:00:00 GMT+0000 (UTC),1,32.227800000000002,78.070999999999998,"(32.227800000000002, 78.070999999999998)"
4498,08/18/2012,,India,Kullu-Manali-Rohtang,landslide,Landslide,Downpour,,,,,http://ibnlive.in.com/news/heavy-rains-trigger-landslides-in-himacahal/283604-3-254.html,,Known_within_25_km,Medium,,glc,4498,India,Nagar,5.01376,Himachal Pradesh,,2000,IN,AS,h5S1snQK7,1,Tue Apr 01 2014 00:00:00 GMT+0000 (UTC),1,32.179699999999997,77.194699999999997,"(32.179699999999997, 77.194699999999997)"
4501,08/20/2012,,India,"Reasi, kashmir",landslide,Landslide,Downpour,,1,,,http://www.business-standard.com/generalnews/news/youth-killed-in-landslide-in-reasi/46141/,,Known_within_1_km,Medium,,glc,4501,India,RiƒÅsi,0.21102,Kashmir,,8101,IN,AS,h5E0lqdcU,1,Tue Apr 01 2014 00:00:00 GMT+0000 (UTC),1,33.082900000000002,74.833299999999994,"(33.082900000000002, 74.833299999999994)"
4504,08/21/2012,,India,"Barnoi, Bandipora, Kashmir",landslide,Landslide,Downpour,,,,,http://www.hindustantimes.com/Punjab/Chandigarh/Rain-triggers-landslides-in-Kashmir-buries-eight-jawans-seven-rescued-one-missing/SP-Article1-918154.aspx,,Known_within_5_km,Medium,,glc,4504,India,Bandipura,35.583030000000001,Kashmir,,31978,IN,AS,sGG8Pygc7,1,Tue Apr 01 2014 00:00:00 GMT+0000 (UTC),1,34.6113,74.9499,"(34.6113, 74.9499)"
4507,08/22/2012,,India,"Jammu-Sringar Hwy, between Sri and Ramban, kerala",landslide,Landslide,Downpour,,,,,http://www.business-standard.com/generalnews/news/landslides-block-j-k-highway/46783/,,Known_within_1_km,Medium,,glc,4507,India,RƒÅmban,0.11978,Kashmir,,7317,IN,AS,D9lzuTFQ4,1,Tue Apr 01 2014 00:00:00 GMT+0000 (UTC),1,33.241199999999999,75.238200000000006,"(33.241199999999999, 75.238200000000006)"
4508,08/23/2012,,India,"Muzaffarabad, Kashmir",landslide,Landslide,Monsoon,,,,,http://news.blogs.cnn.com/2012/08/23/pakistan-india-hit-by-deadly-flooding/,,Known_within_10_km,Very_large,,glc,4508,Pakistan,MuzaffarƒÅbƒÅd,1.22415,Azad Kashmir,,725000,PK,AS,DJ6InygKU,1,Tue Apr 01 2014 00:00:00 GMT+0000 (UTC),1,34.359099999999998,73.468900000000005,"(34.359099999999998, 73.468900000000005)"
4513,08/24/2012,,India,"Kangra,  Himachal Pradesh",landslide,Landslide,Downpour,,,,,http://www.business-standard.com/generalnews/news/heavy-rains-lash-some-partshp-triggering-landslides/47847/,,Known_within_5_km,Medium,,glc,4513,India,KƒÅngra,1.34838,Himachal Pradesh,,9158,IN,AS,sGiIgTgcU,1,Tue Apr 01 2014 00:00:00 GMT+0000 (UTC),1,32.100200000000001,76.269900000000007,"(32.100200000000001, 76.269900000000007)"
4514,08/24/2012,,India,"Mandi, Himachal Pradesh,",landslide,Landslide,Downpour,,,,,http://www.business-standard.com/generalnews/news/heavy-rains-lash-some-partshp-triggering-landslides/47847/,,Known_within_5_km,Medium,,glc,4514,India,Mandi,0.20096,Himachal Pradesh,,28217,IN,AS,D9AVFqdQ7,1,Tue Apr 01 2014 00:00:00 GMT+0000 (UTC),1,31.709,76.931200000000004,"(31.709, 76.931200000000004)"
4515,08/24/2012,,India,"Sirmaur, Himachal Pradesh,",landslide,Landslide,Downpour,,,,,http://www.business-standard.com/generalnews/news/heavy-rains-lash-some-partshp-triggering-landslides/47847/,,Known_within_5_km,Medium,,glc,4515,India,RƒÅjgarh,12.48798,Himachal Pradesh,,2865,IN,AS,S9N7skQQ4,1,Tue Apr 01 2014 00:00:00 GMT+0000 (UTC),1,30.7395,77.284700000000001,"(30.7395, 77.284700000000001)"
4516,08/24/2012,,India,"Solan, Himachal Pradesh,",landslide,Landslide,Downpour,,,,,http://www.business-standard.com/generalnews/news/heavy-rains-lash-some-partshp-triggering-landslides/47847/,,Known_within_5_km,Medium,,glc,4516,India,Solan,1.22342,Himachal Pradesh,,40283,IN,AS,sG_5BymKU,1,Tue Apr 01 2014 00:00:00 GMT+0000 (UTC),1,30.904399999999999,77.096900000000005,"(30.904399999999999, 77.096900000000005)"
4523,08/29/2012,,India,"Poonch, Kashmir",landslide,Landslide,Downpour,,,,,http://www.hindustantimes.com/Punjab/Chandigarh/Incessant-rains-trigger-landslide-disrupts-normal-life-in-Kashmir/SP-Article1-921169.aspx,,Known_within_5_km,Medium,,glc,4523,India,P≈´nch,0.60039,Kashmir,,28197,IN,AS,S9yx8yFQU,1,Tue Apr 01 2014 00:00:00 GMT+0000 (UTC),1,33.774999999999999,74.093400000000003,"(33.774999999999999, 74.093400000000003)"
4528,09/01/2012,4:30:00,India,"Toyota Showroom, Goa, India",landslide,Landslide,Downpour,,,,,http://articles.timesofindia.indiatimes.com/2012-09-02/goa/33548493_1_nh-17-b-traffic-police-s-v-parni,,Known_within_1_km,Medium,,glc,4528,India,Sancoale,2.24748,Goa,,16311,IN,AS,hGpYkydBW,1,Tue Apr 01 2014 00:00:00 GMT+0000 (UTC),1,15.3826,73.923900000000003,"(15.3826, 73.923900000000003)"
4535,09/03/2012,,India,"Chembur, Mumbai, Maharashtra",landslide,Landslide,Downpour,,,,dna,http://www.dnaindia.com/mumbai/commentary_live-heavy-rains-hit-mumbai-landslide-in-chembur_1736269,Urban_area,Known_within_5km,Medium,,glc,4535,India,Mumbai,4.58143,Maharashtra,Konkan Division,12691836,IN,AS,SGlNji5LCM,2,Thu Jan 14 2016 16:25:24 GMT+0000 (UTC),4062391546,19.0397,72.906999999999996,"(19.0397, 72.906999999999996)"
4536,09/04/2012,Morning,India,"¬†Varai, Maharashtra",landslide,Landslide,Downpour,,,,,http://articles.timesofindia.indiatimes.com/2012-09-05/mumbai/33614405_1_landslide-heavy-rain-highway,,Known_within_1_km,Medium,,glc,4536,India,Manor,11.10435,Maharashtra,,8918,IN,AS,sJqOIfdK7,1,Tue Apr 01 2014 00:00:00 GMT+0000 (UTC),1,19.624099999999999,72.9084,"(19.624099999999999, 72.9084)"
4550,09/14/2012,Early Morning,India,"Rudraprayag, Uttarakhand",landslide,Landslide,Downpour,,19,,,http://india.nydailynews.com/newsarticle/50533f44c110c01e42000000/india-landslides-kill-28,,Known_within_5_km,Very_large,,glc,4550,India,RudraprayƒÅg,0.09348,Uttarakhand,,2571,IN,AS,sGIEmlQK7,1,Tue Apr 01 2014 00:00:00 GMT+0000 (UTC),1,30.285299999999999,78.982900000000001,"(30.285299999999999, 78.982900000000001)"
4551,09/14/2012,,India,"Bageshwar, Uttarakhand",landslide,Landslide,Downpour,,9,,,http://india.nydailynews.com/newsarticle/50533f44c110c01e42000000/india-landslides-kill-28,,Known_within_5_km,Large,,glc,4551,India,BƒÅgeshwar,0.56828,Uttarakhand,,8708,IN,AS,SJiAT8cc7,1,Tue Apr 01 2014 00:00:00 GMT+0000 (UTC),1,29.841000000000001,79.775800000000004,"(29.841000000000001, 79.775800000000004)"
4552,09/14/2012,,India,"Takdah, West Bengal",landslide,Landslide,Downpour,,,,,http://www.telegraphindia.com/1120915/jsp/siliguri/story_15979380.jsp#.UQ8y7h2x-3I,,Known_within_5_km,Medium,,glc,4552,India,Jorethang,8.50592,Sikkim,,3596,IN,AS,D9S8DtBBU,1,Tue Apr 01 2014 00:00:00 GMT+0000 (UTC),1,27.037700000000001,88.360299999999995,"(27.037700000000001, 88.360299999999995)"
4555,09/15/2012,,India,"Dhar-Udhampur rd, Moda Dadda, Udhampur",landslide,Landslide,Downpour,,,,,http://www.greaterkashmir.com/news/2012/Sep/16/landslides-in-udhampur-200-trucks-stranded-67.asp,,Known_within_50_km,Medium,,glc,4555,India,Udhampur,0.9058,Kashmir,,80447,IN,AS,SJvPZqdQ7,1,Tue Apr 01 2014 00:00:00 GMT+0000 (UTC),1,32.929499999999997,75.143199999999993,"(32.929499999999997, 75.143199999999993)"
4556,09/16/2012,,India,"Namchi to Phongla, Namchi to Melli ,Namchi to Sumbuk",landslide,Landslide,Downpour,,,,,http://www.business-standard.com/generalnews/news/landslides-block-several-roads-in-south-sikkim-district/57119/,,Known_within_5_km,Medium,,glc,4556,India,Namchi,0.52839,Sikkim,,1147,IN,AS,S9ykDuKB4,1,Tue Apr 01 2014 00:00:00 GMT+0000 (UTC),1,27.1675,88.365099999999998,"(27.1675, 88.365099999999998)"
4557,09/16/2012,,India,"Manali-Leh hwy, Kullu",landslide,Landslide,Downpour,,,,,http://zeenews.india.com/news/himachal-pradesh/landslide-leaves-manali-leh-highway-blocked_799957.html,,Known_within_50_km,Medium,,glc,4557,India,Padam,95.045699999999997,Kashmir,,25000,IN,AS,S9KRZ8BBU,1,Tue Apr 01 2014 00:00:00 GMT+0000 (UTC),1,33.302999999999997,77.887600000000006,"(33.302999999999997, 77.887600000000006)"
4559,09/17/2012,,India,"Srinagar-Jammu Hwy, between Sheeri and Banihal,  Jammu and Kashmir(midpoint)",landslide,Landslide,Downpour,,,,,http://www.greaterkashmir.com/news/2012/Sep/18/highway-closed-due-to-landslide-43.asp,,Unknown,Medium,,glc,4559,India,Awantƒ´pur,7.08699,Kashmir,,6807,IN,AS,DJMkPymQ4,1,Tue Apr 01 2014 00:00:00 GMT+0000 (UTC),1,33.963900000000002,74.959699999999998,"(33.963900000000002, 74.959699999999998)"
4565,09/18/2012,,India,"Jatog and Kaithlighat railway stations, Kaithleeghat, Himachal Pradesh",landslide,Landslide,Downpour,,,,,,,Known_within_1_km,Medium,,glc,4565,India,Jutogh,8.68139,Himachal Pradesh,,2467,IN,AS,D5iGQqFBW,1,Tue Apr 01 2014 00:00:00 GMT+0000 (UTC),1,31.022600000000001,77.102900000000005,"(31.022600000000001, 77.102900000000005)"
4569,09/19/2012,,India,"North Skkimm Hwy between, Chungthang and Mangan, North Skimm (9 landslides)",landslide,Landslide,Downpour,,20,,,,,Known_within_10_km,Large,,glc,4569,India,Mangan,36.594769999999997,,,1464,IN,AS,s9HHSZKK4,1,Tue Apr 01 2014 00:00:00 GMT+0000 (UTC),1,27.8385,88.555999999999997,"(27.8385, 88.555999999999997)"
4570,09/19/2012,,India,¬†Arunachal Pradesh¬†,landslide,Landslide,Downpour,,,,,http://articles.timesofindia.indiatimes.com/2012-09-19/guwahati/33951873_1_landslides-road-communication-water-tank,,Known_within_1_km,Medium,,glc,4570,India,PƒÅsighƒÅt,26.398319999999998,ArunƒÅchal Pradesh,,25581,IN,AS,hGZU-mQBU,1,Tue Apr 01 2014 00:00:00 GMT+0000 (UTC),1,27.845800000000001,95.225300000000004,"(27.845800000000001, 95.225300000000004)"
4571,09/19/2012,,India,"¬†Chungthang and Pegong. Houses, between Rangma and Chungthang ",landslide,Landslide,Downpour,,,,,,,Known_within_10_km,Large,,glc,4571,India,Mangan,18.148119999999999,,,1464,IN,AS,sJsTSucQW,1,Tue Apr 01 2014 00:00:00 GMT+0000 (UTC),1,27.655799999999999,88.605000000000004,"(27.655799999999999, 88.605000000000004)"
4572,09/24/2012,,India,"Querra-Dera Nat. Hwy, Rakhi Ghat point (mid point of rd)",landslide,Landslide,Downpour,,,,Pakistan Observer,http://pakobserver.net/detailnews.asp?id=175266,,Known_within_25_km,Medium,,glc,4572,Pakistan,Loralai,20.344740000000002,BalochistƒÅn,,37787,PK,AS,SJxzIjboFS,2,Tue Sep 16 2014 17:29:37 GMT+0000 (UTC),2919224879,30.458100000000002,68.411900000000003,"(30.458100000000002, 68.411900000000003)"
4590,10/21/2012,Morning,India,(Rail track between Kallar and Burliar)Tamil Nadu,landslide,Landslide,Rain,,,,,http://articles.timesofindia.indiatimes.com/2012-10-23/coimbatore/34679010_1_northeast-monsoon-heavy-damage-heavy-rains,,Known_within_10_km,Medium,,glc,4590,India,Mettupalayam,7.2812,Tamil Nadu,Coimbatore district,66944,IN,AS,sGz_gqFQU,1,Tue Apr 01 2014 00:00:00 GMT+0000 (UTC),1,11.337999999999999,76.880600000000001,"(11.337999999999999, 76.880600000000001)"
4592,10/22/2012,Morning,India,"(between Burliar and Kallar) Nilgiris, Tamil Nadu,",landslide,Landslide,Rain,,,,,http://www.telegraph.co.uk/news/worldnews/southamerica/peru/9616642/At-least-11-killed-as-mudslide-engulfs-small-village-in-Peru.html,,Known_within_1_km,Medium,,glc,4592,India,El≈´r,4.38986,Kerala,,30832,IN,AS,D9XlmydB7,1,Tue Apr 01 2014 00:00:00 GMT+0000 (UTC),1,10.077,76.322000000000003,"(10.077, 76.322000000000003)"
4610,11/11/2012,,India,"Dapchhuah, Mamit, Mizoram",landslide,Landslide,Downpour,,4,,,http://www.assamtribune.com/scripts/detailsnew.asp?id=oct1312/oth06,,Known_within_5_km,Medium,,glc,4610,India,Sairang,14.01872,Mizoram,,5760,IN,AS,h5hzS3gKBW,1,Tue Apr 01 2014 00:00:00 GMT+0000 (UTC),1,23.770499999999998,92.521699999999996,"(23.770499999999998, 92.521699999999996)"
4658,12/11/2012,,India,"Kashimir Valley, Jammu and kashmir",landslide,Mudslide,Rain,,,,,http://www.ndtv.com/article/cities/jammu-srinagar-national-highway-blocked-due-to-landslide-307089,,Known_within_25_km,Medium,,glc,4658,India,Udhampur,3.503,Kashmir,,80447,IN,AS,DJkduqgB4,1,Tue Apr 01 2014 00:00:00 GMT+0000 (UTC),1,32.952199999999998,75.153300000000002,"(32.952199999999998, 75.153300000000002)"
4757,02/18/2013,,India,"East Siang, Arunachal Pradesh",landslide,Landslide,Rain,,3,2,articles.timesofindia.indiatimes.com,http://articles.timesofindia.indiatimes.com/2013-02-20/guwahati/37199432_1_fire-mishap-east-siang-massive-landslide,,Known_within_5_km,Medium,,glc,4757,India,PƒÅsighƒÅt,16.995529999999999,ArunƒÅchal Pradesh,,25581,IN,AS,DGIW-gBcU,1,Tue Apr 01 2014 00:00:00 GMT+0000 (UTC),1,28.119299999999999,95.164500000000004,"(28.119299999999999, 95.164500000000004)"
4758,02/18/2013,,India,"Singaraja, Indonesia",landslide,Landslide,Rain,,2,,www.thejakartapost.com,http://www.thejakartapost.com/bali-daily/2013-02-21/vigilance-urged-landslides-leave-two-dead.html,,Known_within_10_km,Medium,,glc,4758,Indonesia,Banjar Ambengan,3.78628,Bali,,0,ID,AS,sGo98BBK7,1,Tue Apr 01 2014 00:00:00 GMT+0000 (UTC),1,-8.198,115.1374,"(-8.1980000000000004, 115.1374)"
4798,04/07/2013,,India,"Dibang Valley, Arunachal Pradesh",landslide,Landslide,Rain,,,,www.ndtv.com,http://www.ndtv.com/article/cities/landslide-triggered-by-heavy-rains-in-arunachal-pradesh-351219,,Unknown,Medium,,test,4798,India,Motuo,98.336079999999995,Arunachal Pradesh,obe,0,IN,AS,sJroKI8CFs,1,Tue Apr 01 2014 00:00:00 GMT+0000 (UTC),1,28.825399999999998,96.150899999999993,"(28.825399999999998, 96.150899999999993)"
4823,04/26/2013,,India,"Zojila, India (Srinagar-Kargil Road)",landslide,Mudslide,Rain,,1,,beforeitsnews.com,http://beforeitsnews.com/weather/2013/04/mudslide-in-zojila-along-srinagar-kargil-road-claims-1-2440466.html,,Known_within_5_km,Medium,,glc,4823,India,PahalgƒÅm,34.596310000000003,Kashmir,,7750,IN,AS,SGAEtfFcW,1,Tue Apr 01 2014 00:00:00 GMT+0000 (UTC),1,34.294600000000003,75.483199999999997,"(34.294600000000003, 75.483199999999997)"
4845,05/07/2013,,India,"Kolasib, Saiha, Mizoram,",landslide,Mudslide,Rain,,,,www.thehindu.com,http://www.thehindu.com/news/national/other-states/landslides-after-heavy-premonsoon-rain-in-mizoram/article4695784.ece,,Known_within_50_km,Medium,,glc,4845,India,Kolasib,0.90447,Mizoram,,25000,IN,AS,D9SUSpdQc7,1,Tue Apr 01 2014 00:00:00 GMT+0000 (UTC),1,24.2315,92.6755,"(24.2315, 92.6755)"
4848,05/08/2013,,India,"Purba Simna, Tripura",landslide,Landslide,Rain,,1,,www.upi.com,http://www.upi.com/Top_News/World-News/2013/05/09/Cyclonic-storms-kill-seven-in-India/UPI-39151368107292/,,Known_within_5_km,Medium,,glc,4848,India,Khowai,13.611409999999999,Tripura,,20046,IN,AS,SG3UvdKKW,1,Tue Apr 01 2014 00:00:00 GMT+0000 (UTC),1,24.089600000000001,91.466300000000004,"(24.089600000000001, 91.466300000000004)"
4857,05/11/2013,morning,India,"Laipuitland , Aizawl, Mizoram",landslide,Landslide,Rain,,15,,articles.timesofindia.indiatimes.com,http://articles.timesofindia.indiatimes.com/2013-05-12/guwahati/39203177_1_young-mizo-association-aizawl-rescue-work,,Known_within_25_km,Large,,glc,4857,India,Aizawl,0.10199,Mizoram,,265331,IN,AS,SJs0h0mcKU,1,Tue Apr 01 2014 00:00:00 GMT+0000 (UTC),1,23.728100000000001,92.717500000000001,"(23.728100000000001, 92.717500000000001)"
4858,05/11/2013,morning,India,"Nursery, North Guwahati, Guwahati, Assam,",landslide,Landslide,Rain,,,,articles.timesofindia.indiatimes.com,http://articles.timesofindia.indiatimes.com/2013-05-12/guwahati/39203561_1_artificial-floods-guwahati-municipal-corporation-gs-road,,Known_within_50_km,Medium,,glc,4858,India,North GuwƒÅhƒÅti,3.52578,Assam,,17516,IN,AS,SJjvvgQB4,1,Tue Apr 01 2014 00:00:00 GMT+0000 (UTC),1,26.1662,91.713800000000006,"(26.1662, 91.713800000000006)"
4859,05/11/2013,,India,"Sarania Hills, North Guwahati, Guwahati, Assam,",landslide,Landslide,Rain,,,1,articles.timesofindia.indiatimes.com,http://articles.timesofindia.indiatimes.com/2013-05-12/guwahati/39203561_1_artificial-floods-guwahati-municipal-corporation-gs-road,,Known_within_5_km,Medium,,glc,4859,India,Guwahati,1.62505,Assam,,899094,IN,AS,hJmpimQKW,1,Tue Apr 01 2014 00:00:00 GMT+0000 (UTC),1,26.177099999999999,91.759900000000002,"(26.177099999999999, 91.759900000000002)"
4860,05/11/2013,,India,"Boragaon, North Guwahati, Guwahati, Assam,",landslide,Landslide,Rain,,,,articles.timesofindia.indiatimes.com,http://articles.timesofindia.indiatimes.com/2013-05-12/guwahati/39203561_1_artificial-floods-guwahati-municipal-corporation-gs-road,,Known_within_5_km,Medium,,test,4860,India,Guwahati,10.70607,Assam,obe,899094,IN,AS,D93WMZ7idD,2,Tue Sep 16 2014 19:21:35 GMT+0000 (UTC),1011287375,26.101600000000001,91.690600000000003,"(26.101600000000001, 91.690600000000003)"
4861,05/12/2013,,India,"Khongsang, Tamenglong, Manipur,",landslide,Mudslide,Rain,,,,www.e-pao.net,http://www.e-pao.net/GP.asp?src=23..130513.may13,,Known_within_25_km,Medium,,glc,4861,India,Mahur,43.860289999999999,Assam,,7176,IN,AS,D5PP-gQQ4,1,Tue Apr 01 2014 00:00:00 GMT+0000 (UTC),1,24.992599999999999,93.494600000000005,"(24.992599999999999, 93.494600000000005)"
4875,05/26/2013,,India,¬†Jammu-Srinagar,landslide,Landslide,Downpour,,,,www.business-standard.com,http://www.business-standard.com/article/pti-stories/jammu-srinagar-highway-closed-due-to-landslides-113052600597_1.html,,Unknown,Medium,,glc,4875,India,Alƒ´pur,4.95275,NCT,,20736,IN,AS,SGLjh8BB7,1,Tue Apr 01 2014 00:00:00 GMT+0000 (UTC),1,28.757999999999999,77.150000000000006,"(28.757999999999999, 77.150000000000006)"
4892,06/01/2013,,India,Upper Subansiri,landslide,Landslide,Downpour,,,,articles.timesofindia.indiatimes.com,http://articles.timesofindia.indiatimes.com/2013-07-28/guwahati/40848148_1_daporijo-upper-subansiri-landslides,,Known_within_50_km,Large,,glc,4892,India,BƒÅsƒÅr,45.490310000000001,ArunƒÅchal Pradesh,,4157,IN,AS,sJ8w0gQQW,1,Tue Apr 01 2014 00:00:00 GMT+0000 (UTC),1,27.877600000000001,94.25,"(27.877600000000001, 94.25)"
4905,06/07/2013,,India,"Kuthur ‚Äì Huker Road Via Y Anner, Chessore, Nagaland",landslide,Landslide,Unknown,,,,www.nagalandpost.com,http://www.nagalandpost.com/channelnews/state/StateNews.aspx?news=TkVXUzEwMDA0NjAwNw%3D%3D-%2FtfIAOw1uMk%3D,,Known_within_25_km,Medium,,glc,4905,India,Tuensang,22.32574,NƒÅgƒÅland,,33748,IN,AS,S9Dw13mcQU,1,Tue Apr 01 2014 00:00:00 GMT+0000 (UTC),1,26.0977,94.703100000000006,"(26.0977, 94.703100000000006)"
4906,06/07/2013,,India,"Helipong-Chessore Road, Nagaland",landslide,Landslide,Unknown,,,,www.nagalandpost.com,http://www.nagalandpost.com/channelnews/state/StateNews.aspx?news=TkVXUzEwMDA0NjAwNw%3D%3D-%2FtfIAOw1uMk%3D,,Known_within_10_km,Medium,,glc,4906,India,Tuensang,20.17679,NƒÅgƒÅland,,33748,IN,AS,hJL1-mKK4,1,Tue Apr 01 2014 00:00:00 GMT+0000 (UTC),1,26.0977,94.749899999999997,"(26.0977, 94.749899999999997)"
4908,06/08/2013,17:00:00,India,"15 Km From Gangtok, Himalayans",landslide,Landslide,Downpour,,0,,www.business-standard.com,http://www.business-standard.com/article/news-ani/tourists-stranded-due-to-landslide-in-gangtok-113060900319_1.html,,Known_within_25_km,Medium,,glc,4908,India,Gangtok,10.78558,Sikkim,,30700,IN,AS,SG2XSZBK7,1,Tue Apr 01 2014 00:00:00 GMT+0000 (UTC),1,27.3721,88.707999999999998,"(27.3721, 88.707999999999998)"
4912,06/11/2013,night,India,"Holy Cave Shrine, Mata Vaishno Devi, Trikuta Hills, Reasi District, Near Panchi Morh In Sanjichat Area En Route Mata Vaishno Devi",landslide,Landslide,Downpour,,1,,www.risingkashmir.in,http://www.risingkashmir.in/news/vaishno-devi-pilgrim-killed-in-landslide-49038.aspx,,Known_within_15_km,Medium,,glc,4912,India,GhumƒÅrwƒ´n,5.43578,Himachal Pradesh,,6690,IN,AS,SGYcdTdcW,1,Tue Apr 01 2014 00:00:00 GMT+0000 (UTC),1,31.489799999999999,76.704300000000003,"(31.489799999999999, 76.704300000000003)"
4913,06/11/2013,night,India,"Srinagar-Jammu Highway, Ramban District",landslide,Landslide,Rain,,0,,www.greaterkashmir.com,http://www.greaterkashmir.com/news/2013/Jun/12/pre-monsoon-showers-bring-joy-for-jammu-residents-69.asp,,Unknown,Small,,glc,4913,India,GhumƒÅrwƒ´n,6.68727,Himachal Pradesh,,6690,IN,AS,DGvgFyFQU,1,Tue Apr 01 2014 00:00:00 GMT+0000 (UTC),1,31.488099999999999,76.670199999999994,"(31.488099999999999, 76.670199999999994)"
4914,06/12/2013,22:00:00,India,"Rishikesh-Gangotri National Highway Near Mari Sainji Village, Uttarkashi, Uttarakhand",landslide,Landslide,Downpour,,0,,m.timesofindia.com,http://m.timesofindia.com/india/15000-tourists-struck-for-16-hours-in-Uttarakhand-after-landslides/articleshow/20582096.cms,,Known_within_5_km,Medium,,glc,4914,India,UttarkƒÅshi,8.416079999999999,Uttarakhand,,17123,IN,AS,h9DTdncQ4,1,Tue Apr 01 2014 00:00:00 GMT+0000 (UTC),1,30.7394,78.530600000000007,"(30.7394, 78.530600000000007)"
4916,06/12/2013,,India,"Gharao Village, Near Holi Township",landslide,Landslide,Downpour,,0,,www.business-standard.com,http://www.business-standard.com/article/pti-stories/heavy-rains-trigger-cloudburst-landslides-in-hp-113061200940_1.html,,Known_within_1_km,Medium,,glc,4916,India,DharmsƒÅla,4.97778,Himachal Pradesh,,19540,IN,AS,sJlnFTmKU,1,Tue Apr 01 2014 00:00:00 GMT+0000 (UTC),1,32.210799999999999,76.283299999999997,"(32.210799999999999, 76.283299999999997)"
4917,06/12/2013,,India,"Village In Pangi Valley, Chamba District",landslide,Landslide,Downpour,,0,,www.business-standard.com,http://www.business-standard.com/article/pti-stories/heavy-rains-trigger-cloudburst-landslides-in-hp-113061200940_1.html,,Known_within_10_km,Medium,,glc,4917,India,Chamba,0.11669,Himachal Pradesh,,21502,IN,AS,SGMMdfmcW,1,Tue Apr 01 2014 00:00:00 GMT+0000 (UTC),1,32.555199999999999,76.124899999999997,"(32.555199999999999, 76.124899999999997)"
4920,06/15/2013,,India,"Tapri Near Rekong Peo, Kinnaur District",landslide,Landslide,Downpour,,0,,www.hindustantimes.com,http://www.hindustantimes.com/India-news/Shimla/Heavy-rains-lash-Himachal-landslide-in-Kinnaur/Article1-1077356.aspx,,Known_within_1_km,Medium,,glc,4920,India,SarƒÅhan,28.853359999999999,Himachal Pradesh,,1495,IN,AS,hGV3PncQ7,1,Tue Apr 01 2014 00:00:00 GMT+0000 (UTC),1,31.5168,78.0976,"(31.5168, 78.0976)"
4924,06/16/2013,19:30:00,India,"Kedarnath (Hindu Shrine), Near Kedarnath Dome (Mountain), Uttarakhand",landslide,Debris_Flow,Downpour,,5000,,blogs.agu.org,http://blogs.agu.org/landslideblog/2013/06/21/the-kedarnath-debris-flow-disaster-in-uttarakhand/,,Known_within_1_km,Very_large,,glc,4924,India,Pƒ´palkoti,48.961959999999998,Uttarakhand,Chamoli district,2000,IN,AS,s5u7mncKW,1,Tue Apr 01 2014 00:00:00 GMT+0000 (UTC),1,30.735099999999999,79.066599999999994,"(30.735099999999999, 79.066599999999994)"
4925,06/16/2013,,India,"Road To Sangla Valley, Near Kupa Village, Kinnaur District, Himachal Pradesh",landslide,Landslide,Rain,,0,,www.business-standard.com,http://www.business-standard.com/article/news-ians/over-50-tourists-trek-out-of-himachal-s-sangla-valley-113062300508_1.html,,Known_within_15_km,Medium,,glc,4925,India,SarƒÅhan,39.020319999999998,Himachal Pradesh,,1495,IN,AS,DGWGm8BQ7,1,Tue Apr 01 2014 00:00:00 GMT+0000 (UTC),1,31.455100000000002,78.199600000000004,"(31.455100000000002, 78.199600000000004)"
4926,06/16/2013,,India,"Sirmaur District, Himachal Pradesh",landslide,Landslide,Rain,,0,,www.hindustantimes.com,http://www.hindustantimes.com/India-news/HimachalPradesh/Landslides-bring-traffic-to-halt-in-Sirmaur/Article1-1077377.aspx,,Known_within_25_km,Medium,,glc,4926,India,NƒÅhan,13.82422,Himachal Pradesh,,27544,IN,AS,hJPiSlccU,1,Tue Apr 01 2014 00:00:00 GMT+0000 (UTC),1,30.6738,77.354399999999998,"(30.6738, 77.354399999999998)"
4927,06/16/2013,,India,"National Highway 72-B, Between Paonta Sahib And Sillai, Sirmaur District, Himachal Pradesh",landslide,Landslide,Rain,,0,,www.hindustantimes.com,http://www.hindustantimes.com/India-news/HimachalPradesh/Landslides-bring-traffic-to-halt-in-Sirmaur/Article1-1077377.aspx,,Known_within_15_km,Medium,,glc,4927,India,PƒÅonta SƒÅhib,15.114560000000001,Himachal Pradesh,,21787,IN,AS,s9K2PnKB7,1,Tue Apr 01 2014 00:00:00 GMT+0000 (UTC),1,30.572800000000001,77.652100000000004,"(30.572800000000001, 77.652100000000004)"
4928,06/16/2013,,India,"Rudraprayag-Gaurikund Road, Uttarakhand",landslide,Landslide,Rain,,0,,www.indianexpress.com,http://www.indianexpress.com/news/50-major-landslides-hit-four-road-stretches-in-uttarakhand-govt/1131703/,,Known_within_25_km,Medium,,glc,4928,India,RudraprayƒÅg,21.584219999999998,Uttarakhand,,2571,IN,AS,D5R7dnKKW,1,Tue Apr 01 2014 00:00:00 GMT+0000 (UTC),1,30.4619,79.076499999999996,"(30.4619, 79.076499999999996)"
4929,06/16/2013,,India,"Rishikesh-Joshimath-Mana Road, Uttarakhand",landslide,Landslide,Rain,,0,,,,,Known_within_50_km,Medium,,glc,4929,India,Tehri,14.58545,Uttarakhand,,27611,IN,AS,S9NZg8KBW,1,Tue Apr 01 2014 00:00:00 GMT+0000 (UTC),1,30.4954,78.388099999999994,"(30.4954, 78.388099999999994)"
4930,06/16/2013,,India,"Dharasu-Gangotri Road, Uttarakhand",landslide,Landslide,Rain,,0,,,,,Known_within_50_km,Medium,,glc,4930,India,UttarkƒÅshi,27.638750000000002,Uttarakhand,,17123,IN,AS,s9dVdnKKW,1,Tue Apr 01 2014 00:00:00 GMT+0000 (UTC),1,30.885000000000002,78.669499999999999,"(30.885000000000002, 78.669499999999999)"
4931,06/16/2013,,India,"Pithoragarh-Ghatiabgarh Road, Uttarakhand",landslide,Landslide,Rain,,0,,,,,Known_within_50_km,Medium,,glc,4931,India,DhƒÅrchula,11.27172,Uttarakhand,,7331,IN,AS,sGcgenQBU,1,Tue Apr 01 2014 00:00:00 GMT+0000 (UTC),1,29.7986,80.417000000000002,"(29.7986, 80.417000000000002)"
4932,06/16/2013,,India,"7 Km Of Road, Between Kasang And Akpa",landslide,Landslide,Downpour,,0,,www.business-standard.com,http://www.indianexpress.com/news/50-major-landslides-hit-four-road-stretches-in-uttarakhand-govt/1131703/,,Unknown,Medium,,glc,4932,India,RƒÅmpur,19.512830000000001,Himachal Pradesh,,6206,IN,AS,s9ws6lKcU,1,Tue Apr 01 2014 00:00:00 GMT+0000 (UTC),1,31.347999999999999,77.461399999999998,"(31.347999999999999, 77.461399999999998)"
4933,06/16/2013,,India,"Kinnaur District, Himachal Pradesh",landslide,Landslide,Downpour,,4,,english.samaylive.com,http://www.indianexpress.com/news/50-major-landslides-hit-four-road-stretches-in-uttarakhand-govt/1131703/,,Known_within_50_km,Medium,,test,4933,India,Diyag,36.093940000000003,Himachal Pradesh,obe,0,IN,AS,h92rFIlimD,1,Tue Apr 01 2014 00:00:00 GMT+0000 (UTC),1,31.598600000000001,78.438400000000001,"(31.598600000000001, 78.438400000000001)"
4936,06/17/2013,,India,"Rambara District, Uttarakhand",landslide,Landslide,Downpour,,13,,ibnlive.in.com,http://ibnlive.in.com/news/uttarakhand-floods-landslides-leave-40-dead-over-60000-stranded/399619-3.html,,Known_within_1_km,Large,,glc,4936,India,RudraprayƒÅg,45.94088,Uttarakhand,,2571,IN,AS,S5pRFlcB7,1,Tue Apr 01 2014 00:00:00 GMT+0000 (UTC),1,30.694500000000001,79.054400000000001,"(30.694500000000001, 79.054400000000001)"
4940,06/17/2013,,India,"Dehradun, Uttarakhand",landslide,Landslide,Rain,,3,,ibnlive.in.com,http://ibnlive.in.com/news/uttarakhand-floods-landslides-leave-40-dead-over-60000-stranded/399619-3.html,,Known_within_15_km,Medium,,glc,4940,India,Dehradun,2.54078,Uttarakhand,,522081,IN,AS,D5W7PnBKU,1,Tue Apr 01 2014 00:00:00 GMT+0000 (UTC),1,30.306899999999999,78.016900000000007,"(30.306899999999999, 78.016900000000007)"
4943,06/17/2013,,India,"Almora, Uttarakhand",landslide,Landslide,Downpour,,4,,ibnlive.in.com,http://ibnlive.in.com/news/uttarakhand-floods-landslides-leave-40-dead-over-60000-stranded/399619-3.html,,Known_within_5_km,Medium,,glc,4943,India,Almora,0.22767,Uttarakhand,,32442,IN,AS,hGkAfnKQ4,1,Tue Apr 01 2014 00:00:00 GMT+0000 (UTC),1,29.598700000000001,79.659199999999998,"(29.598700000000001, 79.659199999999998)"
4946,06/17/2013,,India,"Chagoan Village Near Tapri, 220 Km From The State Capital Shimla, Kinnaur District, Himachal Pradesh",landslide,Landslide,Downpour,,5,,zeenews.india.com,http://zeenews.india.com/news/himachal-pradesh/five-of-family-buried-in-himachal-landslide_855569.html,,Known_within_50_km,Medium,,glc,4946,India,SarƒÅhan,24.759920000000001,Himachal Pradesh,,1495,IN,AS,sJ0UukBQ7,1,Tue Apr 01 2014 00:00:00 GMT+0000 (UTC),1,31.622299999999999,78.019300000000001,"(31.622299999999999, 78.019300000000001)"
4947,06/18/2013,10:30:00,India,"Sainath Stone Quarry, Rikunda Village, Turbhe, Navi Mumbai, Maharashtra",landslide,Landslide,Continuous_rain,,3,2,www.asianage.com,http://www.asianage.com/mumbai/3-killed-2-hurt-landslide-272,,Known_within_5_km,Medium,,glc,4947,India,Navi Mumbai,4.95472,Maharashtra,,2600000,IN,AS,DJoZTCfjmS,2,Wed Sep 10 2014 18:30:54 GMT+0000 (UTC),1948939322,19.081099999999999,73.022599999999997,"(19.081099999999999, 73.022599999999997)"
4949,06/18/2013,afternoon,India,Road Near Tipri To Kedarnath,landslide,Landslide,Rain,,0,,ibnlive.in.com,http://ibnlive.in.com/videos/400037/ground-report-massive-landslides-in-tipri-block-roads.html,,Known_within_5_km,Medium,,glc,4949,India,Tehri,2.40046,Uttarakhand,,27611,IN,AS,sGLYg8QQW,1,Tue Apr 01 2014 00:00:00 GMT+0000 (UTC),1,30.3797,78.5017,"(30.3797, 78.5017)"
4950,06/18/2013,early morning,India,"Tottilagundi, Dakshina Kannada District",landslide,Landslide,Rain,,4,7,www.business-standard.com,http://www.business-standard.com/article/pti-stories/four-killed-in-landslide-113061800917_1.html,,Unknown,Medium,,glc,4950,India,Putt≈´r,10.62786,Karnataka,,53331,IN,AS,S5x2uygQW,1,Tue Apr 01 2014 00:00:00 GMT+0000 (UTC),1,12.8446,75.247600000000006,"(12.8446, 75.247600000000006)"
4952,06/18/2013,morning,India,"Buchi Village, Jagannath Vdc-5",landslide,Landslide,Rain,,0,2,www.myrepublica.com,http://www.myrepublica.com/portal/index.php?action=news_details&news_id=56446,,Unknown,Large,,glc,4952,Nepal,SalyƒÅn,13.442920000000001,Mid Western,RƒÅptƒ´ Zone,0,NP,AS,h9XLokQB7,1,Tue Apr 01 2014 00:00:00 GMT+0000 (UTC),1,28.4513,82.280100000000004,"(28.4513, 82.280100000000004)"
4959,06/18/2013,,India,"Dailekh -Surkhet Section, Karnali Highway Bound For Jumla And Kalikot",landslide,Landslide,Rain,,0,,www.myrepublica.com,http://www.myrepublica.com/portal/index.php?action=news_details&news_id=56446,,Known_within_50_km,Medium,,glc,4959,Nepal,Dailekh,30.031279999999999,Mid Western,Bherƒ´ Zone,20908,NP,AS,sJveLkBBW,1,Tue Apr 01 2014 00:00:00 GMT+0000 (UTC),1,29.1145,81.686499999999995,"(29.1145, 81.686499999999995)"
4966,06/19/2013,,India,"Almora, Uttarakhand",landslide,Landslide,Rain,,0,,ibnlive.in.com,http://ibnlive.in.com/news/almora-roads-cave-in-get-washed-away-after-fresh-landslide/400275-3-243.html,,Known_within_5_km,Medium,,glc,4966,India,Almora,1.94616,Uttarakhand,,32442,IN,AS,SGoAflQQ4,1,Tue Apr 01 2014 00:00:00 GMT+0000 (UTC),1,29.593499999999999,79.680499999999995,"(29.593499999999999, 79.680499999999995)"
4974,06/24/2013,afternoon,India,"Between Rudaprayag And Guptkashi, Uttarakhand (2 Landslides)",landslide,Landslide,Rain,,0,,www.hindustantimes.com,http://www.hindustantimes.com/India-news/Uttarakhand/Uttarakhand-Two-landslides-slow-down-ground-operations/Article1-1081377.aspx,,Known_within_25_km,Medium,,glc,4974,India,RudraprayƒÅg,15.53708,Uttarakhand,,2571,IN,AS,h9sWF8KK7,1,Tue Apr 01 2014 00:00:00 GMT+0000 (UTC),1,30.409099999999999,79.057900000000004,"(30.409099999999999, 79.057900000000004)"
4975,06/24/2013,late night,India,"Sirobhgarh Bend, Srinagar-Rudraprayag Highway, Uttarakhand, Northern India",landslide,Landslide,Downpour,,0,,www.business-standard.com,http://www.business-standard.com/article/specials/fresh-landslide-plays-spoil-sport-to-rescue-operations-113062500319_1.html,,Known_within_10_km,Medium,,glc,4975,India,RudraprayƒÅg,6.85261,Uttarakhand,,2571,IN,AS,h55RFkcQU,1,Tue Apr 01 2014 00:00:00 GMT+0000 (UTC),1,30.252400000000002,78.922799999999995,"(30.252400000000002, 78.922799999999995)"
4978,06/24/2013,,India,"Rishikesh-Uttarkashi Route, Uttarakhand",landslide,Debris_Flow,Downpour,,0,,www.indiablooms.com,http://www.indiablooms.com/NewsDetailsPage/2013/newsDetails240613d.php,,Known_within_50_km,Medium,,glc,4978,India,Tehri,11.078939999999999,Uttarakhand,,27611,IN,AS,hGjZF8QBU,1,Tue Apr 01 2014 00:00:00 GMT+0000 (UTC),1,30.4542,78.391099999999994,"(30.4542, 78.391099999999994)"
4979,06/25/2013,10:15:00,India,"Konkan Railway Tracks Close To Adavali Station, Ratnagiri, Maharashtra",landslide,Mudslide,Monsoon,,0,,www.hindustantimes.com,http://www.hindustantimes.com/India-news/Mumbai/Mudslide-holds-up-trains-on-Konkan-railway/Article1-1082528.aspx,,Known_within_5_km,Medium,,glc,4979,India,LƒÅnja,8.12097,Maharashtra,,13121,IN,AS,S9-lnTdcU,1,Tue Apr 01 2014 00:00:00 GMT+0000 (UTC),1,16.921399999999998,73.593000000000004,"(16.921399999999998, 73.593000000000004)"
4981,06/25/2013,early morning,India,"First Hairpin Bend, Kerala-Tamil Nadu Inter-State Highway, Nadukani Ghat Road Connecting Nilambur With Gudallur In Tamilnadu",landslide,Landslide,Downpour,,0,,timesofindia.indiatimes.com,http://timesofindia.indiatimes.com/city/kozhikode/Landslide-holds-up-traffic-at-Nadukani-for-hours-none-injured/articleshow/20771153.cms,,Unknown,Medium,,glc,4981,India,Kangayam,6.03885,Tamil Nadu,,31364,IN,AS,s5cXPkBKW,1,Tue Apr 01 2014 00:00:00 GMT+0000 (UTC),1,10.9628,77.594700000000003,"(10.9628, 77.594700000000003)"
4982,06/25/2013,early morning,India,"Thenpara, Kerala-Tamil Nadu Inter-State Highway, Nadukani Ghat Road Connecting Nilambur With Gudallur In Tamilnadu",landslide,Landslide,Downpour,,0,,,,,Unknown,Medium,,glc,4982,India,Kangayam,6.03885,Tamil NƒÅdu,,31364,IN,AS,D5zxtkcc7,1,Tue Apr 01 2014 00:00:00 GMT+0000 (UTC),1,10.9628,77.594700000000003,"(10.9628, 77.594700000000003)"
4983,06/25/2013,early morning,India,"Jaram, Kerala-Tamil Nadu Inter-State Highway, Nadukani Ghat Road Connecting Nilambur With Gudallur In Tamilnadu",landslide,Landslide,Downpour,,0,,,,,Unknown,Medium,,glc,4983,India,Kangayam,6.03885,Tamil NƒÅdu,,31364,IN,AS,S9TzZlcc7,1,Tue Apr 01 2014 00:00:00 GMT+0000 (UTC),1,10.9628,77.594700000000003,"(10.9628, 77.594700000000003)"
4984,06/25/2013,,India,"Gudalur Town, Nilgiris, Tamil Nadu",landslide,Landslide,Downpour,,0,,timesofindia.indiatimes.com,http://timesofindia.indiatimes.com/city/coimbatore/Landslide-damages-3-houses-in-Gudalur/articleshow/20769970.cms,,Known_within_1_km,Small,,glc,4984,India,Naduvattam,5.82535,Tamil Nadu,,11674,IN,AS,DGpPmfdQU,1,Tue Apr 01 2014 00:00:00 GMT+0000 (UTC),1,11.4991,76.494900000000001,"(11.4991, 76.494900000000001)"
4990,06/27/2013,night,India,"Near Changu Lake, 15Km Away From Nathu La, On India-China Border In Eastern Sikkim",landslide,Landslide,Downpour,,0,,www.indiatvnews.com,http://www.indiatvnews.com/news/india/sikkim-landslide-army-rescues-tourists-stranded-near-nathu-la-24315.html,,Known_within_1_km,Medium,,glc,4990,India,Gangtok,15.931509999999999,Sikkim,,30700,IN,AS,hGM2hZBcU,1,Tue Apr 01 2014 00:00:00 GMT+0000 (UTC),1,27.3765,88.762799999999999,"(27.3765, 88.762799999999999)"
5005,07/01/2013,,India,"Walo Ward, Mon Town, Wokha District, Nagaland",landslide,Landslide,Downpour,,0,,www.nagalandpost.com,http://www.nagalandpost.com/ChannelNews/State/StateNews.aspx?news=TkVXUzEwMDA0MDQ4MQ%3D%3D-gEvw8J4DIOI%3D,,Known_within_5_km,Medium,,glc,5005,India,Mon,3.41152,NƒÅgƒÅland,,18742,IN,AS,DJWo0FKc7,1,Tue Apr 01 2014 00:00:00 GMT+0000 (UTC),1,26.72,95.028999999999996,"(26.72, 95.028999999999996)"
5006,07/01/2013,,India,"Thillong Village, Doyang Along State Highway 1, Wokha To Merapani Road",landslide,Landslide,Downpour,,0,,www.nagalandpost.com,http://www.nagalandpost.com/ChannelNews/State/StateNews.aspx?news=TkVXUzEwMDA0MDQ4MQ%3D%3D-gEvw8J4DIOI%3D,,Known_within_1_km,Medium,,glc,5006,India,Wokha,12.973039999999999,NƒÅgƒÅland,,54010,IN,AS,SJ7_0gKQ7,1,Tue Apr 01 2014 00:00:00 GMT+0000 (UTC),1,26.114699999999999,94.386399999999995,"(26.114699999999999, 94.386399999999995)"
5013,07/02/2013,night,India,"Press Colony, Near Taradevi, Himachal Pradesh",landslide,Landslide,Downpour,,0,,zeenews.india.com,http://zeenews.india.com/news/himachal-pradesh/heavy-rains-trigger-landslides-damage-houses-in-hp_859795.html,,Known_within_5_km,Medium,,glc,5013,India,Jutogh,3.81344,Himachal Pradesh,,2467,IN,AS,hGlHDlKK4,1,Tue Apr 01 2014 00:00:00 GMT+0000 (UTC),1,31.072199999999999,77.140199999999993,"(31.072199999999999, 77.140199999999993)"
5017,07/03/2013,2:00:00,India,"Anmod Ghat Road, Goa-Karnataka Border",landslide,Landslide,Downpour,,0,,www.ndtv.com,http://www.ndtv.com/article/cities/landslide-on-goa-karnataka-link-route-traffic-disrupted-387267,,Known_within_15_km,Medium,,glc,5017,India,Valpoy,19.209689999999998,,,8330,IN,AS,D9wEkfgQU,1,Tue Apr 01 2014 00:00:00 GMT+0000 (UTC),1,15.4123,74.266400000000004,"(15.4123, 74.266400000000004)"
5022,07/04/2013,,India,"Pithoragarh Tehsil, Uttarakhand",landslide,Landslide,Downpour,,,,articles.timesofindia.indiatimes.com,http://articles.timesofindia.indiatimes.com/2013-07-08/india/40442779_1_food-grains-villages-pithoragarh-district-headquarters,,Known_within_25_km,Medium,,glc,5022,India,PithorƒÅgarh,1.21856,Uttarakhand,,47571,IN,AS,h5Zk_ncB7,1,Tue Apr 01 2014 00:00:00 GMT+0000 (UTC),1,29.58,80.221400000000003,"(29.58, 80.221400000000003)"
5023,07/04/2013,,India,"Munsari Tehsil, Uttarakhand",landslide,Landslide,Continuous_rain,,,,articles.timesofindia.indiatimes.com,http://articles.timesofindia.indiatimes.com/2013-07-08/india/40442779_1_food-grains-villages-pithoragarh-district-headquarters,,Unknown,Medium,,glc,5023,India,DhƒÅrchula,36.776670000000003,Uttarakhand,,7331,IN,AS,S9e8akcQ4,1,Tue Apr 01 2014 00:00:00 GMT+0000 (UTC),1,30.071200000000001,80.238600000000005,"(30.071200000000001, 80.238600000000005)"
5024,07/04/2013,,India,"Gunji, Uttarakhand",landslide,Landslide,Continuous_rain,,,,articles.timesofindia.indiatimes.com,http://articles.timesofindia.indiatimes.com/2013-07-08/india/40442779_1_food-grains-villages-pithoragarh-district-headquarters,,Known_within_50_km,Medium,,test,5024,India,Burang,33.498719999999999,Uttarakhand,obe,5026,IN,AS,hGKduNkAgs,1,Tue Apr 01 2014 00:00:00 GMT+0000 (UTC),1,30.171900000000001,80.857600000000005,"(30.171900000000001, 80.857600000000005)"
5036,07/05/2013,night,India,"Reasi District, Jammu And Kashmir",landslide,Landslide,Downpour,,1,2,freepresskashmir.com,http://freepresskashmir.com/landslide-kills-woman-hurts-two-children-in-jammu-kashmir-105306/,,Known_within_50_km,Medium,,glc,5036,India,RiƒÅsi,4.45536,Kashmir,,8101,IN,AS,S5DhtfFcW,1,Tue Apr 01 2014 00:00:00 GMT+0000 (UTC),1,33.0852,74.879900000000006,"(33.0852, 74.879900000000006)"
5043,07/06/2013,,India,"Jogindernagar, Himachal Pradesh",landslide,Landslide,Downpour,,,,articles.timesofindia.indiatimes.com,http://articles.timesofindia.indiatimes.com/2013-07-08/india/40442321_1_landslides-heavy-rainfall-isolated-places,,Known_within_1_km,Small,,glc,5043,India,Jogindarnagar,0.40026,Himachal Pradesh,,5233,IN,AS,h5XjFfFKW,1,Tue Apr 01 2014 00:00:00 GMT+0000 (UTC),1,31.990600000000001,76.790700000000001,"(31.990600000000001, 76.790700000000001)"
5044,07/06/2013,,India,"Rohru-Shimla Road At Dochi, Himachal Pradesh",landslide,Landslide,Downpour,,,,articles.timesofindia.indiatimes.com,http://articles.timesofindia.indiatimes.com/2013-07-08/india/40442321_1_landslides-heavy-rainfall-isolated-places,,Known_within_50_km,Medium,,glc,5044,India,Rohru,5.11036,Himachal Pradesh,,8160,IN,AS,S53OtkBB7,1,Tue Apr 01 2014 00:00:00 GMT+0000 (UTC),1,31.162800000000001,77.724100000000007,"(31.162800000000001, 77.724100000000007)"
5047,07/07/2013,3:00:00,India,"Mandi-Pathankot Highway At Paddar, Himachal Pradesh",landslide,Landslide,Downpour,,,,articles.timesofindia.indiatimes.com,http://articles.timesofindia.indiatimes.com/2013-07-08/india/40442321_1_landslides-heavy-rainfall-isolated-places,,Known_within_1_km,Medium,,glc,5047,India,Jogindarnagar,16.945049999999998,Himachal Pradesh,,5233,IN,AS,D5uzgTdB4,1,Tue Apr 01 2014 00:00:00 GMT+0000 (UTC),1,31.8795,76.9161,"(31.8795, 76.9161)"
5049,07/07/2013,,India,"Mandi-Janjheli Road At Odidhar Thunag, Himachal Pradesh",landslide,Landslide,Downpour,,,,articles.timesofindia.indiatimes.com,http://articles.timesofindia.indiatimes.com/2013-07-08/india/40442321_1_landslides-heavy-rainfall-isolated-places,,Known_within_5_km,Medium,,glc,5049,India,PƒÅndoh,16.305620000000001,Himachal Pradesh,,4351,IN,AS,S54qhncB4,1,Tue Apr 01 2014 00:00:00 GMT+0000 (UTC),1,31.5596,77.167900000000003,"(31.5596, 77.167900000000003)"
5050,07/07/2013,,India,"Mandi-Shimla Highway In Mandi, Himachal Pradesh",landslide,Mudslide,Rain,,,,articles.timesofindia.indiatimes.com,http://articles.timesofindia.indiatimes.com/2013-07-08/india/40442321_1_landslides-heavy-rainfall-isolated-places,,Unknown,Medium,,glc,5050,India,Mandi,0.96241,Himachal Pradesh,,28217,IN,AS,DGsEFydBU,1,Tue Apr 01 2014 00:00:00 GMT+0000 (UTC),1,31.702999999999999,76.936000000000007,"(31.702999999999999, 76.936000000000007)"
5051,07/07/2013,,India,"Mandi-Kullu Highway In Mandi, Himachal Pradesh",landslide,Landslide,Downpour,,,,articles.timesofindia.indiatimes.com,http://articles.timesofindia.indiatimes.com/2013-07-08/india/40442321_1_landslides-heavy-rainfall-isolated-places,,Known_within_50_km,Medium,,glc,5051,India,Mandi,4.05872,Himachal Pradesh,,28217,IN,AS,S5xWmTFQ7,1,Tue Apr 01 2014 00:00:00 GMT+0000 (UTC),1,31.701699999999999,76.972999999999999,"(31.701699999999999, 76.972999999999999)"
5052,07/07/2013,,India,"A Nullah Near The Government Hospital In Mandi, Himachal Pradesh",landslide,Landslide,Downpour,,,,articles.timesofindia.indiatimes.com,http://articles.timesofindia.indiatimes.com/2013-07-08/india/40442321_1_landslides-heavy-rainfall-isolated-places,,Known_within_1_km,Medium,,glc,5052,India,Mandi,0.23929,Himachal Pradesh,,28217,IN,AS,h9xxmqdcU,1,Tue Apr 01 2014 00:00:00 GMT+0000 (UTC),1,31.709299999999999,76.929699999999997,"(31.709299999999999, 76.929699999999997)"
5053,07/07/2013,,India,"Mandi-Pathankot Highway At Gumma In Mandi, Himachal Pradesh",landslide,Landslide,Downpour,,,,articles.timesofindia.indiatimes.com,http://articles.timesofindia.indiatimes.com/2013-07-08/india/40442321_1_landslides-heavy-rainfall-isolated-places,,Known_within_1_km,Medium,,glc,5053,India,Jogindarnagar,6.36465,Himachal Pradesh,,5233,IN,AS,SG9agfmBU,1,Tue Apr 01 2014 00:00:00 GMT+0000 (UTC),1,31.967099999999999,76.852099999999993,"(31.967099999999999, 76.852099999999993)"
5054,07/07/2013,,India,"Mandi Gurdwara, Himachal Pradesh",landslide,Landslide,Downpour,,,,articles.timesofindia.indiatimes.com,http://articles.timesofindia.indiatimes.com/2013-07-08/india/40442321_1_landslides-heavy-rainfall-isolated-places,,Known_within_1_km,Small,,glc,5054,India,Mandi,1.43408,Himachal Pradesh,,28217,IN,AS,sG4EgqdK7,1,Tue Apr 01 2014 00:00:00 GMT+0000 (UTC),1,31.701799999999999,76.942400000000006,"(31.701799999999999, 76.942400000000006)"
5062,07/08/2013,,India,"Mundral In Kishtwar District, Jammu And Kashmir",landslide,Mudslide,Downpour,,2,,zeenews.india.com,http://zeenews.india.com/news/jammu-and-kashmir/three-die-in-landslide-wall-collapse-incidents-in-jandk_860789.html,,Known_within_10_km,Medium,,glc,5062,India,KishtwƒÅr,1.38642,Kashmir,,20553,IN,AS,hGYpPfmB7,1,Tue Apr 01 2014 00:00:00 GMT+0000 (UTC),1,33.311799999999998,75.752499999999998,"(33.311799999999998, 75.752499999999998)"
5068,07/10/2013,4:30:00,India,"Bhikona Village, Pokhri Block, Chamoli Village, Uttarakhand",landslide,Landslide,Rain,,7,,articles.timesofindia.indiatimes.com,http://articles.timesofindia.indiatimes.com/2013-07-11/india/40513904_1_kedarnath-gaurikund-vijay-bahuguna,,Known_within_5_km,Medium,,glc,5068,India,Pƒ´palkoti,21.92126,Uttarakhand,Chamoli district,2000,IN,AS,SGIqTkcKU,1,Tue Apr 01 2014 00:00:00 GMT+0000 (UTC),1,30.3629,79.214299999999994,"(30.3629, 79.214299999999994)"
5073,07/10/2013,,India,"Debram Chawl, Antop Hill Near Sheikh Mistry Dargah Road, Central Mumbai",landslide,Landslide,Downpour,,5,,indiatoday.intoday.in,http://indiatoday.intoday.in/story/mumbai-antop-landslide-death-toll-rises-to-five/1/290783.html,,Known_within_1_km,Medium,,glc,5073,India,Mumbai,5.86113,Maharashtra,Konkan Division,12691836,IN,AS,S53eNTmK7,1,Tue Apr 01 2014 00:00:00 GMT+0000 (UTC),1,19.022200000000002,72.866299999999995,"(19.022200000000002, 72.866299999999995)"
5074,07/10/2013,,India,"Antop Hill, Mumbai",landslide,Landslide,Downpour,,2,1,www.hindustantimes.com,http://www.hindustantimes.com/India-news/Mumbai/Mumbai-2-dead-1-injured-3-still-trapped-under-debris-in-Wadala-landslide/Article1-1090217.aspx,,Known_within_5_km,Medium,,glc,5074,India,Mumbai,5.38711,Maharashtra,Konkan Division,12691836,IN,AS,sGkVMTgK7,1,Tue Apr 01 2014 00:00:00 GMT+0000 (UTC),1,19.026299999999999,72.867599999999996,"(19.026299999999999, 72.867599999999996)"
5084,07/12/2013,night,India,"National Highway 2 Near Phesama Village Close To Kisama Naha Heritage Site, Kohima District, Nagaland",landslide,Landslide,Downpour,,0,,www.assamtribune.com,http://www.assamtribune.com/scripts/detailsnew.asp?id=jul1613/oth06,,Known_within_10_km,Medium,,glc,5084,India,Kohima,6.5252,NƒÅgƒÅland,,92113,IN,AS,sGKf3mBc4,1,Tue Apr 01 2014 00:00:00 GMT+0000 (UTC),1,25.616,94.116699999999994,"(25.616, 94.116699999999994)"
5086,07/12/2013,,India,"Nainital District, Uttarakhand",landslide,Landslide,Rain,,6,,www.newsworms.com,http://www.newsworms.com/news_detail.php?ncatId=40&pcatid=36&news_id=7286,,Known_within_5_km,Medium,,glc,5086,India,Naini TƒÅl,2.48894,Uttarakhand,,42309,IN,AS,hGnrTnccU,1,Tue Apr 01 2014 00:00:00 GMT+0000 (UTC),1,29.380199999999999,79.463300000000004,"(29.380199999999999, 79.463300000000004)"
5087,07/12/2013,,India,"National Highway 29 Near Phesama Village, Nagaland",landslide,Landslide,Downpour,,0,,www.thehindubusinessline.com,http://www.thehindubusinessline.com/news/states/landslides-disrupt-vehicular-movement-on-nh29/article4912110.ece,,Known_within_10_km,Medium,,glc,5087,India,Kohima,5.30049,NƒÅgƒÅland,,92113,IN,AS,D5PT0mBB4,1,Tue Apr 01 2014 00:00:00 GMT+0000 (UTC),1,25.626899999999999,94.113900000000001,"(25.626899999999999, 94.113900000000001)"
5088,07/12/2013,,India,"Lohardobha Billage, Dhari, Nainital",landslide,Mudslide,Downpour,,6,,www.newsworms.com,http://www.newsworms.com/news_detail.php?ncatId=40&pcatid=36&news_id=7286,,Known_within_5_km,Medium,,glc,5088,India,Naini TƒÅl,2.48894,Uttarakhand,,42309,IN,AS,s5FrTlBB7,1,Tue Apr 01 2014 00:00:00 GMT+0000 (UTC),1,29.380199999999999,79.463300000000004,"(29.380199999999999, 79.463300000000004)"
5097,07/14/2013,,India,"Near Rampur, Himachal Pradesh",landslide,Landslide,Downpour,,1,,ibnlive.in.com,http://ibnlive.in.com/news/3-killed-in-rainrelated-incidents-as-heavy-showers-lash-hp/408192-3-254.html,,Known_within_10_km,Medium,,glc,5097,India,RƒÅmpur,4.94694,Himachal Pradesh,,6206,IN,AS,SGxrP8Kc4,1,Tue Apr 01 2014 00:00:00 GMT+0000 (UTC),1,31.4711,77.674599999999998,"(31.4711, 77.674599999999998)"
5098,07/14/2013,,India,"Mehaskwal Village, Himachal Pradesh",landslide,Landslide,Downpour,,1,,ibnlive.in.com,http://ibnlive.in.com/news/3-killed-in-rainrelated-incidents-as-heavy-showers-lash-hp/408192-3-254.html,,Unknown,Medium,,glc,5098,India,Nagar,3.56925,Himachal Pradesh,,2000,IN,AS,DJ4_h8KB7,1,Tue Apr 01 2014 00:00:00 GMT+0000 (UTC),1,32.17,77.178799999999995,"(32.17, 77.178799999999995)"
5099,07/14/2013,,India,"Sirmaur District, Himachal Pradesh",landslide,Landslide,Rain,,0,,ibnlive.in.com,http://ibnlive.in.com/news/3-killed-in-rainrelated-incidents-as-heavy-showers-lash-hp/408192-3-254.html,,Known_within_25_km,Medium,,glc,5099,India,NƒÅhan,13.82422,Himachal Pradesh,,27544,IN,AS,D9DCDlQB7,1,Tue Apr 01 2014 00:00:00 GMT+0000 (UTC),1,30.6738,77.354399999999998,"(30.6738, 77.354399999999998)"
5100,07/14/2013,,India,"Shimla-Nahan Highway, Dosarka, Himachal Pradesh",landslide,Landslide,Rain,,0,,ibnlive.in.com,http://ibnlive.in.com/news/3-killed-in-rainrelated-incidents-as-heavy-showers-lash-hp/408192-3-254.html,,Known_within_5_km,Medium,,glc,5100,India,Hamƒ´rpur,1.48455,Himachal Pradesh,,19280,IN,AS,hJPFmfgK4,1,Tue Apr 01 2014 00:00:00 GMT+0000 (UTC),1,31.672999999999998,76.533799999999999,"(31.672999999999998, 76.533799999999999)"
5107,07/15/2013,,India,"National Highway 29 Near Phesama Village, Nagaland",landslide,Landslide,Rain,,0,,articles.timesofindia.indiatimes.com,http://articles.timesofindia.indiatimes.com/2013-07-15/guwahati/40589516_1_southern-angami-youth-organization-jessami-tadubi,,Known_within_10_km,Medium,,glc,5107,India,Kohima,5.30049,NƒÅgƒÅland,,92113,IN,AS,s5ST3FcB7,1,Tue Apr 01 2014 00:00:00 GMT+0000 (UTC),1,25.626899999999999,94.113900000000001,"(25.626899999999999, 94.113900000000001)"
5122,07/17/2013,,India,"National Highway 29 Between Patkai Bridge And Kukidolong, Nagaland",landslide,Mudslide,Rain,,0,,,,,Known_within_50_km,Medium,,glc,5122,India,Kohima,19.796389999999999,NƒÅgƒÅland,,92113,IN,AS,s9HKpFcQ4,1,Tue Apr 01 2014 00:00:00 GMT+0000 (UTC),1,25.765799999999999,93.941299999999998,"(25.765799999999999, 93.941299999999998)"
5123,07/17/2013,,India,"National Highway 2 Near Meriema Village, 10 Km Away From Kohima",landslide,Mudslide,Rain,,0,,,,,Known_within_50_km,Medium,,glc,5123,India,Kohima,4.81849,NƒÅgƒÅland,,92113,IN,AS,D5ljpFKQU,1,Tue Apr 01 2014 00:00:00 GMT+0000 (UTC),1,25.713100000000001,94.088499999999996,"(25.713100000000001, 94.088499999999996)"
5129,07/18/2013,,India,"Chamoli District, Uttarakhand",landslide,Landslide,Downpour,,0,,post.jagran.com,http://post.jagran.com/fresh-landslides-hit-1374126579,,Known_within_1_km,Medium,,glc,5129,India,Pƒ´palkoti,9.87913,Uttarakhand,Chamoli district,2000,IN,AS,D5eaTlQcW,1,Tue Apr 01 2014 00:00:00 GMT+0000 (UTC),1,30.404299999999999,79.330799999999996,"(30.404299999999999, 79.330799999999996)"
5130,07/18/2013,,India,"Netali Maneri Marg, Uttarkashi District, Uttarakhand",landslide,Debris_Flow,Downpour,,0,,post.jagran.com,http://post.jagran.com/fresh-landslides-hit-1374126579,,Known_within_5_km,Small,,glc,5130,India,UttarkƒÅshi,0.85194,Uttarakhand,,17123,IN,AS,S56dmnKBW,1,Tue Apr 01 2014 00:00:00 GMT+0000 (UTC),1,30.731400000000001,78.434700000000007,"(30.731400000000001, 78.434700000000007)"
5139,07/19/2013,,India,"Munsyari Area, Pithoragarh, Uttarakhand",landslide,Landslide,Downpour,,0,,www.thehindu.com,http://www.thehindu.com/news/national/other-states/heavy-rainfall-causes-landslides-in-kumaon/article4931537.ece,,Known_within_5_km,Medium,,glc,5139,India,DhƒÅrchula,36.94258,Uttarakhand,,7331,IN,AS,SJYnekQQ7,1,Tue Apr 01 2014 00:00:00 GMT+0000 (UTC),1,30.0718,80.236900000000006,"(30.0718, 80.236900000000006)"
5171,07/23/2013,8:45:00,India,"Vengola, Kerala",landslide,Rockfall,Unknown,,2,2,articles.timesofindia.indiatimes.com,http://articles.timesofindia.indiatimes.com/2013-07-24/kochi/40770572_1_granite-quarry-perumbavoor-migrant-labourer,,Known_within_5_km,Small,,glc,5171,India,Perumbavoor,5.96082,Kerala,,26550,IN,AS,h94ZgTgQ7,1,Tue Apr 01 2014 00:00:00 GMT+0000 (UTC),1,10.0533,76.478800000000007,"(10.0533, 76.478800000000007)"
5176,07/23/2013,,India,"Deval, Chamoli District, Uttarakhand",landslide,Landslide,Downpour,,0,,www.dnaindia.com,http://www.dnaindia.com/india/1864669/report-fresh-incidents-of-landslides-as-heavy-rains-lash-uttarakhand,,Known_within_1_km,Medium,,glc,5176,India,RudraprayƒÅg,22.58549,Uttarakhand,,2571,IN,AS,D5-YqlQK4,1,Tue Apr 01 2014 00:00:00 GMT+0000 (UTC),1,30.194400000000002,79.193899999999999,"(30.194400000000002, 79.193899999999999)"
5177,07/23/2013,,India,"Gauchar, Chamoli District, Uttarakhand",landslide,Landslide,Downpour,,0,,www.dnaindia.com,http://www.dnaindia.com/india/1864669/report-fresh-incidents-of-landslides-as-heavy-rains-lash-uttarakhand,,Known_within_5_km,Medium,,glc,5177,India,RudraprayƒÅg,16.122299999999999,Uttarakhand,,2571,IN,AS,sG7YfnccW,1,Tue Apr 01 2014 00:00:00 GMT+0000 (UTC),1,30.290199999999999,79.150999999999996,"(30.290199999999999, 79.150999999999996)"
5178,07/24/2013,,India,"Chamoli, Uttarakhand",landslide,Landslide,Continuous_rain,,2,,www.livemint.com,http://www.livemint.com/Politics/BoCQF6gfN3g4k7x0giBp4N/Fresh-incidents-of-cloud-burst-as-heavy-rains-lash-Uttarakah.html,,Unknown,Medium,,glc,5178,India,Pƒ´palkoti,5.93184,Uttarakhand,Chamoli district,2000,IN,AS,DGyrylccW,1,Tue Apr 01 2014 00:00:00 GMT+0000 (UTC),1,30.4605,79.477400000000003,"(30.4605, 79.477400000000003)"
5179,07/24/2013,,India,"Karnaprayag, Uttarakhand",landslide,Landslide,Downpour,,0,,www.livemint.com,http://www.livemint.com/Politics/BoCQF6gfN3g4k7x0giBp4N/Fresh-incidents-of-cloud-burst-as-heavy-rains-lash-Uttarakah.html,,Known_within_5_km,Medium,,glc,5179,India,RudraprayƒÅg,22.80443,Uttarakhand,,2571,IN,AS,hJPfq8QBW,1,Tue Apr 01 2014 00:00:00 GMT+0000 (UTC),1,30.262,79.219099999999997,"(30.262, 79.219099999999997)"
5180,07/24/2013,,India,"National Highway 4, Navi Mumbai, Maharashtra",landslide,Landslide,Downpour,,0,,www.thehindu.com,http://www.thehindu.com/news/national/other-states/mumbra-bypass-develops-crater-closed-for-traffic/article4948062.ece,,Known_within_5_km,Medium,,glc,5180,India,Airoli,3.40336,Maharashtra,,100000,IN,AS,SJR4IyFcW,1,Tue Apr 01 2014 00:00:00 GMT+0000 (UTC),1,19.171099999999999,73.020700000000005,"(19.171099999999999, 73.020700000000005)"
5181,07/24/2013,,India,"Rishikesh-Badrinath Highway, Uttarakhand",landslide,Landslide,Downpour,,,,www.thehindubusinessline.com,http://www.thehindubusinessline.com/news/rains-trigger-cloudburst-landslides-in-uttarakhand/article4948408.ece,,Unknown,Medium,,glc,5181,India,RudraprayƒÅg,24.03472,Uttarakhand,,2571,IN,AS,SGVqynBQ7,1,Tue Apr 01 2014 00:00:00 GMT+0000 (UTC),1,30.273299999999999,79.233000000000004,"(30.273299999999999, 79.233000000000004)"
5182,07/24/2013,,India,"Thirpak, Uttarakhand",landslide,Landslide,Downpour,,0,,www.thehindubusinessline.com,http://www.thehindubusinessline.com/news/rains-trigger-cloudburst-landslides-in-uttarakhand/article4948408.ece,,Known_within_5_km,Medium,,glc,5182,India,Pƒ´palkoti,15.26892,Uttarakhand,Chamoli district,2000,IN,AS,S5oVylQBW,1,Tue Apr 01 2014 00:00:00 GMT+0000 (UTC),1,30.300999999999998,79.362799999999993,"(30.300999999999998, 79.362799999999993)"
5183,07/24/2013,,India,"Tefana, Uttarakhand",landslide,Landslide,Downpour,,0,,www.thehindubusinessline.com,http://www.thehindubusinessline.com/news/rains-trigger-cloudburst-landslides-in-uttarakhand/article4948408.ece,,Known_within_1_km,Medium,,glc,5183,India,Pƒ´palkoti,16.523319999999998,Uttarakhand,Chamoli district,2000,IN,AS,s9KeynQQW,1,Tue Apr 01 2014 00:00:00 GMT+0000 (UTC),1,30.305599999999998,79.328599999999994,"(30.305599999999998, 79.328599999999994)"
5184,07/24/2013,,India,"Sunali, Uttarakhand",landslide,Landslide,Downpour,,0,,www.thehindubusinessline.com,http://www.thehindubusinessline.com/news/rains-trigger-cloudburst-landslides-in-uttarakhand/article4948408.ece,,Known_within_1_km,Medium,,glc,5184,India,Barkot,15.422700000000001,Uttarakhand,,7725,IN,AS,h5B3PkcQ4,1,Tue Apr 01 2014 00:00:00 GMT+0000 (UTC),1,30.905799999999999,78.090599999999995,"(30.905799999999999, 78.090599999999995)"
5187,07/25/2013,1:30:00,India,"Malshej Ghat, Maharashtra",landslide,Rockfall,Downpour,,2,,articles.timesofindia.indiatimes.com,http://articles.timesofindia.indiatimes.com/2013-07-26/mumbai/40813862_1_kalyan-debris-kasara,,Known_within_5_km,Small,,glc,5187,India,Junnar,17.706209999999999,Maharashtra,,25997,IN,AS,S97FlTFc4,1,Tue Apr 01 2014 00:00:00 GMT+0000 (UTC),1,19.337900000000001,73.776700000000005,"(19.337900000000001, 73.776700000000005)"
5189,07/25/2013,5:00:00,India,"Malshej Ghat, Maharashtra",landslide,Rockfall,Downpour,,,,articles.timesofindia.indiatimes.com,http://articles.timesofindia.indiatimes.com/2013-07-26/mumbai/40813862_1_kalyan-debris-kasara,,Known_within_5_km,Medium,,glc,5189,India,Junnar,17.706209999999999,Maharashtra,,25997,IN,AS,DGGQkydK4,1,Tue Apr 01 2014 00:00:00 GMT+0000 (UTC),1,19.337900000000001,73.776700000000005,"(19.337900000000001, 73.776700000000005)"
5195,07/25/2013,,India,"Alaknanda Valley Of Chamoli District, Uttarakhand",landslide,Landslide,Continuous_rain,,,,www.newindianexpress.com,http://www.newindianexpress.com/nation/Fresh-landslides-in-Uttarakhand-as-bad-weather-persists/2013/07/25/article1701733.ece,,Unknown,Medium,,glc,5195,India,Pƒ´palkoti,10.18317,Uttarakhand,Chamoli district,2000,IN,AS,h5uaq8Qc7,1,Tue Apr 01 2014 00:00:00 GMT+0000 (UTC),1,30.4041,79.327600000000004,"(30.4041, 79.327600000000004)"
5196,07/25/2013,,India,"Uttarkashi, Uttarakhand",landslide,Landslide,Continuous_rain,,,,www.newindianexpress.com,http://www.newindianexpress.com/nation/Fresh-landslides-in-Uttarakhand-as-bad-weather-persists/2013/07/25/article1701733.ece,,Unknown,Medium,,glc,5196,India,UttarkƒÅshi,18.400200000000002,Uttarakhand,,17123,IN,AS,sJZYm8KQ4,1,Tue Apr 01 2014 00:00:00 GMT+0000 (UTC),1,30.892800000000001,78.48,"(30.892800000000001, 78.48)"
5197,07/25/2013,,India,"Ganga Vihar Colony In Bhatwadi Area, Uttarkashi, Uttarakhand",landslide,Landslide,Continuous_rain,,,,www.newindianexpress.com,http://www.newindianexpress.com/nation/Fresh-landslides-in-Uttarakhand-as-bad-weather-persists/2013/07/25/article1701733.ece,,Known_within_5_km,Medium,,glc,5197,India,UttarkƒÅshi,19.530380000000001,Uttarakhand,,17123,IN,AS,SJFwg8BB7,1,Tue Apr 01 2014 00:00:00 GMT+0000 (UTC),1,30.8203,78.618499999999997,"(30.8203, 78.618499999999997)"
5198,07/25/2013,,India,"Quaritok, Uttarkashi, Uttarakhand",landslide,Landslide,Continuous_rain,,0,,www.newindianexpress.com,http://www.newindianexpress.com/nation/Fresh-landslides-in-Uttarakhand-as-bad-weather-persists/2013/07/25/article1701733.ece,,Unknown,Medium,,glc,5198,India,UttarkƒÅshi,18.400200000000002,Uttarakhand,,17123,IN,AS,h5HYFnBBW,1,Tue Apr 01 2014 00:00:00 GMT+0000 (UTC),1,30.892800000000001,78.48,"(30.892800000000001, 78.48)"
5199,07/25/2013,,India,"Malla, Uttarkashi, Uttarakhand",landslide,Landslide,Continuous_rain,,0,,www.newindianexpress.com,http://www.newindianexpress.com/nation/Fresh-landslides-in-Uttarakhand-as-bad-weather-persists/2013/07/25/article1701733.ece,,Known_within_1_km,Medium,,glc,5199,India,UttarkƒÅshi,17.779119999999999,Uttarakhand,,17123,IN,AS,D5I_gnBQU,1,Tue Apr 01 2014 00:00:00 GMT+0000 (UTC),1,30.7866,78.617099999999994,"(30.7866, 78.617099999999994)"
5200,07/25/2013,,India,"Avalanche, Nilgiris, Tamil Nadu",landslide,Landslide,Downpour,,,,www.newindianexpress.com,http://www.newindianexpress.com/states/tamil_nadu/Landslides-after-rain-in-Nilgiris/2013/07/26/article1702573.ece,,Known_within_5_km,Medium,,glc,5200,India,Ooty,15.036110000000001,Tamil Nadu,,98238,IN,AS,h9bddfFQ4,1,Tue Apr 01 2014 00:00:00 GMT+0000 (UTC),1,11.3192,76.5959,"(11.3192, 76.5959)"
5208,07/26/2013,,India,Rishikesh-Badrinath Highway Near Kaleshwar,landslide,Landslide,Rain,,,,www.business-standard.com,http://www.business-standard.com/article/current-affairs/clear-weather-in-most-parts-of-uttarakhand-113072600531_1.html,,Known_within_5_km,Medium,,glc,5208,India,Pƒ´palkoti,23.450410000000002,Uttarakhand,Chamoli district,2000,IN,AS,S5iKT_qHmS,2,Wed Sep 10 2014 17:56:50 GMT+0000 (UTC),3807267667,30.2835,79.249799999999993,"(30.2835, 79.249799999999993)"
5209,07/26/2013,,India,Rishikesh-Gangotri Highway Near Dharasu-Nalupani,landslide,Landslide,Rain,,,,www.business-standard.com,http://www.business-standard.com/article/current-affairs/clear-weather-in-most-parts-of-uttarakhand-113072600531_1.html,,Known_within_25_km,Medium,,glc,5209,India,UttarkƒÅshi,13.253690000000001,Uttarakhand,,17123,IN,AS,s9t8d8KKU,1,Tue Apr 01 2014 00:00:00 GMT+0000 (UTC),1,30.6539,78.336600000000004,"(30.6539, 78.336600000000004)"
5213,07/27/2013,,India,Paharpur¬†Locality In¬†Koderma,landslide,Landslide,Downpour,,2,,articles.timesofindia.indiatimes.com,http://articles.timesofindia.indiatimes.com/2013-07-27/ranchi/40832176_1_quarry-two-labourers-landslide,,Known_within_1_km,Small,,glc,5213,India,Jumri TilaiyƒÅ,12.22302,Jharkhand,,76341,IN,AS,sJdm0nQKU,1,Tue Apr 01 2014 00:00:00 GMT+0000 (UTC),1,24.3599,85.617900000000006,"(24.3599, 85.617900000000006)"
5214,07/27/2013,,India,"Malling, Himachal Pradesh",landslide,Landslide,Mining_digging,,,,articles.timesofindia.indiatimes.com,http://articles.timesofindia.indiatimes.com/2013-08-17/chandigarh/41420266_1_rohtang-tunnel-work-lahaul-spiti-mla-ravi-thakur-kullu,,Known_within_10_km,Medium,,test,5214,India,Diyag,26.788779999999999,Himachal Pradesh,obe,0,IN,AS,hG4jhMlvgh,1,Tue Apr 01 2014 00:00:00 GMT+0000 (UTC),1,31.8931,78.63,"(31.8931, 78.63)"
5215,07/27/2013,,India,Balsori Villages In The Akhrori Area,landslide,Landslide,Rain,,,,www.indiatvnews.com,http://www.indiatvnews.com/news/india/uttarakhand-many-families-shifted-from-ukhimath-fearing-landslide-25652.html,,Known_within_5_km,Medium,,glc,5215,India,Srƒ´nagar,25.61788,Uttarakhand,,20216,IN,AS,D5exdlQKU,1,Tue Apr 01 2014 00:00:00 GMT+0000 (UTC),1,30.452100000000002,78.754000000000005,"(30.452100000000002, 78.754000000000005)"
5224,07/28/2013,,India,"Samkot Village Of Pithoragarhi, Uttarakhand",landslide,Mudslide,Downpour,,1,,ibnlive.in.com,http://ibnlive.in.com/news/bad-weather-continues-in-uttarakhand-three-people-die-in-landslides-wall-collapse/410397-3-243.html,,Known_within_10_km,Small,,glc,5224,India,DhƒÅrchula,34.92794,Uttarakhand,,7331,IN,AS,D5Y5e8BQU,1,Tue Apr 01 2014 00:00:00 GMT+0000 (UTC),1,29.996400000000001,80.200999999999993,"(29.996400000000001, 80.200999999999993)"
5225,07/28/2013,,India,"Bhatwari Area Of Uttarkashi Districti, Uttarakhand",landslide,Mudslide,Downpour,,1,,ibnlive.in.com,http://ibnlive.in.com/news/bad-weather-continues-in-uttarakhand-three-people-die-in-landslides-wall-collapse/410397-3-243.html,,Known_within_5_km,Small,,glc,5225,India,UttarkƒÅshi,19.160820000000001,Uttarakhand,,17123,IN,AS,sG7ygncQW,1,Tue Apr 01 2014 00:00:00 GMT+0000 (UTC),1,30.818999999999999,78.614900000000006,"(30.818999999999999, 78.614900000000006)"
5233,07/29/2013,10:00:00,India,"Samroli, Udhampur District,¬†Kashmir",landslide,Landslide,Rain,,,,articles.economictimes.indiatimes.com,http://articles.economictimes.indiatimes.com/2013-07-29/news/40872756_1_landslides-amarnath-pilgrims-men-and-machines,,Known_within_1_km,Small,,glc,5233,India,Udhampur,9.285880000000001,Kashmir,,80447,IN,AS,SGvKZqmK7,1,Tue Apr 01 2014 00:00:00 GMT+0000 (UTC),1,32.991799999999998,75.194500000000005,"(32.991799999999998, 75.194500000000005)"
5234,07/29/2013,10:30:00,India,"Samroli, Udhampur District,¬†Kashmir",landslide,Rockfall,Rain,,,,articles.economictimes.indiatimes.com,http://articles.economictimes.indiatimes.com/2013-07-29/news/40872756_1_landslides-amarnath-pilgrims-men-and-machines,,Known_within_1_km,Medium,,glc,5234,India,Udhampur,9.285880000000001,Kashmir,,80447,IN,AS,S95juydQU,1,Tue Apr 01 2014 00:00:00 GMT+0000 (UTC),1,32.991799999999998,75.194500000000005,"(32.991799999999998, 75.194500000000005)"
5240,07/31/2013,early morning,India,"Dehradun, Uttarakhand",landslide,Landslide,Downpour,,4,,news.oneindia.in,http://news.oneindia.in/2013/08/03/almora-sdm-drowned-mandakini-river-in-kedarnath-1275017.html,,Known_within_10_km,Medium,,glc,5240,India,RƒÅipur,7.8256,Uttarakhand,,27702,IN,AS,S5ypPlBBU,1,Tue Apr 01 2014 00:00:00 GMT+0000 (UTC),1,30.382200000000001,78.094899999999996,"(30.382200000000001, 78.094899999999996)"
5241,07/31/2013,early morning,India,"Salut, Almora, Uttarakhand",landslide,Landslide,Downpour,,,,www.hindustantimes.com,http://www.hindustantimes.com/India-news/NorthIndiaRainFury2013/SDM-8-others-killed-as-heavy-rains-lash-Uttarakhand/Article1-1101502.aspx,,Unknown,Medium,,glc,5241,India,Almora,0.27733,Uttarakhand,,32442,IN,AS,sGmCTnKKW,1,Tue Apr 01 2014 00:00:00 GMT+0000 (UTC),1,29.595199999999998,79.662499999999994,"(29.595199999999998, 79.662499999999994)"
5244,08/01/2013,20:00:00,India,"Pushkum In Kargil, Kashmir",landslide,Landslide,Downpour,,,,www.hindustantimes.com,,,Known_within_5_km,Medium,,glc,5244,India,Kargil,20.087689999999998,Kashmir,,13838,IN,AS,D96RW03TP6,2,Tue Jun 30 2015 19:02:41 GMT+0000 (UTC),3400480276,34.433199999999999,76.2851,"(34.433199999999999, 76.2851)"
5250,08/01/2013,,India,"Polo River At Polosang, Arunachal Pradesh",landslide,Mudslide,Rain,,,,www.thehindubusinessline.com,http://www.thehindubusinessline.com/news/states/landslide-blocks-polo-river-in-arunachal-pradesh/article4996075.ece,,Known_within_10_km,Medium,,test,5250,India,Douyu,58.345260000000003,Arunachal Pradesh,obe,0,IN,AS,SJPQb6kvFs,1,Tue Apr 01 2014 00:00:00 GMT+0000 (UTC),1,27.883700000000001,93.051500000000004,"(27.883700000000001, 93.051500000000004)"
5252,08/02/2013,4:30:00,India,Jammu-Pathankot Route Near Samba,landslide,Landslide,Continuous_rain,,0,,www.hindustantimes.com,http://www.hindustantimes.com/india-news/hemkunt-express-derails/article1-1102390.aspx,,Known_within_10_km,Medium,,glc,5252,India,SƒÅmba,3.68188,Kashmir,,26893,IN,AS,SGwuuqFB4,1,Tue Apr 01 2014 00:00:00 GMT+0000 (UTC),1,32.528199999999998,75.119900000000001,"(32.528199999999998, 75.119900000000001)"
5263,08/04/2013,night,India,"Kunjuthanni, Idukki, Kerala",landslide,Landslide,Monsoon,,2,,www.deccanchronicle.com,http://www.deccanchronicle.com/130806/news-current-affairs/article/special-landslides-rain-havoc-kerala,,Known_within_5_km,Medium,,glc,5263,India,Munnar,10.46646,Kerala,,68000,IN,AS,SJZpdTdK7,1,Tue Apr 01 2014 00:00:00 GMT+0000 (UTC),1,9.999499999999999,77.030900000000003,"(9.9994999999999994, 77.030900000000003)"
5264,08/04/2013,,India,Kerala,landslide,Mudslide,Downpour,,,,articles.timesofindia.indiatimes.com,http://articles.timesofindia.indiatimes.com/2013-08-10/thiruvananthapuram/41266154_1_monsoon-fury-memorandum-crossed-rs,,Unknown,Large,,glc,5264,India,Kizhake ChƒÅlakudi,10.61205,Kerala,,49330,IN,AS,s52tdTdQU,1,Tue Apr 01 2014 00:00:00 GMT+0000 (UTC),1,10.322800000000001,76.431899999999999,"(10.322800000000001, 76.431899999999999)"
5265,08/04/2013,,India,"Idukki, Kerala",landslide,Landslide,Continuous_rain,,3,,articles.timesofindia.indiatimes.com,http://articles.timesofindia.indiatimes.com/2013-08-10/thiruvananthapuram/41266154_1_monsoon-fury-memorandum-crossed-rs,,Unknown,Very_large,,glc,5265,India,Idukki,8.6519,Kerala,,11248,IN,AS,D9oimTgQW,1,Tue Apr 01 2014 00:00:00 GMT+0000 (UTC),1,9.9147,77.010999999999996,"(9.9146999999999998, 77.010999999999996)"
5268,08/04/2013,,India,"Zunheboto, Nagaland",landslide,Landslide,Continuous_rain,,,,www.morungexpress.com,http://www.morungexpress.com/local/101605.html,,Known_within_25_km,Medium,,glc,5268,India,Zunheboto,5.21085,NƒÅgƒÅland,,29499,IN,AS,hGtx0FBBW,1,Tue Apr 01 2014 00:00:00 GMT+0000 (UTC),1,26.0137,94.516300000000001,"(26.0137, 94.516300000000001)"
5269,08/04/2013,,India,"Tizu, Nagaland",landslide,Landslide,Continuous_rain,,,,www.nagalandpost.com,http://www.nagalandpost.com/ChannelNews/State/StateNews.aspx?news=TkVXUzEwMDA0MjY4Nw%3D%3D-bSp8jh3okxw%3D,,Unknown,Medium,,glc,5269,India,Zunheboto,14.31476,NƒÅgƒÅland,,29499,IN,AS,DGcz-FcK4,1,Tue Apr 01 2014 00:00:00 GMT+0000 (UTC),1,25.837599999999998,94.523399999999995,"(25.837599999999998, 94.523399999999995)"
5270,08/04/2013,,India,"Phizo, Nagaland",landslide,Landslide,Continuous_rain,,,,www.nagalandpost.com,http://www.nagalandpost.com/ChannelNews/State/StateNews.aspx?news=TkVXUzEwMDA0MjY4Nw%3D%3D-bSp8jh3okxw%3D,,Unknown,Medium,,glc,5270,India,Zunheboto,10.5572,NƒÅgƒÅland,,29499,IN,AS,h50e0gcK4,1,Tue Apr 01 2014 00:00:00 GMT+0000 (UTC),1,26.048100000000002,94.4619,"(26.048100000000002, 94.4619)"
5271,08/04/2013,,India,"Nanga, Nagaland",landslide,Landslide,Continuous_rain,,,,www.nagalandpost.com,http://www.nagalandpost.com/ChannelNews/State/StateNews.aspx?news=TkVXUzEwMDA0MjY4Nw%3D%3D-bSp8jh3okxw%3D,,Known_within_5_km,Medium,,glc,5271,India,Mokokch≈´ng,7.70289,NƒÅgƒÅland,,34021,IN,AS,sJ9OpgBKW,1,Tue Apr 01 2014 00:00:00 GMT+0000 (UTC),1,26.283999999999999,94.580799999999996,"(26.283999999999999, 94.580799999999996)"
5272,08/04/2013,,India,"Longsa, Nagaland",landslide,Landslide,Monsoon,,,,www.nagalandpost.com,http://www.nagalandpost.com/ChannelNews/State/StateNews.aspx?news=TkVXUzEwMDA0MjY4Nw%3D%3D-bSp8jh3okxw%3D,,Known_within_1_km,Medium,,glc,5272,India,Mokokch≈´ng,13.155340000000001,NƒÅgƒÅland,,34021,IN,AS,SJeVpFQK4,1,Tue Apr 01 2014 00:00:00 GMT+0000 (UTC),1,26.208300000000001,94.543800000000005,"(26.208300000000001, 94.543800000000005)"
5273,08/04/2013,,India,"Zhekuto, Nagaland",landslide,Landslide,Monsoon,,,,www.nagalandpost.com,http://www.nagalandpost.com/ChannelNews/State/StateNews.aspx?news=TkVXUzEwMDA0MjY4Nw%3D%3D-bSp8jh3okxw%3D,,Known_within_5_km,Medium,,glc,5273,India,Mokokch≈´ng,16.269500000000001,NƒÅgƒÅland,,34021,IN,AS,hG2V-dcKU,1,Tue Apr 01 2014 00:00:00 GMT+0000 (UTC),1,26.180700000000002,94.549700000000001,"(26.180700000000002, 94.549700000000001)"
5274,08/04/2013,,India,"Suruhuto Town, Nagaland",landslide,Landslide,Rain,,,,www.nagalandpost.com,http://www.nagalandpost.com/ChannelNews/State/StateNews.aspx?news=TkVXUzEwMDA0MjY4Nw%3D%3D-bSp8jh3okxw%3D,,Known_within_15_km,Medium,,glc,5274,India,Zunheboto,13.814859999999999,NƒÅgƒÅland,,29499,IN,AS,D9CV-mcc4,1,Tue Apr 01 2014 00:00:00 GMT+0000 (UTC),1,26.0838,94.563999999999993,"(26.0838, 94.563999999999993)"
5275,08/04/2013,,India,"Suruhuto Town, Nagaland",landslide,Landslide,Monsoon,,,,www.nagalandpost.com,http://www.nagalandpost.com/ChannelNews/State/StateNews.aspx?news=TkVXUzEwMDA0MjY4Nw%3D%3D-bSp8jh3okxw%3D,,Known_within_10_km,Medium,,glc,5275,India,Mokokch≈´ng,21.254449999999999,NƒÅgƒÅland,,34021,IN,AS,sJF23FccW,1,Tue Apr 01 2014 00:00:00 GMT+0000 (UTC),1,26.149799999999999,94.605500000000006,"(26.149799999999999, 94.605500000000006)"
5277,08/05/2013,5:30:00,India,"Cheeyapara Near Neriyamangalam, Kerala",landslide,Mudslide,Monsoon,,0,,www.deccanchronicle.com,http://www.deccanchronicle.com/130806/news-current-affairs/article/special-landslides-rain-havoc-kerala,,Known_within_1_km,Small,,glc,5277,India,Kuttampuzha,14.961740000000001,Kerala,,25436,IN,AS,h9_TmTFBW,1,Tue Apr 01 2014 00:00:00 GMT+0000 (UTC),1,10.053900000000001,76.829400000000007,"(10.053900000000001, 76.829400000000007)"
5278,08/05/2013,9:30:00,India,"Cheeyappara Waterfalls, Ernakulam, Kerala",landslide,Mudslide,Monsoon,,5,,www.thehindu.com,http://www.thehindu.com/news/cities/Kochi/all-quiet-at-cheeyappara-falls-but-landslip-threat-looms-large/article5110181.ece,,Known_within_1_km,Medium,,glc,5278,India,Kuttampuzha,14.99263,Kerala,,25436,IN,AS,h9ofgfdK7,1,Tue Apr 01 2014 00:00:00 GMT+0000 (UTC),1,10.053900000000001,76.829800000000006,"(10.053900000000001, 76.829800000000006)"
5280,08/05/2013,early morning,India,"Thadiyambadu Near Painavu, Kerala",landslide,Landslide,Monsoon,,2,2,www.deccanchronicle.com,http://www.deccanchronicle.com/130806/news-current-affairs/article/special-landslides-rain-havoc-kerala,,Known_within_1_km,Medium,,glc,5280,India,Idukki,3.2126,Kerala,,11248,IN,AS,SJT4mfmcU,1,Tue Apr 01 2014 00:00:00 GMT+0000 (UTC),1,9.879,76.968299999999999,"(9.8789999999999996, 76.968299999999999)"
5281,08/05/2013,,India,"Villanchira, Near Neryamangalam",landslide,Landslide,Unknown,,0,,www.business-standard.com,http://www.business-standard.com/article/current-affairs/mullaperiyar-dam-near-to-full-landslides-at-naliyani-villanchira-113080700331_1.html,,Known_within_5_km,Medium,,glc,5281,India,Kuttampuzha,11.60704,Kerala,,25436,IN,AS,hGZbmqdBU,1,Tue Apr 01 2014 00:00:00 GMT+0000 (UTC),1,10.0486,76.760599999999997,"(10.0486, 76.760599999999997)"
5282,08/05/2013,,India,"Maniyarankudy, Kerala",landslide,Landslide,Monsoon,,1,,www.deccanchronicle.com,http://www.deccanchronicle.com/130806/news-current-affairs/article/special-landslides-rain-havoc-kerala,,Known_within_5_km,Medium,,glc,5282,India,Idukki,6.15797,Kerala,,11248,IN,AS,h9L2gTgc4,1,Tue Apr 01 2014 00:00:00 GMT+0000 (UTC),1,9.8957,76.934600000000003,"(9.8956999999999997, 76.934600000000003)"
5283,08/05/2013,,India,"Painavu, Kerala",landslide,Landslide,Monsoon,,1,,www.deccanchronicle.com,http://www.deccanchronicle.com/130806/news-current-affairs/article/special-landslides-rain-havoc-kerala,,Known_within_5_km,Medium,,glc,5283,India,Idukki,2.22144,Kerala,,11248,IN,AS,DJpRgfgB4,1,Tue Apr 01 2014 00:00:00 GMT+0000 (UTC),1,9.853899999999999,76.946799999999996,"(9.8538999999999994, 76.946799999999996)"
5284,08/05/2013,,India,"Nairpara, Kerala",landslide,Landslide,Monsoon,,1,,www.deccanchronicle.com,http://www.deccanchronicle.com/130806/news-current-affairs/article/special-landslides-rain-havoc-kerala,,Unknown,Medium,,glc,5284,India,Kizhake ChƒÅlakudi,10.61205,Kerala,,49330,IN,AS,sGquFqmKW,1,Tue Apr 01 2014 00:00:00 GMT+0000 (UTC),1,10.322800000000001,76.431899999999999,"(10.322800000000001, 76.431899999999999)"
5285,08/05/2013,,India,"Jhulaghat Area Of Pithoragarh District, Uttarakhand",landslide,Landslide,Monsoon,,1,1,www.moneycontrol.com,http://www.moneycontrol.com/news/wire-news/one-killed-another-injuredlandslideuttarakhand_930257.html,,Known_within_10_km,Medium,,glc,5285,India,PithorƒÅgarh,15.262589999999999,Uttarakhand,,47571,IN,AS,hGVu_lKK4,1,Tue Apr 01 2014 00:00:00 GMT+0000 (UTC),1,29.565899999999999,80.365700000000004,"(29.565899999999999, 80.365700000000004)"
5287,08/06/2013,7:00:00,India,Tunnel Number 16 On The Jammu-Udhampur Section,landslide,Landslide,Downpour,,0,,www.business-standard.com,http://www.business-standard.com/article/pti-stories/train-engine-caught-in-landslide-rail-services-hit-in-udhampur-113080600825_1.html,,Known_within_50_km,Medium,,glc,5287,India,Udhampur,9.837619999999999,Kashmir,,80447,IN,AS,s55mZqFQU,1,Tue Apr 01 2014 00:00:00 GMT+0000 (UTC),1,32.836300000000001,75.148899999999998,"(32.836300000000001, 75.148899999999998)"
5290,08/07/2013,3:30:00,India,"Tirah Lines Which Is Almost 5 Kms From Dharamshala, Himachal Pradesh",landslide,Landslide,Downpour,,0,,www.himvani.com,http://www.himvani.com/news/2013/08/29/devastating-landslide-tirah-lines-dharamshala/23355,,Known_within_5_km,Medium,,glc,5290,India,DharmsƒÅla,1.98223,Himachal Pradesh,,19540,IN,AS,S5j8FTmcW,1,Tue Apr 01 2014 00:00:00 GMT+0000 (UTC),1,32.232199999999999,76.303700000000006,"(32.232199999999999, 76.303700000000006)"
5291,08/07/2013,early morning,India,Kozhipilly In Velliyamattom Village Under Thodupuzha Taluk,landslide,Landslide,Monsoon,,0,,www.thehindu.com,http://www.thehindu.com/news/cities/Kochi/landslip-buries-28-houses-in-thodupuzha/article5000303.ece,,Known_within_1_km,Medium,,glc,5291,India,Kotamangalam,0.70203,Kerala,,37543,IN,AS,S9wFdyFKU,1,Tue Apr 01 2014 00:00:00 GMT+0000 (UTC),1,10.060600000000001,76.633099999999999,"(10.060600000000001, 76.633099999999999)"
5292,08/07/2013,evening,India,"Naliyani, Near Thodupuzha Town",landslide,Landslide,Monsoon,,0,,www.business-standard.com,http://www.business-standard.com/article/current-affairs/mullaperiyar-dam-near-to-full-landslides-at-naliyani-villanchira-113080700331_1.html,,Known_within_5_km,Medium,,glc,5292,India,Idukki,11.1554,Kerala,,11248,IN,AS,h5dwFydQ4,1,Tue Apr 01 2014 00:00:00 GMT+0000 (UTC),1,9.835000000000001,76.866100000000003,"(9.8350000000000009, 76.866100000000003)"
5293,08/07/2013,,India,"Samroli, Udhampur District, Kashmir",landslide,Landslide,Unknown,,,,freepresskashmir.com,http://freepresskashmir.com/landslide-causes-long-traffic-jam-on-kashmir-highway-071107/,,Known_within_10_km,Small,,glc,5293,India,Udhampur,9.077260000000001,Kashmir,,80447,IN,AS,D5HBZfFc4,1,Tue Apr 01 2014 00:00:00 GMT+0000 (UTC),1,32.991300000000003,75.191500000000005,"(32.991300000000003, 75.191500000000005)"
5294,08/07/2013,,India,Ambalappara In Thrissur,landslide,Landslide,Monsoon,,,,www.deccanchronicle.com,http://www.deccanchronicle.com/130807/news-current-affairs/article/athirapilly-falls-closed-tourists,,Known_within_25_km,Medium,,glc,5294,India,Kuttampuzha,17.191980000000001,Kerala,,25436,IN,AS,s5DHFqgB7,1,Tue Apr 01 2014 00:00:00 GMT+0000 (UTC),1,10.303100000000001,76.760400000000004,"(10.303100000000001, 76.760400000000004)"
5300,08/09/2013,,India,"Senapati, Manipur",landslide,Landslide,Downpour,,,,e-pao.net,http://e-pao.net/GP.asp?src=Snipp8..230813.aug13,,Known_within_50_km,Large,,glc,5300,India,Kohima,40.080559999999998,NƒÅgƒÅland,,92113,IN,AS,hGSY3gKK7,1,Tue Apr 01 2014 00:00:00 GMT+0000 (UTC),1,25.318000000000001,94.0441,"(25.318000000000001, 94.0441)"
5309,08/10/2013,10:00:00,India,A Coal Mine In Sundergarh District Of Odisha,landslide,Landslide,Downpour,,7,2,www.ndtv.com,http://www.ndtv.com/article/india/seven-dead-in-landslide-in-odisha-coal-mine-403886,,Known_within_15_km,Medium,,glc,5309,India,BrƒÅjarƒÅjnagar,4.73888,Orissa,,79421,IN,AS,D93L4kcK4,1,Tue Apr 01 2014 00:00:00 GMT+0000 (UTC),1,21.786000000000001,83.884699999999995,"(21.786000000000001, 83.884699999999995)"
5312,08/11/2013,night,India,Kangtsung Village,landslide,Landslide,Downpour,,0,,www.nagalandpost.com,http://www.nagalandpost.com/channelnews/State/StateNews.aspx?news=TkVXUzEwMDA0MzQ3OQ%3D%3D-qmeQz2DKZMo%3D,,Known_within_10_km,Very_large,,glc,5312,India,Amguri,20.237559999999998,Assam,,8494,IN,AS,D9brpdKKU,1,Tue Apr 01 2014 00:00:00 GMT+0000 (UTC),1,26.7103,94.692999999999998,"(26.7103, 94.692999999999998)"
5320,08/13/2013,early morning,India,"Kot Village Of Tehri District,¬†Uttarakhand",landslide,Landslide,Downpour,,2,,post.jagran.com,http://post.jagran.com/2-killed-in-landslide-as-heavy-rains-lash-uttarakhand-1376460094,,Known_within_5_km,Medium,,glc,5320,India,UttarkƒÅshi,17.087240000000001,Uttarakhand,,17123,IN,AS,DGynmnBBU,1,Tue Apr 01 2014 00:00:00 GMT+0000 (UTC),1,30.601400000000002,78.344899999999996,"(30.601400000000002, 78.344899999999996)"
5323,08/13/2013,,India,Zojila Pass,landslide,Landslide,Downpour,,,,freepresskashmir.com,http://freepresskashmir.com/kashmir-highway-connecting-ladakh-region-closed-due-to-landslides-rains-175714/,,Known_within_50_km,Medium,,glc,5323,India,PahalgƒÅm,29.710149999999999,Kashmir,,7750,IN,AS,DJaEZTdc7,1,Tue Apr 01 2014 00:00:00 GMT+0000 (UTC),1,34.260100000000001,75.446600000000004,"(34.260100000000001, 75.446600000000004)"
5327,08/14/2013,,India,"Banihal, Ramban District, Kashmir",landslide,Landslide,Downpour,,,,ibnlive.in.com,http://ibnlive.in.com/news/jammusrinagar-highway-reopens-after-two-days/414825-3-245.html,,Known_within_15_km,Medium,,glc,5327,India,BanihƒÅl,3.03647,Kashmir,,3278,IN,AS,sGIcuTFKW,1,Tue Apr 01 2014 00:00:00 GMT+0000 (UTC),1,33.443100000000001,75.191500000000005,"(33.443100000000001, 75.191500000000005)"
5328,08/14/2013,,India,"Ramban District, Kashmir",landslide,Landslide,Downpour,,,,ibnlive.in.com,http://ibnlive.in.com/news/jammusrinagar-highway-reopens-after-two-days/414825-3-245.html,,Known_within_50_km,Medium,,glc,5328,India,RƒÅmban,8.76802,Kashmir,,7317,IN,AS,hG9BuyFQU,1,Tue Apr 01 2014 00:00:00 GMT+0000 (UTC),1,33.3018,75.179299999999998,"(33.3018, 75.179299999999998)"
5329,08/14/2013,,India,"Samroli, Udhampur District, Kashmir",landslide,Landslide,Downpour,,,,ibnlive.in.com,http://ibnlive.in.com/news/jammusrinagar-highway-reopens-after-two-days/414825-3-245.html,,Known_within_10_km,Medium,,glc,5329,India,Udhampur,9.077260000000001,Kashmir,,80447,IN,AS,s9uKPfmBU,1,Tue Apr 01 2014 00:00:00 GMT+0000 (UTC),1,32.991300000000003,75.191500000000005,"(32.991300000000003, 75.191500000000005)"
5330,08/14/2013,,India,"Panthal Area, Ramban District, Kashmir",landslide,Landslide,Downpour,,,2,www.business-standard.com,http://www.business-standard.com/article/pti-stories/2-jawans-injured-in-landslide-in-j-k-113081400592_1.html,,Known_within_10_km,Medium,,glc,5330,India,RƒÅmban,9.72251,Kashmir,,7317,IN,AS,h56YPqFB7,1,Tue Apr 01 2014 00:00:00 GMT+0000 (UTC),1,33.321599999999997,75.198400000000007,"(33.321599999999997, 75.198400000000007)"
5331,08/14/2013,,India,Jammu-Poonch Highway Near Kalidhar,landslide,Landslide,Downpour,,,,www.business-standard.com,http://www.business-standard.com/article/pti-stories/jammu-srinagar-nh-remains-closed-for-second-day-running-113081500725_1.html,,Known_within_15_km,Medium,,glc,5331,India,RiƒÅsi,19.550930000000001,Kashmir,,8101,IN,AS,S9dAkfgBW,1,Tue Apr 01 2014 00:00:00 GMT+0000 (UTC),1,33.049799999999998,74.626400000000004,"(33.049799999999998, 74.626400000000004)"
5332,08/14/2013,,India,Khanater Village Near Poonch,landslide,Landslide,Downpour,,,,www.kashmirtimes.in,http://www.kashmirtimes.in/newsdet.aspx?q=21471,,Known_within_50_km,Medium,,glc,5332,India,P≈´nch,0.43376,Kashmir,,28197,IN,AS,S5RVnydBW,1,Tue Apr 01 2014 00:00:00 GMT+0000 (UTC),1,33.770499999999998,74.096699999999998,"(33.770499999999998, 74.096699999999998)"
5333,08/14/2013,,India,"Sanjiote Near Poonch, Kashmir",landslide,Landslide,Downpour,,3,,www.kashmirtimes.in,http://www.kashmirtimes.in/newsdet.aspx?q=21471,,Known_within_50_km,Medium,,glc,5333,India,P≈´nch,0.43376,Kashmir,,28197,IN,AS,S9wFmj_jFS,2,Wed Sep 10 2014 19:31:05 GMT+0000 (UTC),1122382611,33.770600000000002,74.096699999999998,"(33.770600000000002, 74.096699999999998)"
5334,08/15/2013,night,India,"Manali-Spiti Road Between Gramphu And Chhatru, Himachal Pradesh",landslide,Landslide,Downpour,,,,articles.timesofindia.indiatimes.com,http://articles.timesofindia.indiatimes.com/2013-08-17/chandigarh/41420266_1_rohtang-tunnel-work-lahaul-spiti-mla-ravi-thakur-kullu,,Known_within_10_km,Medium,,glc,5334,India,ManƒÅli,16.538229999999999,Himachal Pradesh,,8341,IN,AS,s5xUSnKBU,1,Tue Apr 01 2014 00:00:00 GMT+0000 (UTC),1,32.357300000000002,77.305199999999999,"(32.357300000000002, 77.305199999999999)"
5336,08/16/2013,,India,"Tobu, Nagaland",landslide,Landslide,Rain,,,,www.morungexpress.com,http://www.morungexpress.com/local/103875.html,,Known_within_10_km,Medium,,glc,5336,India,Tuensang,18.099599999999999,NƒÅgƒÅland,,33748,IN,AS,s5hnL3FBK7,1,Tue Apr 01 2014 00:00:00 GMT+0000 (UTC),1,26.389700000000001,94.943899999999999,"(26.389700000000001, 94.943899999999999)"
5337,08/16/2013,,India,"Yakshu, Nagaland",landslide,Landslide,Rain,,,,www.morungexpress.com,http://www.morungexpress.com/local/103875.html,,Known_within_5_km,Medium,,glc,5337,India,Tuensang,22.586089999999999,NƒÅgƒÅland,,33748,IN,AS,h9Dfo3dBcU,1,Tue Apr 01 2014 00:00:00 GMT+0000 (UTC),1,26.420500000000001,94.973100000000002,"(26.420500000000001, 94.973100000000002)"
5338,08/16/2013,,India,"Longlem, Nagaland",landslide,Landslide,Rain,,,,www.nagalandpost.com,http://www.nagalandpost.com/channelnews/state/StateNews.aspx?news=TkVXUzEwMDA0NDE4MQ%3D%3D-6hneqQH1frg%3D,,Known_within_15_km,Medium,,glc,5338,India,SonƒÅri,19.00178,Assam,,19672,IN,AS,DGsR0FBcW,1,Tue Apr 01 2014 00:00:00 GMT+0000 (UTC),1,26.872699999999998,94.927499999999995,"(26.872699999999998, 94.927499999999995)"
5341,08/17/2013,afternoon,India,Pilgao-Narvem,landslide,Landslide,Downpour,,0,1,articles.timesofindia.indiatimes.com,http://articles.timesofindia.indiatimes.com/2013-08-18/goa/41422029_1_motorist-hurt-landslide-traffic-snarls,,Known_within_15_km,Medium,,glc,5341,India,Jua,3.35548,Goa,,5470,IN,AS,s9WjnfFQU,1,Tue Apr 01 2014 00:00:00 GMT+0000 (UTC),1,15.5419,73.921400000000006,"(15.5419, 73.921400000000006)"
5343,08/17/2013,night,India,The Imphal-Jiribam Section Of Nh-37 In Tamenglong District,landslide,Landslide,Continuous_rain,,,,www.nagalandpost.com,http://www.nagalandpost.com/ChannelNews/Regional/RegionalNews.aspx?news=TkVXUzEwMDA0MzUxNQ%3D%3D-zy3k3F6024s%3D,,Known_within_10_km,Medium,,glc,5343,India,Lakhipur,43.111280000000001,Assam,,12871,IN,AS,sJ3n-mQQU,1,Tue Apr 01 2014 00:00:00 GMT+0000 (UTC),1,24.762499999999999,93.434100000000001,"(24.762499999999999, 93.434100000000001)"
5346,08/17/2013,,India,"Harsil, Uttarakhand",landslide,Landslide,Rain,,,,www.ndtv.com,http://www.ndtv.com/article/india/uttarakhand-devastation-two-months-on-where-s-the-road-to-recovery-407126,,Known_within_5_km,Medium,,glc,5346,India,UttarkƒÅshi,43.16422,Uttarakhand,,17123,IN,AS,D9HXmlccU,1,Tue Apr 01 2014 00:00:00 GMT+0000 (UTC),1,31.034300000000002,78.724800000000002,"(31.034300000000002, 78.724800000000002)"
5347,08/17/2013,,India,"Uttarkashi, Uttarakhand",landslide,Landslide,Rain,,,,www.saharasamay.com,http://www.saharasamay.com/regional-news/uttarakhand-news/676535126/flood-in-uttarakhand-landslide-in-uttarakhand-rains-in-uttarakha.html,,Known_within_5_km,Medium,,glc,5347,India,UttarkƒÅshi,0.37281,Uttarakhand,,17123,IN,AS,D9UddncQW,1,Tue Apr 01 2014 00:00:00 GMT+0000 (UTC),1,30.729199999999999,78.439599999999999,"(30.729199999999999, 78.439599999999999)"
5358,08/18/2013,,India,Rishkesh-Yamunotri Highway,landslide,Landslide,Rain,,,,zeenews.india.com,http://zeenews.india.com/news/uttarakhand/rains-continue-to-lash-u-khand-8-houses-damaged-i_869923.html,,Unknown,Medium,,glc,5358,India,ChakrƒÅta,19.1892,Uttarakhand,,3348,IN,AS,sGHiZnBcW,1,Tue Apr 01 2014 00:00:00 GMT+0000 (UTC),1,30.663900000000002,78.057400000000001,"(30.663900000000002, 78.057400000000001)"
5359,08/18/2013,,India,Rishikesh-Gangotri Highway,landslide,Landslide,Rain,,,,zeenews.india.com,http://zeenews.india.com/news/uttarakhand/rains-continue-to-lash-u-khand-8-houses-damaged-i_869923.html,,Unknown,Medium,,glc,5359,India,UttarkƒÅshi,1.70197,Uttarakhand,,17123,IN,AS,S5hbgncBW,1,Tue Apr 01 2014 00:00:00 GMT+0000 (UTC),1,30.742000000000001,78.454300000000003,"(30.742000000000001, 78.454300000000003)"
5360,08/18/2013,,India,"Chamoli District, Uttarakhand",landslide,Landslide,Rain,,,,zeenews.india.com,http://zeenews.india.com/news/uttarakhand/rains-continue-to-lash-u-khand-8-houses-damaged-i_869923.html,,Known_within_5_km,Medium,,glc,5360,India,Pƒ´palkoti,12.964090000000001,Uttarakhand,Chamoli district,2000,IN,AS,D90qT8Kc4,1,Tue Apr 01 2014 00:00:00 GMT+0000 (UTC),1,30.3642,79.315799999999996,"(30.3642, 79.315799999999996)"
5361,08/18/2013,,India,"Nuranoo, Uttarkashi, Uttarakhand",landslide,Landslide,Unknown,,,,zeenews.india.com,http://zeenews.india.com/news/uttarakhand/rains-continue-to-lash-u-khand-8-houses-damaged-i_869923.html,,Known_within_25_km,Medium,,glc,5361,India,Rohru,32.733939999999997,Himachal Pradesh,,8160,IN,AS,S9LvPlQBW,1,Tue Apr 01 2014 00:00:00 GMT+0000 (UTC),1,31.082599999999999,78.066000000000003,"(31.082599999999999, 78.066000000000003)"
5365,08/19/2013,night,India,"Nalupani Area Of Uttarkashi District, Uttarakhand",landslide,Debris_Flow,Downpour,,,,zeenews.india.com,http://zeenews.india.com/news/nation/heavy-rains-trigger-landslides-sweep-away-road_870382.html,,Unknown,Medium,,glc,5365,India,UttarkƒÅshi,15.54936,Uttarakhand,,17123,IN,AS,S5IkdkBKW,1,Tue Apr 01 2014 00:00:00 GMT+0000 (UTC),1,30.629300000000001,78.330299999999994,"(30.629300000000001, 78.330299999999994)"
5377,08/19/2013,,India,Dara Gutli Village Of Uri Sector In North Kashmir'S Baramulla District,landslide,Landslide,Tropical_Cyclone,Trami,2,,www.business-standard.com,http://www.business-standard.com/article/pti-stories/j-k-couple-killed-in-landslide-113081900674_1.html,,Known_within_15_km,Medium,,glc,5377,India,Uri,2.45022,Kashmir,,6755,IN,AS,SGqwlygBU,1,Tue Apr 01 2014 00:00:00 GMT+0000 (UTC),1,34.094200000000001,74.022599999999997,"(34.094200000000001, 74.022599999999997)"
5382,08/21/2013,,India,Kullu-Anni Highway,landslide,Landslide,Downpour,,,,articles.timesofindia.indiatimes.com,http://articles.timesofindia.indiatimes.com/2013-08-28/india/41536924_1_landslides-highway-road-connectivity,,Known_within_25_km,Medium,,glc,5382,India,BanjƒÅr,11.686109999999999,Himachal Pradesh,,1351,IN,AS,S5QCDkcQ4,1,Tue Apr 01 2014 00:00:00 GMT+0000 (UTC),1,31.537500000000001,77.373699999999999,"(31.537500000000001, 77.373699999999999)"
5384,08/22/2013,11:00:00,India,Panjarpol On The Eastern Freeway,landslide,Landslide,Continuous_rain,,0,,www.indianexpress.com,http://www.indianexpress.com/news/landslide-stalls-traffic-on-eastern-freeway/1158996/,,Known_within_1_km,Medium,,glc,5384,India,Mumbai,4.54945,Maharashtra,Konkan Division,12691836,IN,AS,h9CrNymc7,1,Tue Apr 01 2014 00:00:00 GMT+0000 (UTC),1,19.040199999999999,72.908900000000003,"(19.040199999999999, 72.908900000000003)"
5399,08/25/2013,15:00:00,India,"Borra Caves, Andhra Pradesh",landslide,Rockfall,Other,,0,,articles.timesofindia.indiatimes.com,http://articles.timesofindia.indiatimes.com/2013-08-26/visakhapatnam/41453814_1_tourist-spot-boulders-stones,,Known_within_1_km,Small,,glc,5399,India,SƒÅl≈´r,31.432870000000001,Andhra Pradesh,,50206,IN,AS,hJd57kBBU,1,Tue Apr 01 2014 00:00:00 GMT+0000 (UTC),1,18.2807,83.039400000000001,"(18.2807, 83.039400000000001)"
5410,08/28/2013,evening,India,Haridwar In Uttarakhand Province,landslide,Landslide,Downpour,,0,5,sciencythoughts.blogspot.com,http://sciencythoughts.blogspot.com/2013/08/five-injured-in-uttarakhand-landslide.html,,Known_within_15_km,Medium,,glc,5410,India,Haridwar,1.03033,Uttarakhand,,186079,IN,AS,DJsGg8cc7,1,Tue Apr 01 2014 00:00:00 GMT+0000 (UTC),1,29.953099999999999,78.151399999999995,"(29.953099999999999, 78.151399999999995)"
5421,08/30/2013,,India,"Yakshu, Nagaland",landslide,Mudslide,Unknown,,,,www.nagalandpost.com,http://www.nagalandpost.com/ChannelNews/State/StateNews.aspx?news=TkVXUzEwMDA0NDY0Nw%3D%3D-jp8K0A7ZhsM%3D,,Known_within_5_km,Medium,,glc,5421,India,Tuensang,22.586089999999999,NƒÅgƒÅland,,33748,IN,AS,SJKL3FQQW,1,Tue Apr 01 2014 00:00:00 GMT+0000 (UTC),1,26.420500000000001,94.973100000000002,"(26.420500000000001, 94.973100000000002)"
5427,08/15/2013,,India,"Koide Government High School, Senapati, Manipur",landslide,Landslide,Downpour,,,,e-pao.net,http://e-pao.net/GP.asp?src=Snipp8..230813.aug13,,Known_within_5_km,Medium,,glc,5427,India,Kohima,33.203119999999998,NƒÅgƒÅland,,92113,IN,AS,DJhapgKK7,1,Tue Apr 01 2014 00:00:00 GMT+0000 (UTC),1,25.383299999999998,94.188400000000001,"(25.383299999999998, 94.188400000000001)"
5429,09/01/2013,evening,India,Tamabong Village In Sikkim State,landslide,Landslide,Downpour,,5,,sciencythoughts.blogspot.com,http://sciencythoughts.blogspot.com/2013/09/family-of-five-killed-by-landslide-in.html,,Known_within_50_km,Medium,,glc,5429,India,Namchi,23.350470000000001,Sikkim,,1147,IN,AS,S5oQ9uBcW,1,Tue Apr 01 2014 00:00:00 GMT+0000 (UTC),1,27.342500000000001,88.242599999999996,"(27.342500000000001, 88.242599999999996)"
5430,09/01/2013,,India,"Tamenglong- Khongsang Road, Manipur",landslide,Mudslide,Continuous_rain,,0,,e-pao.net,http://e-pao.net/GP.asp?src=24..050913.sep13,,Known_within_15_km,Medium,,glc,5430,India,Imphal,47.407420000000002,Manipur,,223523,IN,AS,SJsPpgccW,1,Tue Apr 01 2014 00:00:00 GMT+0000 (UTC),1,24.903700000000001,93.486999999999995,"(24.903700000000001, 93.486999999999995)"
5431,09/01/2013,,India,"Tamenglong, Manipur",landslide,Mudslide,Continuous_rain,,0,,e-pao.net,http://e-pao.net/GP.asp?src=24..050913.sep13,,Known_within_5_km,Medium,,glc,5431,India,Mahur,45.4148,Assam,,7176,IN,AS,SGKPpFcBW,1,Tue Apr 01 2014 00:00:00 GMT+0000 (UTC),1,24.982900000000001,93.506299999999996,"(24.982900000000001, 93.506299999999996)"
5441,09/02/2013,,India,"Gosang Village Under Jengging Circle, Arunachal Pradesh",landslide,Landslide,Downpour,,,,articles.timesofindia.indiatimes.com,http://articles.timesofindia.indiatimes.com/2013-09-08/guwahati/41872983_1_flood-situation-arunachal-pradesh-landslides,,Known_within_5_km,Large,,glc,5441,India,Along,52.088889999999999,ArunƒÅchal Pradesh,West Siang,18425,IN,AS,DGrR0dKcU,1,Tue Apr 01 2014 00:00:00 GMT+0000 (UTC),1,28.611000000000001,94.982900000000001,"(28.611000000000001, 94.982900000000001)"
5442,09/02/2013,,India,Arunachal Pradesh,landslide,Landslide,Downpour,,,,ibnlive.in.com,http://ibnlive.in.com/news/massive-landslide-in-arunachal-due-to-rainfall-2-districts-remain-cut-off/420409-3-229.html,,Unknown,Large,,glc,5442,India,Naharlagun,8.473459999999999,ArunƒÅchal Pradesh,,26912,IN,AS,DJegpFKQW,1,Tue Apr 01 2014 00:00:00 GMT+0000 (UTC),1,27.1614,93.752499999999998,"(27.1614, 93.752499999999998)"
5476,09/07/2013,15:00:00,India,14 Milestone Of J N Marg Near Kyangnosola (East Sikkim),landslide,Landslide,Rain,,0,,articles.timesofindia.indiatimes.com,http://articles.timesofindia.indiatimes.com/2013-09-10/india/41936154_1_east-and-north-sikkim-chungthang-gangtok,,Known_within_25_km,Medium,,glc,5476,India,Gangtok,13.01721,Sikkim,,30700,IN,AS,sGCXSuKB4,1,Tue Apr 01 2014 00:00:00 GMT+0000 (UTC),1,27.3736,88.732299999999995,"(27.3736, 88.732299999999995)"
5485,09/08/2013,,India,"Chungthang, Sikkim",landslide,Rockfall,Rain,,1,2,articles.timesofindia.indiatimes.com,http://articles.timesofindia.indiatimes.com/2013-09-10/india/41936154_1_east-and-north-sikkim-chungthang-gangtok,,Known_within_50_km,Medium,,glc,5485,India,Mangan,16.170809999999999,,,1464,IN,AS,S9BzstQQ4,1,Tue Apr 01 2014 00:00:00 GMT+0000 (UTC),1,27.604700000000001,88.646299999999997,"(27.604700000000001, 88.646299999999997)"
5533,09/16/2013,15:00:00,India,"Kalimpong, West Bengal",landslide,Landslide,Downpour,,1,,sciencythoughts.blogspot.com,http://sciencythoughts.blogspot.com/2013/09/man-killed-in-darjeeling-landslide.html,,Known_within_5_km,Small,,glc,5533,India,KƒÅlimpang,0.96259,Bengal,,43000,IN,AS,s9fdDuQKW,1,Tue Apr 01 2014 00:00:00 GMT+0000 (UTC),1,27.059899999999999,88.467399999999998,"(27.059899999999999, 88.467399999999998)"
5552,09/24/2013,,India,"Ukhrul, Manipur",landslide,Landslide,Unknown,,,,www.morungexpress.com,http://www.morungexpress.com/regional/104056.html,,Known_within_5_km,Medium,,glc,5552,India,Imphal,53.051720000000003,Manipur,,223523,IN,AS,S9ze-dcBW,1,Tue Apr 01 2014 00:00:00 GMT+0000 (UTC),1,25.098500000000001,94.361900000000006,"(25.098500000000001, 94.361900000000006)"
5554,09/25/2013,7:00:00,India,"Taloda, Nandurbar, Maharashtra",landslide,Rockfall,Downpour,,8,,www.indiatvnews.com,http://www.indiatvnews.com/news/india/eight-tribals-die-in-landslide-after-heavy-rains-in-maharashtra-28381.html,,Unknown,Medium,,glc,5554,India,Taloda,15.879200000000001,Maharashtra,,26293,IN,AS,sG1rnTdKW,1,Tue Apr 01 2014 00:00:00 GMT+0000 (UTC),1,21.698899999999998,74.171999999999997,"(21.698899999999998, 74.171999999999997)"
5565,09/30/2013,,India,"Pernem, Goa",landslide,Landslide,Unknown,,0,,articles.timesofindia.indiatimes.com,http://articles.timesofindia.indiatimes.com/2013-10-15/goa/43065135_1_commuters-portion-sharp-turn,,Known_within_1_km,Medium,,glc,5565,India,Pernem,1.33116,Goa,,5555,IN,AS,hGjclTmQ4,1,Tue Apr 01 2014 00:00:00 GMT+0000 (UTC),1,15.7156,73.804900000000004,"(15.7156, 73.804900000000004)"
5567,09/30/2013,,India,"Dharasu, Uttarkashi, Uttarakhand",landslide,Landslide,Unknown,,1,,www.thehindu.com,http://www.thehindu.com/news/cities/bangalore/bangalorean-killed-in-uttarkashi-landslide/article5187060.ece,,Known_within_25_km,Medium,,glc,5567,India,UttarkƒÅshi,18.881810000000002,Uttarakhand,,17123,IN,AS,s5mMFlQQW,1,Tue Apr 01 2014 00:00:00 GMT+0000 (UTC),1,30.6004,78.315399999999997,"(30.6004, 78.315399999999997)"
5575,10/05/2013,night,India,"Chiechama, Nagaland",landslide,Mudslide,Continuous_rain,,0,,www.business-standard.com,http://www.business-standard.com/article/current-affairs/mudslides-block-nh-2-in-nagaland-113100700032_1.html,,Known_within_5_km,Medium,,glc,5575,India,Kohima,17.273420000000002,NƒÅgƒÅland,,92113,IN,AS,hGLy0gQcU,1,Tue Apr 01 2014 00:00:00 GMT+0000 (UTC),1,25.826599999999999,94.149699999999996,"(25.826599999999999, 94.149699999999996)"
5582,10/06/2013,12:45:00,India,"Batahguli, Guwahati, Assam",landslide,Landslide,Downpour,,1,,articles.timesofindia.indiatimes.com,http://articles.timesofindia.indiatimes.com/2013-10-07/guwahati/42793381_1_anil-nagar-heavy-rain-nabin-nagar,,Known_within_5_km,Medium,,glc,5582,India,Dispur,3.79782,Assam,,2000,IN,AS,SJ-pCFBQ7,1,Tue Apr 01 2014 00:00:00 GMT+0000 (UTC),1,26.1309,91.838300000000004,"(26.1309, 91.838300000000004)"
5583,10/06/2013,16:30:00,India,"Ponsuli, Goa",landslide,Landslide,Downpour,,0,,articles.timesofindia.indiatimes.com,http://articles.timesofindia.indiatimes.com/2013-10-08/goa/42828440_1_chorla-blocks-traffic-major-landslide,,Known_within_5_km,Medium,,glc,5583,India,Valpoy,11.75938,,,8330,IN,AS,s9SOlTFBU,1,Tue Apr 01 2014 00:00:00 GMT+0000 (UTC),1,15.6365,74.115799999999993,"(15.6365, 74.115799999999993)"
5584,10/06/2013,,India,"Nilachal Hill, Guwahati, Assam",landslide,Landslide,Downpour,,0,,articles.timesofindia.indiatimes.com,http://articles.timesofindia.indiatimes.com/2013-10-07/guwahati/42793381_1_anil-nagar-heavy-rain-nabin-nagar,,Known_within_5_km,Medium,,glc,5584,India,North GuwƒÅhƒÅti,3.75928,Assam,,17516,IN,AS,SGtiCFKQ7,1,Tue Apr 01 2014 00:00:00 GMT+0000 (UTC),1,26.166499999999999,91.704899999999995,"(26.166499999999999, 91.704899999999995)"
5598,10/11/2013,afternoon,India,"Shetidhar Peak, Himachal Pradesh",landslide,Landslide,Downpour,,3,,travel.aol.co.uk,http://travel.aol.co.uk/2013/10/15/british-pensioner-killed-landslide-climbing-mountain-himalayas/,,Known_within_5_km,Medium,,glc,5598,India,ManƒÅli,14.72369,Himachal Pradesh,,8341,IN,AS,s9W3dyFB4,1,Tue Apr 01 2014 00:00:00 GMT+0000 (UTC),1,32.366500000000002,77.085700000000003,"(32.366500000000002, 77.085700000000003)"
5603,10/13/2013,19:30:00,India,"Tusom, Manipur",landslide,Mudslide,Downpour,,0,,www.indiatvnews.com,http://www.indiatvnews.com/news/india/people-in-manipur-evacuate-due-to-landslides-volcanic-eruption-fear-baseless-29544.html,,Known_within_5_km,Medium,,glc,5603,India,Phek,28.578530000000001,Manipur,,15118,IN,AS,hGNOpmBQW,1,Tue Apr 01 2014 00:00:00 GMT+0000 (UTC),1,25.425999999999998,94.602400000000003,"(25.425999999999998, 94.602400000000003)"
5608,10/16/2013,evening,India,"National Highway 109, Uttarakhand",landslide,Landslide,Unknown,,0,,www.thehindu.com,http://www.thehindu.com/news/national/other-states/landslide-damages-kedarnath-highway-yatra-still-on/article5248031.ece?homepage=true,,Known_within_15_km,Medium,,glc,5608,India,RudraprayƒÅg,29.371580000000002,Uttarakhand,,2571,IN,AS,SG34dncQ4,1,Tue Apr 01 2014 00:00:00 GMT+0000 (UTC),1,30.534500000000001,79.085300000000004,"(30.534500000000001, 79.085300000000004)"
5611,10/18/2013,morning,India,"National Highway 109, Uttarakhand",landslide,Landslide,Rain,,0,,www.thehindu.com,http://www.thehindu.com/news/national/other-states/landslide-damages-kedarnath-highway-yatra-still-on/article5248031.ece?homepage=true,,Known_within_15_km,Medium,,glc,5611,India,RudraprayƒÅg,29.371580000000002,Uttarakhand,,2571,IN,AS,DJSimkQK4,1,Tue Apr 01 2014 00:00:00 GMT+0000 (UTC),1,30.534500000000001,79.085300000000004,"(30.534500000000001, 79.085300000000004)"
5617,10/25/2013,,India,"Chrsiturajupuram, Vijayawada, Andhra Pradesh",landslide,Landslide,Rain,,0,4,www.thehindu.com,http://www.thehindu.com/news/cities/Vijayawada/rain-results-in-landslides-wall-collapses/article5271952.ece,,Known_within_10_km,Medium,,glc,5617,India,VijayawƒÅda,2.01567,Andhra Pradesh,,874587,IN,AS,D9lU1ncBU,1,Tue Apr 01 2014 00:00:00 GMT+0000 (UTC),1,16.517499999999998,80.611699999999999,"(16.517499999999998, 80.611699999999999)"
5633,11/13/2013,4:00:00,India,"Valiyasalai, Thiruvananthapuram, Kerala",landslide,Landslide,Downpour,,0,,english.manoramaonline.com,http://english.manoramaonline.com/cgi-bin/MMOnline.dll/portal/ep/contentView.do?contentId=15449436&tabId=1&programId=11565535,,Known_within_5_km,Medium,,glc,5633,India,Thiruvananthapuram,3.28558,Kerala,,784153,IN,AS,SGjVgygK4,1,Tue Apr 01 2014 00:00:00 GMT+0000 (UTC),1,8.495100000000001,76.921000000000006,"(8.4951000000000008, 76.921000000000006)"
5635,11/13/2013,night,India,"Karakkamandapam, Kerala",landslide,Landslide,Downpour,,0,,www.deccanchronicle.com,http://www.deccanchronicle.com/131114/news-current-affairs/article/heavy-rains-landslide-hit-train-services-kumari-thiruvana%C2%ADntha,,Known_within_5_km,Medium,,glc,5635,India,Thiruvananthapuram,7.3597,Kerala,,784153,IN,AS,s5aCgfmQ7,1,Tue Apr 01 2014 00:00:00 GMT+0000 (UTC),1,8.4557,77.009,"(8.4557000000000002, 77.009)"
5636,11/13/2013,night,India,Maharashtra,landslide,Landslide,Downpour,,0,,www.indiaglitz.com,http://www.indiaglitz.com/channels/hindi/article/99743.html,,Unknown,Medium,,glc,5636,India,Khopoli,2.94165,Maharashtra,,64460,IN,AS,hJj5kTgK4,1,Tue Apr 01 2014 00:00:00 GMT+0000 (UTC),1,18.7654,73.364000000000004,"(18.7654, 73.364000000000004)"
5637,11/13/2013,,India,"Thampanoor, Thiruvananthapuram, Kerala",landslide,Landslide,Downpour,,0,,articles.timesofindia.indiatimes.com,http://articles.timesofindia.indiatimes.com/2013-11-13/thiruvananthapuram/44028783_1_train-traffic-mangalore-central-parasuram-express-heavy-rain,,Known_within_1_km,Medium,,glc,5637,India,Thiruvananthapuram,0.28523,Kerala,,784153,IN,AS,S98UmTmK7,1,Tue Apr 01 2014 00:00:00 GMT+0000 (UTC),1,8.4863,76.951700000000002,"(8.4863, 76.951700000000002)"
5638,11/13/2013,,India,"Nagercoil, Tamil Nadu",landslide,Landslide,Downpour,,0,,articles.timesofindia.indiatimes.com,http://articles.timesofindia.indiatimes.com/2013-11-13/thiruvananthapuram/44028783_1_train-traffic-mangalore-central-parasuram-express-heavy-rain,,Known_within_10_km,Medium,,glc,5638,India,NƒÅgercoil,1.09983,Tamil Nadu,,213858,IN,AS,sJjsNnBBW,1,Tue Apr 01 2014 00:00:00 GMT+0000 (UTC),1,8.1747,77.444000000000003,"(8.1746999999999996, 77.444000000000003)"
5650,11/17/2013,6:00:00,India,"Tirumala, Andhra Pradesh",landslide,Rockfall,Downpour,,0,,newindianexpress.com,http://newindianexpress.com/states/andhra_pradesh/Landslides-hit-traffic-on-Tirumala-ghat/2013/11/18/article1896764.ece,,Known_within_5_km,Medium,,glc,5650,India,Tirumala,3.43109,Andhra Pradesh,,18013,IN,AS,sJNXykcKU,1,Tue Apr 01 2014 00:00:00 GMT+0000 (UTC),1,13.652900000000001,79.343900000000005,"(13.652900000000001, 79.343900000000005)"
5652,11/20/2013,23:30:00,India,"Kazigadi Near Nashik, Maharashtra",landslide,Landslide,Unknown,,0,,articles.timesofindia.indiatimes.com,http://articles.timesofindia.indiatimes.com/2013-11-23/nashik/44388821_1_housing-scheme-nashik-municipal-corporation-nmc,,Known_within_50_km,Medium,,glc,5652,India,Nashik,0.46372,Maharashtra,Nashik Division,1289497,IN,AS,hJ6cnydKU,1,Tue Apr 01 2014 00:00:00 GMT+0000 (UTC),1,20.0014,73.791700000000006,"(20.0014, 73.791700000000006)"
5660,11/24/2013,night,India,"Kallar, Tamil Nadu",landslide,Rockfall,Downpour,,0,,articles.timesofindia.indiatimes.com,http://articles.timesofindia.indiatimes.com/2013-11-25/coimbatore/44448729_1_railway-track-mountain-train-railway-officials,,Known_within_10_km,Medium,,glc,5660,India,Kotagiri,8.53994,Tamil Nadu,,28848,IN,AS,DJbeFqmK4,1,Tue Apr 01 2014 00:00:00 GMT+0000 (UTC),1,11.343999999999999,76.869100000000003,"(11.343999999999999, 76.869100000000003)"
5683,12/10/2013,10:30:00,India,"Kankumbi, Karnataka",landslide,Landslide,Mining_digging,,0,4,timesofindia.indiatimes.com,http://timesofindia.indiatimes.com/city/goa/One-excavator-removed-from-trench-at-Kankumbi/articleshow/27229937.cms,,Known_within_1_km,Small,,glc,5683,India,Valpoy,21.085999999999999,,,8330,IN,AS,sJ6ElyFQ4,1,Tue Apr 01 2014 00:00:00 GMT+0000 (UTC),1,15.7051,74.219700000000003,"(15.7051, 74.219700000000003)"
5864,02/12/2014,,India,"Siund - Neuli Rd, Neuli Shanshar, Himachal Pradesh 175123",landslide,Landslide,Snowfall_snowmelt,,0,0,The Times Of India India,http://timesofindia.indiatimes.com/india/Melting-snow-triggers-landslides-in-Kullu/articleshow/30256340.cms#http://timesofindia.indiatimes.com/india/Melting-snow-triggers-landslides-in-Kullu/articleshow/30256340.cms,unknown,Known_within_10_km,Large,,glc,5864,India,BanjƒÅr,23.972829999999998,Himachal Pradesh,,1351,IN,AS,h9HqeiUaXauD,1,Sun Aug 24 2014 00:00:00 GMT+0000 (UTC),1,31.8246,77.470200000000006,"(31.8246, 77.470200000000006)"
5897,02/23/2014,evening,India, Ramban district of Jammu and Kashmir,landslide,Landslide,unknown,,2,0,Z News India .com,http://zeenews.india.com/news/jammu-and-kashmir/2-killed-in-landslide-on-jk-highway-in-ramban_913641.html#http://zeenews.india.com/news/jammu-and-kashmir/2-killed-in-landslide-on-jk-highway-in-ramban_913641.html,above road,Known_within_5_km,large,,glc,5897,India,RƒÅmban,0.70593,Kashmir,,7317,IN,AS,hGyXeA4_Veth,1,Sun Aug 24 2014 00:00:00 GMT+0000 (UTC),1,33.235900000000001,75.244,"(33.235900000000001, 75.244)"
5940,03/10/2014,,India,Jammu and Kashmir,landslide,Landslide,Snowfall_snowmelt,,0,0,NDTV,http://www.ndtv.com/article/india/jammu-srinagar-highway-closed-after-snowfall-landslides-493755#http://www.ndtv.com/article/india/jammu-srinagar-highway-closed-after-snowfall-landslides-493755,above road,Known_within_5_km,medium,,glc,5940,India,RƒÅmban,0.70312,Kashmir,,7317,IN,AS,S987aA4aVaZD,1,Sun Aug 24 2014 00:00:00 GMT+0000 (UTC),1,33.235900000000001,75.243899999999996,"(33.235900000000001, 75.243899999999996)"
5943,03/11/2014,,India,Azad Jammu and Kashmir,landslide,Landslide,Continuous_Rain,,0,0,India Today,http://indiatoday.intoday.in/story/srinagar-muzaffarabad-road-laghama-landslide-uri-sector-pok-border-roads-organisation-bro/1/351155.html#http://indiatoday.intoday.in/story/srinagar-muzaffarabad-road-laghama-landslide-uri-sector-pok-border-roads,above road,Known_within_15_km,large,,glc,5943,India,Uri,0.93505,Kashmir,,6755,IN,AS,D9c4aA4wXwPD,1,Sun Aug 24 2014 00:00:00 GMT+0000 (UTC),1,34.082299999999996,74.055999999999997,"(34.082299999999996, 74.055999999999997)"
5964,03/18/2014,,India,"Kupwara, Keran",landslide,Landslide,Downpour,,0,0,Greater Kashmir Srinagar,http://www.greaterkashmir.com/news/2014/Mar/19/incessant-rains-inundate-kashmir-67.asp#http://www.greaterkashmir.com/news/2014/Mar/19/incessant-rains-inundate-kashmir-67.asp,unknown,Known_within_20_km,medium,,glc,5964,Pakistan,Athmuqam,11.89508,Azad Kashmir,,0,PK,AS,D52vwiUaVePh,1,Sun Aug 24 2014 00:00:00 GMT+0000 (UTC),1,34.665100000000002,73.960999999999999,"(34.665100000000002, 73.960999999999999)"
5970,03/20/2014,,India,Ramban,landslide,Landslide,unknown,,0,0,The Times Of India,http://timesofindia.indiatimes.com/india/JK-highway-closed-for-several-hours-due-to-landslides/articleshow/32369230.cms#http://timesofindia.indiatimes.com/india/JK-highway-closed-for-several-hours-due-to-landslides/articleshow/32369230.cms,above road,Known_within_5_km,medium,,glc,5970,India,RƒÅmban,0.79254,Kashmir,,7317,IN,AS,DJD0ei4_V_tD,1,Sun Aug 24 2014 00:00:00 GMT+0000 (UTC),1,33.235500000000002,75.244900000000001,"(33.235500000000002, 75.244900000000001)"
6011,05/04/2014,,India,Adderlie near Coonoor,landslide,Landslide,Rain,,0,0,The Hindu,http://www.thehindu.com/news/national/tamil-nadu/landslide-on-nmr-track/article5975555.ece,Above_road,Known_within_10_km,Small,,glc,6011,India,Wellington,5.21592,Tamil Nadu,,20254,IN,AS,D5xSheCUaV_tS,1,Sun Aug 24 2014 00:00:00 GMT+0000 (UTC),1,11.340299999999999,76.826700000000002,"(11.340299999999999, 76.826700000000002)"
6014,05/07/2014,17:30:00,India,"Raigad District, Maharashtra",landslide,Landslide,Rain,,0,0,The Times of India,http://timesofindia.indiatimes.com/city/navi-mumbai/Landslide-on-Mumbai-Pune-expressway-rains-in-Raigad/articleshow/34790703.cms,Above_road,Known_within_25_km,Small,,glc,6014,India,NƒÅgothana,5.78515,Maharashtra,,10866,IN,AS,SJ7shwCWaxauS,1,Sun Aug 24 2014 00:00:00 GMT+0000 (UTC),1,18.515799999999999,73.182199999999995,"(18.515799999999999, 73.182199999999995)"
6015,05/08/2014,,India,Lohit District of Arunachal Pradesh,landslide,Mudslide,Rain,,0,0,Business Standard,http://www.business-standard.com/article/pti-stories/communication-to-tezu-snapped-due-to-landslide-114051000401_1.html,Above_road,Known_within_1_km,Medium,,glc,6015,India,Tezu,4.5707,Arunachal Pradesh,,14927,IN,AS,D9ADSavU_x_PD,1,Sun Aug 24 2014 00:00:00 GMT+0000 (UTC),1,27.903199999999998,96.174000000000007,"(27.903199999999998, 96.174000000000007)"
6016,05/09/2014,night,India,"Satgarakul Village, Karimganj, Assam State",landslide,Landslide,Rain,,7,0,Sciency Thoughts,http://sciencythoughts.blogspot.com/2014/05/seven-members-of-one-family-killed-by.html,unknown,Known_within_1_km,Small,,glc,6016,India,Karƒ´mganj,0.3326,Assam,,55290,IN,AS,s53hsaiWazatS,1,Sun Aug 24 2014 00:00:00 GMT+0000 (UTC),1,24.866900000000001,92.357600000000005,"(24.866900000000001, 92.357600000000005)"
6036,05/22/2014,morning,India,"Altinho, Goa",landslide,Landslide,Downpour,,0,0,The Times of India,http://timesofindia.indiatimes.com/city/goa/Minor-landslide-rattles-Altinho-neighbourhood/articleshow/35489884.cms,Above_road,Known_within_1_km,Small,,glc,6036,India,Panaji,0.28139,Goa,,65586,IN,AS,hJknDaCUwz_tS,1,Sun Aug 24 2014 00:00:00 GMT+0000 (UTC),1,15.495100000000001,73.828800000000001,"(15.495100000000001, 73.828800000000001)"
6084,06/22/2014,3:00:00,India,"Kadavoor, Kerala",landslide,Landslide,Rain,,0,0,The Times of India,http://timesofindia.indiatimes.com/City/Kozhikode/Houses-damaged-in-landslide-at-Kedavoor/articleshow/37063833.cms,unknown,Known_within_5_km,Medium,,glc,6084,India,Kotamangalam,13.58691,Kerala,,37543,IN,AS,h99KS_i7aXwPD,1,Sun Aug 24 2014 00:00:00 GMT+0000 (UTC),1,9.9983,76.732900000000001,"(9.9983000000000004, 76.732900000000001)"
6105,06/26/2014,night,India,Arunachal Pradesh,landslide,Landslide,Continuous_rain,,0,0,Times of India,http://timesofindia.indiatimes.com/india/Landslides-in-Arunachal-Pradesh-due-to-incessant-rain/articleshow/37379365.cms,Above_road,Unknown,Medium,,test,6105,India,Motuo,43.672280000000001,Arunachal Pradesh,obe,0,IN,AS,sJj0IunAds,1,Sun Aug 24 2014 00:00:00 GMT+0000 (UTC),1,28.920500000000001,95.3429,"(28.920500000000001, 95.3429)"
6106,06/26/2014,night,India,Narakasur,landslide,Landslide,Continuous_rain,,3,0,Two Circles,http://twocircles.net/2014jun27/8_killed_assam_landslides_electrocution.html#.U70ydPldU1L,unknown,Known_within_5_km,Small,,glc,6106,India,Dispur,3.66283,Assam,,2000,IN,AS,sGIYS_C4eVetD,1,Sun Aug 24 2014 00:00:00 GMT+0000 (UTC),1,26.140699999999999,91.764499999999998,"(26.140699999999999, 91.764499999999998)"
6107,06/26/2014,night,India,Bamunimaidam,landslide,Landslide,Continuous_rain,,1,0,Two Circles,http://twocircles.net/2014jun27/8_killed_assam_landslides_electrocution.html#.U70ydPldU1L,unknown,Known_within_5_km,Small,,glc,6107,India,Guwahati,4.37969,Assam,,899094,IN,AS,SGkbh_CUwVePD,1,Sun Aug 24 2014 00:00:00 GMT+0000 (UTC),1,26.1844,91.789599999999993,"(26.1844, 91.789599999999993)"
6110,06/27/2014,,India,"Bhangagarh, Assam",landslide,Landslide,Rain,,3,0,Assam Times,http://www.assamtimes.org/node/11181,unknown,Exact_location,Small,,glc,6110,India,Guwahati,3.44859,Assam,,899094,IN,AS,s9BYs_C7azaZS,1,Sun Aug 24 2014 00:00:00 GMT+0000 (UTC),1,26.161899999999999,91.7697,"(26.161899999999999, 91.7697)"
6112,06/28/2014,morning,India,"Kharghuli Hills, Assam",landslide,Landslide,Rain,,0,0,Assam Times,http://www.assamtimes.org/node/11181,unknown,Exact_location,Medium,,glc,6112,India,Guwahati,2.35032,Assam,,899094,IN,AS,D51ei4exats,1,Sun Aug 24 2014 00:00:00 GMT+0000 (UTC),1,26.196400000000001,91.765199999999993,"(26.196400000000001, 91.765199999999993)"
6143,07/14/2014,evening,India,"Zembabawk, Aizawl",landslide,Landslide,Downpour,,1,2,Business Standard,http://www.business-standard.com/article/pti-stories/rescue-operations-for-woman-swept-away-by-landslide-continue-114071500831_1.html,unknown,Known_within_5_km,Medium,,glc,6143,India,Aizawl,2.92778,Mizoram,,265331,IN,AS,h9d_s_v4eXeZs,1,Sun Aug 24 2014 00:00:00 GMT+0000 (UTC),1,23.732700000000001,92.746300000000005,"(23.732700000000001, 92.746300000000005)"
6146,07/15/2014,,India,"Kalimpong, West Bengal",landslide,Landslide,Rain,,0,0,Business Standard,http://www.business-standard.com/article/news-ians/sikkim-s-nh31-a-lifeline-closed-for-repairs-114071501335_1.html,Above_road,Known_within_1_km,Small,,glc,6146,India,KƒÅlimpang,1.12347,West Bengal,,43000,IN,AS,h9baDeiW_VaZS,1,Sun Aug 24 2014 00:00:00 GMT+0000 (UTC),1,27.059000000000001,88.469399999999993,"(27.059000000000001, 88.469399999999993)"
6162,07/19/2014,5:00:00,India,"Mussoorie, Uttarakhand",landslide,Landslide,Rain,,0,0,The Times of India,http://timesofindia.indiatimes.com/City/Dehradun/Landslide-causes-4-hr-snarl-on-Doon-Mussoorie-road/articleshow/38693367.cms,Above_road,Known_within_10_km,Small,,glc,6162,India,Mussoorie,3.82134,Uttarakhand,,25753,IN,AS,S5bVhev7aVwuD,1,Sun Aug 24 2014 00:00:00 GMT+0000 (UTC),1,30.430499999999999,78.080299999999994,"(30.430499999999999, 78.080299999999994)"
6167,07/20/2014,,India,"Sonprayag, Uttarakhand",landslide,Landslide,Continuous_rain,,3,0,Times of India,http://timesofindia.indiatimes.com/city/dehradun/Three-more-killed-in-landslides-toll-now-5/articleshow/38981735.cms,Above_road,Known_within_1_km,Small,,glc,6167,India,RudraprayƒÅg,38.585720000000002,Uttarakhand,,2571,IN,AS,SGoVh_iU_V_uh,1,Sun Aug 24 2014 00:00:00 GMT+0000 (UTC),1,30.6326,78.9953,"(30.6326, 78.9953)"
6174,07/22/2014,5:30:00,India,"Ramban, Kashmir",landslide,Landslide,Rain,,0,0,Free Press Kashmir,http://freepresskashmir.com/landslide-blocks-kashmir-highway-amarnath-yatra-halted-074022/,Above_road,Known_within_1_km,Small,,glc,6174,India,RƒÅmban,0.19543,Kashmir,,7317,IN,AS,sJ3wA4eV_th,1,Sun Aug 24 2014 00:00:00 GMT+0000 (UTC),1,33.2395,75.240600000000001,"(33.2395, 75.240600000000001)"
6177,07/23/2014,23:30:00,India,"Bazpur, Uttarakhand",landslide,Landslide,Continuous_rain,,2,0,Times of India,http://timesofindia.indiatimes.com/city/dehradun/Three-more-killed-in-landslides-toll-now-5/articleshow/38981735.cms,Above_road,Known_within_1_km,Small,,glc,6177,India,BƒÅzpur,3.93847,Uttarakhand,,23900,IN,AS,SGt2heiW_zeuS,1,Sun Aug 24 2014 00:00:00 GMT+0000 (UTC),1,29.1585,79.1464,"(29.1585, 79.1464)"
6184,07/28/2014,,India,"Pithauragadh, Uttarakhand",landslide,Landslide,Continuous_rain,,7,12,Republica,http://www.myrepublica.com/portal/index.php?action=news_details&news_id=79848,unknown,Known_within_1_km,Medium,,glc,6184,India,PithorƒÅgarh,0.84717,Uttarakhand,,47571,IN,AS,h9r2S_A4eXwPS,1,Sun Aug 24 2014 00:00:00 GMT+0000 (UTC),1,29.582899999999999,80.218199999999996,"(29.582899999999999, 80.218199999999996)"
6186,07/30/2014,morning,India,"Malin, Pune, Maharashtra",landslide,Mudslide,Continuous_rain,,151,0,DNA India,http://www.dnaindia.com/india/report-pune-landslide-toll-mounts-106-bodies-recovered-so-far-2007689,Deforested_slope,Known_within_1km,Large,"http://blogs.agu.org/landslideblog/files/2014/07/14_07-Malin-2-e1406792435386.jpg,http://blogs.agu.org/landslideblog/files/2014/07/14_07-Malin-3-e1406792546967.jpg,http://www.trbimg.com/img-53e15c93/turbine/la-epa-india-landslide-aftermath-jpg-20140805/750/750x422,http://www.punemirror.in/thumb/msid-45221892/c0312.jpg",glc,6186,India,Junnar,20.341609999999999,Maharashtra,,25997,IN,AS,SJlslrrwOh,2,Wed Jan 07 2015 22:03:18 GMT+0000 (UTC),1926307951,19.161999999999999,73.687299999999993,"(19.161999999999999, 73.687299999999993)"
6188,08/02/2014,morning,India,"Thiruvankulam, Kerala",landslide,Landslide,Continuous_rain,,0,0,The Hindu,http://www.thehindu.com/news/national/karnataka/landslide-stops-train-in-its-tracks/article6275591.ece,Above_road,Known_within_50_km,Small,,glc,6188,India,Arukutti,8.84998,Kerala,,17944,IN,AS,DG0rD_A7wV_PS,1,Sun Aug 24 2014 00:00:00 GMT+0000 (UTC),1,9.943099999999999,76.373800000000003,"(9.9430999999999994, 76.373800000000003)"
6189,08/03/2014,morning,India,"Rayagada, Odisha",landslide,Landslide,Continuous_rain,,0,0,Times of India,http://timesofindia.indiatimes.com/city/bhubaneswar/Landslide-derails-traffic-in-Koraput/articleshow/39596467.cms,Above_road,Known_within_25_km,Small,,glc,6189,India,Gunupur,20.3079,State of Odisha,,22264,IN,AS,SG5ohaCW_V_uD,1,Sun Aug 24 2014 00:00:00 GMT+0000 (UTC),1,19.149699999999999,83.629900000000006,"(19.149699999999999, 83.629900000000006)"
